delegation,governorate,property_type,snapshot_date,demand_intensity_score,supply_demand_ratio,median_days_on_market,vacancy_rate_pct,avg_proximity_school_km,avg_proximity_hospital_km,avg_proximity_transport_km,price_change_mom_pct,price_change_yoy_pct,zone_population,transaction_velocity_score,avg_price_per_m2_tnd,median_price_per_m2_tnd
Ariana Ville,Ariana,apartment,2026-01-01,60.0,1.0,45.0,7.0,1.5,3.0,1.0,0.5,-8.0,109693,50.0,2400.0,2400.0
Ariana Ville,Ariana,house,2026-01-01,60.0,1.0,45.0,7.0,1.5,3.0,1.0,0.5,-8.0,109693,50.0,2600.0,2600.0
Ariana Ville,Ariana,commercial,2026-01-01,60.0,1.0,45.0,7.0,1.5,3.0,1.0,0.5,-5.0,109693,50.0,2000.0,2000.0
Ariana Ville,Ariana,land,2026-01-01,60.0,1.0,45.0,7.0,1.5,3.0,1.0,0.5,-8.0,109693,50.0,1400.0,1400.0
Ettadhamen,Ariana,apartment,2026-01-01,60.0,1.0,45.0,7.0,1.5,3.0,1.0,0.5,-10.0,79133,50.0,1750.0,1750.0
Ettadhamen,Ariana,house,2026-01-01,60.0,1.0,45.0,7.0,1.5,3.0,1.0,0.5,-10.0,79133,50.0,1850.0,1850.0
Ettadhamen,Ariana,commercial,2026-01-01,60.0,1.0,45.0,7.0,1.5,3.0,1.0,0.5,-8.0,79133,50.0,1500.0,1500.0
Ettadhamen,Ariana,land,2026-01-01,60.0,1.0,45.0,7.0,1.5,3.0,1.0,0.5,-12.0,79133,50.0,1100.0,1100.0
Kalâat el-Andalous,Ariana,apartment,2026-01-01,60.0,1.0,45.0,7.0,1.5,3.0,1.0,0.5,-5.0,32520,50.0,2800.0,2800.0
Kalâat el-Andalous,Ariana,house,2026-01-01,60.0,1.0,45.0,7.0,1.5,3.0,1.0,0.5,-5.0,32520,50.0,1000.0,1000.0
Kalâat el-Andalous,Ariana,commercial,2026-01-01,60.0,1.0,45.0,7.0,1.5,3.0,1.0,0.5,0.0,32520,50.0,2200.0,2200.0
Kalâat el-Andalous,Ariana,land,2026-01-01,60.0,1.0,45.0,7.0,1.5,3.0,1.0,0.5,2.0,32520,50.0,250.0,250.0
La Soukra,Ariana,apartment,2026-01-01,60.0,1.0,45.0,7.0,1.5,3.0,1.0,0.5,-1.0,159862,50.0,3368.0,3368.0
La Soukra,Ariana,house,2026-01-01,60.0,1.0,45.0,7.0,1.5,3.0,1.0,0.5,-1.0,159862,50.0,3200.0,3200.0
La Soukra,Ariana,commercial,2026-01-01,60.0,1.0,45.0,7.0,1.5,3.0,1.0,0.5,0.0,159862,50.0,2800.0,2800.0
La Soukra,Ariana,land,2026-01-01,60.0,1.0,45.0,7.0,1.5,3.0,1.0,0.5,-1.0,159862,50.0,650.0,650.0
Mnihla,Ariana,apartment,2026-01-01,60.0,1.0,45.0,7.0,1.5,3.0,1.0,0.5,-15.0,116327,50.0,1150.0,1150.0
Mnihla,Ariana,house,2026-01-01,60.0,1.0,45.0,7.0,1.5,3.0,1.0,0.5,-15.0,116327,50.0,1600.0,1600.0
Mnihla,Ariana,commercial,2026-01-01,60.0,1.0,45.0,7.0,1.5,3.0,1.0,0.5,-15.0,116327,50.0,1000.0,1000.0
Mnihla,Ariana,land,2026-01-01,60.0,1.0,45.0,7.0,1.5,3.0,1.0,0.5,-12.0,116327,50.0,450.0,450.0
Raoued,Ariana,apartment,2026-01-01,60.0,1.0,45.0,7.0,1.5,3.0,1.0,0.5,-24.0,141471,50.0,2693.0,2693.0
Raoued,Ariana,house,2026-01-01,60.0,1.0,45.0,7.0,1.5,3.0,1.0,0.5,-24.0,141471,50.0,2600.0,2600.0
Raoued,Ariana,commercial,2026-01-01,60.0,1.0,45.0,7.0,1.5,3.0,1.0,0.5,-20.0,141471,50.0,2450.0,2450.0
Raoued,Ariana,land,2026-01-01,60.0,1.0,45.0,7.0,1.5,3.0,1.0,0.5,-24.0,141471,50.0,405.0,405.0
Sidi Thabet,Ariana,apartment,2026-01-01,60.0,1.0,45.0,7.0,1.5,3.0,1.0,0.5,-8.0,29546,50.0,1700.0,1700.0
Sidi Thabet,Ariana,house,2026-01-01,60.0,1.0,45.0,7.0,1.5,3.0,1.0,0.5,-8.0,29546,50.0,1850.0,1850.0
Sidi Thabet,Ariana,commercial,2026-01-01,60.0,1.0,45.0,7.0,1.5,3.0,1.0,0.5,-5.0,29546,50.0,1300.0,1300.0
Sidi Thabet,Ariana,land,2026-01-01,60.0,1.0,45.0,7.0,1.5,3.0,1.0,0.5,-3.0,29546,50.0,325.0,325.0
Ben Arous,Ben Arous,apartment,2026-01-01,60.0,1.0,45.0,7.0,1.5,3.0,1.0,0.5,0.0,29170,50.0,2299.0,2299.0
Ben Arous,Ben Arous,house,2026-01-01,60.0,1.0,45.0,7.0,1.5,3.0,1.0,0.5,24.0,29170,50.0,2289.0,2289.0
Ben Arous,Ben Arous,commercial,2026-01-01,60.0,1.0,45.0,7.0,1.5,3.0,1.0,0.5,1.0,29170,50.0,2200.0,2200.0
Ben Arous,Ben Arous,land,2026-01-01,60.0,1.0,45.0,7.0,1.5,3.0,1.0,0.5,0.0,29170,50.0,860.0,860.0
Bou Mhel el-Bassatine,Ben Arous,apartment,2026-01-01,60.0,1.0,45.0,7.0,1.5,3.0,1.0,0.5,0.0,50817,50.0,2500.0,2500.0
Bou Mhel el-Bassatine,Ben Arous,house,2026-01-01,60.0,1.0,45.0,7.0,1.5,3.0,1.0,0.5,1.0,50817,50.0,2550.0,2550.0
Bou Mhel el-Bassatine,Ben Arous,commercial,2026-01-01,60.0,1.0,45.0,7.0,1.5,3.0,1.0,0.5,1.0,50817,50.0,2300.0,2300.0
Bou Mhel el-Bassatine,Ben Arous,land,2026-01-01,60.0,1.0,45.0,7.0,1.5,3.0,1.0,0.5,0.0,50817,50.0,550.0,550.0
El Mourouj,Ben Arous,apartment,2026-01-01,60.0,1.0,45.0,7.0,1.5,3.0,1.0,0.5,0.0,121712,50.0,1800.0,1800.0
El Mourouj,Ben Arous,house,2026-01-01,60.0,1.0,45.0,7.0,1.5,3.0,1.0,0.5,1.0,121712,50.0,2000.0,2000.0
El Mourouj,Ben Arous,commercial,2026-01-01,60.0,1.0,45.0,7.0,1.5,3.0,1.0,0.5,0.0,121712,50.0,1800.0,1800.0
El Mourouj,Ben Arous,land,2026-01-01,60.0,1.0,45.0,7.0,1.5,3.0,1.0,0.5,0.0,121712,50.0,1175.0,1175.0
Ezzahra,Ben Arous,apartment,2026-01-01,60.0,1.0,45.0,7.0,1.5,3.0,1.0,0.5,1.0,35241,50.0,2250.0,2250.0
Ezzahra,Ben Arous,house,2026-01-01,60.0,1.0,45.0,7.0,1.5,3.0,1.0,0.5,1.0,35241,50.0,2400.0,2400.0
Ezzahra,Ben Arous,commercial,2026-01-01,60.0,1.0,45.0,7.0,1.5,3.0,1.0,0.5,2.0,35241,50.0,1400.0,1400.0
Ezzahra,Ben Arous,land,2026-01-01,60.0,1.0,45.0,7.0,1.5,3.0,1.0,0.5,1.0,35241,50.0,1000.0,1000.0
Fouchana,Ben Arous,apartment,2026-01-01,60.0,1.0,45.0,7.0,1.5,3.0,1.0,0.5,0.0,100868,50.0,2000.0,2000.0
Fouchana,Ben Arous,house,2026-01-01,60.0,1.0,45.0,7.0,1.5,3.0,1.0,0.5,-1.0,100868,50.0,1900.0,1900.0
Fouchana,Ben Arous,commercial,2026-01-01,60.0,1.0,45.0,7.0,1.5,3.0,1.0,0.5,2.0,100868,50.0,2300.0,2300.0
Fouchana,Ben Arous,land,2026-01-01,60.0,1.0,45.0,7.0,1.5,3.0,1.0,0.5,0.0,100868,50.0,425.0,425.0
Hammam Chott,Ben Arous,apartment,2026-01-01,60.0,1.0,45.0,7.0,1.5,3.0,1.0,0.5,0.0,34341,50.0,2500.0,2500.0
Hammam Chott,Ben Arous,house,2026-01-01,60.0,1.0,45.0,7.0,1.5,3.0,1.0,0.5,0.0,34341,50.0,2200.0,2200.0
Hammam Chott,Ben Arous,commercial,2026-01-01,60.0,1.0,45.0,7.0,1.5,3.0,1.0,0.5,0.0,34341,50.0,2100.0,2100.0
Hammam Chott,Ben Arous,land,2026-01-01,60.0,1.0,45.0,7.0,1.5,3.0,1.0,0.5,0.0,34341,50.0,800.0,800.0
Hammam Lif,Ben Arous,apartment,2026-01-01,60.0,1.0,45.0,7.0,1.5,3.0,1.0,0.5,-1.0,41738,50.0,1700.0,1700.0
Hammam Lif,Ben Arous,house,2026-01-01,60.0,1.0,45.0,7.0,1.5,3.0,1.0,0.5,0.0,41738,50.0,1850.0,1850.0
Hammam Lif,Ben Arous,commercial,2026-01-01,60.0,1.0,45.0,7.0,1.5,3.0,1.0,0.5,0.0,41738,50.0,1600.0,1600.0
Hammam Lif,Ben Arous,land,2026-01-01,60.0,1.0,45.0,7.0,1.5,3.0,1.0,0.5,-2.0,41738,50.0,950.0,950.0
Medina Jedida,Ben Arous,apartment,2026-01-01,60.0,1.0,45.0,7.0,1.5,3.0,1.0,0.5,0.0,60401,50.0,2300.0,2300.0
Medina Jedida,Ben Arous,house,2026-01-01,60.0,1.0,45.0,7.0,1.5,3.0,1.0,0.5,1.0,60401,50.0,2100.0,2100.0
Medina Jedida,Ben Arous,commercial,2026-01-01,60.0,1.0,45.0,7.0,1.5,3.0,1.0,0.5,1.0,60401,50.0,2200.0,2200.0
Medina Jedida,Ben Arous,land,2026-01-01,60.0,1.0,45.0,7.0,1.5,3.0,1.0,0.5,0.0,60401,50.0,750.0,750.0
Mohamedia,Ben Arous,apartment,2026-01-01,60.0,1.0,45.0,7.0,1.5,3.0,1.0,0.5,-2.0,84465,50.0,1700.0,1700.0
Mohamedia,Ben Arous,house,2026-01-01,60.0,1.0,45.0,7.0,1.5,3.0,1.0,0.5,-1.0,84465,50.0,1407.0,1407.0
Mohamedia,Ben Arous,commercial,2026-01-01,60.0,1.0,45.0,7.0,1.5,3.0,1.0,0.5,0.0,84465,50.0,1600.0,1600.0
Mohamedia,Ben Arous,land,2026-01-01,60.0,1.0,45.0,7.0,1.5,3.0,1.0,0.5,-2.0,84465,50.0,150.0,150.0
Mornag,Ben Arous,apartment,2026-01-01,60.0,1.0,45.0,7.0,1.5,3.0,1.0,0.5,0.0,75170,50.0,1500.0,1500.0
Mornag,Ben Arous,house,2026-01-01,60.0,1.0,45.0,7.0,1.5,3.0,1.0,0.5,1.0,75170,50.0,1600.0,1600.0
Mornag,Ben Arous,commercial,2026-01-01,60.0,1.0,45.0,7.0,1.5,3.0,1.0,0.5,0.0,75170,50.0,1600.0,1600.0
Mornag,Ben Arous,land,2026-01-01,60.0,1.0,45.0,7.0,1.5,3.0,1.0,0.5,0.0,75170,50.0,690.0,690.0
Mégrine,Ben Arous,apartment,2026-01-01,60.0,1.0,45.0,7.0,1.5,3.0,1.0,0.5,0.0,25863,50.0,2500.0,2500.0
Mégrine,Ben Arous,house,2026-01-01,60.0,1.0,45.0,7.0,1.5,3.0,1.0,0.5,1.0,25863,50.0,2300.0,2300.0
Mégrine,Ben Arous,commercial,2026-01-01,60.0,1.0,45.0,7.0,1.5,3.0,1.0,0.5,0.0,25863,50.0,2200.0,2200.0
Mégrine,Ben Arous,land,2026-01-01,60.0,1.0,45.0,7.0,1.5,3.0,1.0,0.5,0.0,25863,50.0,1900.0,1900.0
Radès,Ben Arous,apartment,2026-01-01,60.0,1.0,45.0,7.0,1.5,3.0,1.0,0.5,0.0,63042,50.0,2000.0,2000.0
Radès,Ben Arous,house,2026-01-01,60.0,1.0,45.0,7.0,1.5,3.0,1.0,0.5,1.0,63042,50.0,2100.0,2100.0
Radès,Ben Arous,commercial,2026-01-01,60.0,1.0,45.0,7.0,1.5,3.0,1.0,0.5,0.0,63042,50.0,1900.0,1900.0
Radès,Ben Arous,land,2026-01-01,60.0,1.0,45.0,7.0,1.5,3.0,1.0,0.5,0.0,63042,50.0,1200.0,1200.0
Bizerte Nord,Bizerte,apartment,2026-01-01,60.0,1.0,45.0,7.0,1.5,3.0,1.0,0.5,0.0,85205,50.0,1900.0,1900.0
Bizerte Nord,Bizerte,house,2026-01-01,60.0,1.0,45.0,7.0,1.5,3.0,1.0,0.5,0.0,85205,50.0,2400.0,2400.0
Bizerte Nord,Bizerte,commercial,2026-01-01,60.0,1.0,45.0,7.0,1.5,3.0,1.0,0.5,1.0,85205,50.0,2000.0,2000.0
Bizerte Nord,Bizerte,land,2026-01-01,60.0,1.0,45.0,7.0,1.5,3.0,1.0,0.5,1.0,85205,50.0,1150.0,1150.0
Bizerte Sud,Bizerte,apartment,2026-01-01,60.0,1.0,45.0,7.0,1.5,3.0,1.0,0.5,0.0,75669,50.0,1800.0,1800.0
Bizerte Sud,Bizerte,house,2026-01-01,60.0,1.0,45.0,7.0,1.5,3.0,1.0,0.5,0.0,75669,50.0,2000.0,2000.0
Bizerte Sud,Bizerte,commercial,2026-01-01,60.0,1.0,45.0,7.0,1.5,3.0,1.0,0.5,0.0,75669,50.0,1500.0,1500.0
Bizerte Sud,Bizerte,land,2026-01-01,60.0,1.0,45.0,7.0,1.5,3.0,1.0,0.5,0.0,75669,50.0,350.0,350.0
El Alia,Bizerte,apartment,2026-01-01,60.0,1.0,45.0,7.0,1.5,3.0,1.0,0.5,0.0,29322,50.0,1800.0,1800.0
El Alia,Bizerte,house,2026-01-01,60.0,1.0,45.0,7.0,1.5,3.0,1.0,0.5,0.0,29322,50.0,2400.0,2400.0
El Alia,Bizerte,commercial,2026-01-01,60.0,1.0,45.0,7.0,1.5,3.0,1.0,0.5,0.0,29322,50.0,1400.0,1400.0
El Alia,Bizerte,land,2026-01-01,60.0,1.0,45.0,7.0,1.5,3.0,1.0,0.5,0.0,29322,50.0,250.0,250.0
Ghar El Melh,Bizerte,apartment,2026-01-01,60.0,1.0,45.0,7.0,1.5,3.0,1.0,0.5,0.0,22267,50.0,1580.0,1580.0
Ghar El Melh,Bizerte,house,2026-01-01,60.0,1.0,45.0,7.0,1.5,3.0,1.0,0.5,0.0,22267,50.0,2800.0,2800.0
Ghar El Melh,Bizerte,commercial,2026-01-01,60.0,1.0,45.0,7.0,1.5,3.0,1.0,0.5,0.0,22267,50.0,1500.0,1500.0
Ghar El Melh,Bizerte,land,2026-01-01,60.0,1.0,45.0,7.0,1.5,3.0,1.0,0.5,0.0,22267,50.0,450.0,450.0
Ghezala,Bizerte,apartment,2026-01-01,60.0,1.0,45.0,7.0,1.5,3.0,1.0,0.5,0.0,25366,50.0,1800.0,1800.0
Ghezala,Bizerte,house,2026-01-01,60.0,1.0,45.0,7.0,1.5,3.0,1.0,0.5,0.0,25366,50.0,1800.0,1800.0
Ghezala,Bizerte,commercial,2026-01-01,60.0,1.0,45.0,7.0,1.5,3.0,1.0,0.5,0.0,25366,50.0,900.0,900.0
Ghezala,Bizerte,land,2026-01-01,60.0,1.0,45.0,7.0,1.5,3.0,1.0,0.5,0.0,25366,50.0,150.0,150.0
Joumine,Bizerte,apartment,2026-01-01,60.0,1.0,45.0,7.0,1.5,3.0,1.0,0.5,0.0,27896,50.0,1800.0,1800.0
Joumine,Bizerte,house,2026-01-01,60.0,1.0,45.0,7.0,1.5,3.0,1.0,0.5,0.0,27896,50.0,1800.0,1800.0
Joumine,Bizerte,commercial,2026-01-01,60.0,1.0,45.0,7.0,1.5,3.0,1.0,0.5,0.0,27896,50.0,1000.0,1000.0
Joumine,Bizerte,land,2026-01-01,60.0,1.0,45.0,7.0,1.5,3.0,1.0,0.5,0.0,27896,50.0,150.0,150.0
Mateur,Bizerte,apartment,2026-01-01,60.0,1.0,45.0,7.0,1.5,3.0,1.0,0.5,0.0,49316,50.0,2343.0,2343.0
Mateur,Bizerte,house,2026-01-01,60.0,1.0,45.0,7.0,1.5,3.0,1.0,0.5,0.0,49316,50.0,1683.0,1683.0
Mateur,Bizerte,commercial,2026-01-01,60.0,1.0,45.0,7.0,1.5,3.0,1.0,0.5,0.0,49316,50.0,1500.0,1500.0
Mateur,Bizerte,land,2026-01-01,60.0,1.0,45.0,7.0,1.5,3.0,1.0,0.5,-1.0,49316,50.0,130.0,130.0
Menzel Bourguiba,Bizerte,apartment,2026-01-01,60.0,1.0,45.0,7.0,1.5,3.0,1.0,0.5,0.0,60356,50.0,1800.0,1800.0
Menzel Bourguiba,Bizerte,house,2026-01-01,60.0,1.0,45.0,7.0,1.5,3.0,1.0,0.5,0.0,60356,50.0,1696.0,1696.0
Menzel Bourguiba,Bizerte,commercial,2026-01-01,60.0,1.0,45.0,7.0,1.5,3.0,1.0,0.5,1.0,60356,50.0,1500.0,1500.0
Menzel Bourguiba,Bizerte,land,2026-01-01,60.0,1.0,45.0,7.0,1.5,3.0,1.0,0.5,0.0,60356,50.0,350.0,350.0
Menzel Jemil,Bizerte,apartment,2026-01-01,60.0,1.0,45.0,7.0,1.5,3.0,1.0,0.5,0.0,57010,50.0,1500.0,1500.0
Menzel Jemil,Bizerte,house,2026-01-01,60.0,1.0,45.0,7.0,1.5,3.0,1.0,0.5,0.0,57010,50.0,1696.0,1696.0
Menzel Jemil,Bizerte,commercial,2026-01-01,60.0,1.0,45.0,7.0,1.5,3.0,1.0,0.5,0.0,57010,50.0,1300.0,1300.0
Menzel Jemil,Bizerte,land,2026-01-01,60.0,1.0,45.0,7.0,1.5,3.0,1.0,0.5,0.0,57010,50.0,450.0,450.0
Ras Jebel,Bizerte,apartment,2026-01-01,60.0,1.0,45.0,7.0,1.5,3.0,1.0,0.5,0.0,63931,50.0,1700.0,1700.0
Ras Jebel,Bizerte,house,2026-01-01,60.0,1.0,45.0,7.0,1.5,3.0,1.0,0.5,0.0,63931,50.0,2000.0,2000.0
Ras Jebel,Bizerte,commercial,2026-01-01,60.0,1.0,45.0,7.0,1.5,3.0,1.0,0.5,0.0,63931,50.0,1300.0,1300.0
Ras Jebel,Bizerte,land,2026-01-01,60.0,1.0,45.0,7.0,1.5,3.0,1.0,0.5,0.0,63931,50.0,700.0,700.0
Sejnane,Bizerte,apartment,2026-01-01,60.0,1.0,45.0,7.0,1.5,3.0,1.0,0.5,0.0,41119,50.0,1800.0,1800.0
Sejnane,Bizerte,house,2026-01-01,60.0,1.0,45.0,7.0,1.5,3.0,1.0,0.5,0.0,41119,50.0,1800.0,1800.0
Sejnane,Bizerte,commercial,2026-01-01,60.0,1.0,45.0,7.0,1.5,3.0,1.0,0.5,0.0,41119,50.0,1000.0,1000.0
Sejnane,Bizerte,land,2026-01-01,60.0,1.0,45.0,7.0,1.5,3.0,1.0,0.5,0.0,41119,50.0,140.0,140.0
Tinja,Bizerte,apartment,2026-01-01,60.0,1.0,45.0,7.0,1.5,3.0,1.0,0.5,0.0,21995,50.0,1800.0,1800.0
Tinja,Bizerte,house,2026-01-01,60.0,1.0,45.0,7.0,1.5,3.0,1.0,0.5,0.0,21995,50.0,2200.0,2200.0
Tinja,Bizerte,commercial,2026-01-01,60.0,1.0,45.0,7.0,1.5,3.0,1.0,0.5,0.0,21995,50.0,1400.0,1400.0
Tinja,Bizerte,land,2026-01-01,60.0,1.0,45.0,7.0,1.5,3.0,1.0,0.5,0.0,21995,50.0,500.0,500.0
Utique,Bizerte,apartment,2026-01-01,60.0,1.0,45.0,7.0,1.5,3.0,1.0,0.5,0.0,22777,50.0,1800.0,1800.0
Utique,Bizerte,house,2026-01-01,60.0,1.0,45.0,7.0,1.5,3.0,1.0,0.5,0.0,22777,50.0,1800.0,1800.0
Utique,Bizerte,commercial,2026-01-01,60.0,1.0,45.0,7.0,1.5,3.0,1.0,0.5,0.0,22777,50.0,900.0,900.0
Utique,Bizerte,land,2026-01-01,60.0,1.0,45.0,7.0,1.5,3.0,1.0,0.5,0.0,22777,50.0,220.0,220.0
Zarzouna,Bizerte,apartment,2026-01-01,60.0,1.0,45.0,7.0,1.5,3.0,1.0,0.5,0.0,25159,50.0,2500.0,2500.0
Zarzouna,Bizerte,house,2026-01-01,60.0,1.0,45.0,7.0,1.5,3.0,1.0,0.5,0.0,25159,50.0,2094.0,2094.0
Zarzouna,Bizerte,commercial,2026-01-01,60.0,1.0,45.0,7.0,1.5,3.0,1.0,0.5,1.0,25159,50.0,2200.0,2200.0
Zarzouna,Bizerte,land,2026-01-01,60.0,1.0,45.0,7.0,1.5,3.0,1.0,0.5,0.0,25159,50.0,700.0,700.0
Amdoun,Béja,apartment,2026-01-01,60.0,1.0,45.0,7.0,1.5,3.0,1.0,0.5,0.0,21403,50.0,800.0,800.0
Amdoun,Béja,house,2026-01-01,60.0,1.0,45.0,7.0,1.5,3.0,1.0,0.5,-1.0,21403,50.0,900.0,900.0
Amdoun,Béja,commercial,2026-01-01,60.0,1.0,45.0,7.0,1.5,3.0,1.0,0.5,0.0,21403,50.0,650.0,650.0
Amdoun,Béja,land,2026-01-01,60.0,1.0,45.0,7.0,1.5,3.0,1.0,0.5,0.0,21403,50.0,250.0,250.0
Béja Nord,Béja,apartment,2026-01-01,60.0,1.0,45.0,7.0,1.5,3.0,1.0,0.5,0.0,74642,50.0,800.0,800.0
Béja Nord,Béja,house,2026-01-01,60.0,1.0,45.0,7.0,1.5,3.0,1.0,0.5,0.0,74642,50.0,1120.0,1120.0
Béja Nord,Béja,commercial,2026-01-01,60.0,1.0,45.0,7.0,1.5,3.0,1.0,0.5,1.0,74642,50.0,700.0,700.0
Béja Nord,Béja,land,2026-01-01,60.0,1.0,45.0,7.0,1.5,3.0,1.0,0.5,0.0,74642,50.0,270.0,270.0
Béja Sud,Béja,apartment,2026-01-01,60.0,1.0,45.0,7.0,1.5,3.0,1.0,0.5,0.0,38700,50.0,800.0,800.0
Béja Sud,Béja,house,2026-01-01,60.0,1.0,45.0,7.0,1.5,3.0,1.0,0.5,-1.0,38700,50.0,900.0,900.0
Béja Sud,Béja,commercial,2026-01-01,60.0,1.0,45.0,7.0,1.5,3.0,1.0,0.5,0.0,38700,50.0,650.0,650.0
Béja Sud,Béja,land,2026-01-01,60.0,1.0,45.0,7.0,1.5,3.0,1.0,0.5,0.0,38700,50.0,375.0,375.0
Goubellat,Béja,apartment,2026-01-01,60.0,1.0,45.0,7.0,1.5,3.0,1.0,0.5,0.0,16767,50.0,800.0,800.0
Goubellat,Béja,house,2026-01-01,60.0,1.0,45.0,7.0,1.5,3.0,1.0,0.5,-1.0,16767,50.0,900.0,900.0
Goubellat,Béja,commercial,2026-01-01,60.0,1.0,45.0,7.0,1.5,3.0,1.0,0.5,0.0,16767,50.0,650.0,650.0
Goubellat,Béja,land,2026-01-01,60.0,1.0,45.0,7.0,1.5,3.0,1.0,0.5,-1.0,16767,50.0,100.0,100.0
Medjez el-Bab,Béja,apartment,2026-01-01,60.0,1.0,45.0,7.0,1.5,3.0,1.0,0.5,0.0,44879,50.0,800.0,800.0
Medjez el-Bab,Béja,house,2026-01-01,60.0,1.0,45.0,7.0,1.5,3.0,1.0,0.5,0.0,44879,50.0,700.0,700.0
Medjez el-Bab,Béja,commercial,2026-01-01,60.0,1.0,45.0,7.0,1.5,3.0,1.0,0.5,0.0,44879,50.0,500.0,500.0
Medjez el-Bab,Béja,land,2026-01-01,60.0,1.0,45.0,7.0,1.5,3.0,1.0,0.5,-2.0,44879,50.0,150.0,150.0
Nefza,Béja,apartment,2026-01-01,60.0,1.0,45.0,7.0,1.5,3.0,1.0,0.5,0.0,47573,50.0,800.0,800.0
Nefza,Béja,house,2026-01-01,60.0,1.0,45.0,7.0,1.5,3.0,1.0,0.5,-1.0,47573,50.0,900.0,900.0
Nefza,Béja,commercial,2026-01-01,60.0,1.0,45.0,7.0,1.5,3.0,1.0,0.5,0.0,47573,50.0,650.0,650.0
Nefza,Béja,land,2026-01-01,60.0,1.0,45.0,7.0,1.5,3.0,1.0,0.5,0.0,47573,50.0,400.0,400.0
Testour,Béja,apartment,2026-01-01,60.0,1.0,45.0,7.0,1.5,3.0,1.0,0.5,0.0,35501,50.0,800.0,800.0
Testour,Béja,house,2026-01-01,60.0,1.0,45.0,7.0,1.5,3.0,1.0,0.5,-1.0,35501,50.0,900.0,900.0
Testour,Béja,commercial,2026-01-01,60.0,1.0,45.0,7.0,1.5,3.0,1.0,0.5,0.0,35501,50.0,650.0,650.0
Testour,Béja,land,2026-01-01,60.0,1.0,45.0,7.0,1.5,3.0,1.0,0.5,-2.0,35501,50.0,75.0,75.0
Thibar,Béja,apartment,2026-01-01,60.0,1.0,45.0,7.0,1.5,3.0,1.0,0.5,0.0,10538,50.0,800.0,800.0
Thibar,Béja,house,2026-01-01,60.0,1.0,45.0,7.0,1.5,3.0,1.0,0.5,-1.0,10538,50.0,900.0,900.0
Thibar,Béja,commercial,2026-01-01,60.0,1.0,45.0,7.0,1.5,3.0,1.0,0.5,0.0,10538,50.0,650.0,650.0
Thibar,Béja,land,2026-01-01,60.0,1.0,45.0,7.0,1.5,3.0,1.0,0.5,0.0,10538,50.0,250.0,250.0
Téboursouk,Béja,apartment,2026-01-01,60.0,1.0,45.0,7.0,1.5,3.0,1.0,0.5,0.0,21414,50.0,800.0,800.0
Téboursouk,Béja,house,2026-01-01,60.0,1.0,45.0,7.0,1.5,3.0,1.0,0.5,-1.0,21414,50.0,900.0,900.0
Téboursouk,Béja,commercial,2026-01-01,60.0,1.0,45.0,7.0,1.5,3.0,1.0,0.5,0.0,21414,50.0,650.0,650.0
Téboursouk,Béja,land,2026-01-01,60.0,1.0,45.0,7.0,1.5,3.0,1.0,0.5,-2.0,21414,50.0,120.0,120.0
El Hamma,Gabès,apartment,2026-01-01,60.0,1.0,45.0,7.0,1.5,3.0,1.0,0.5,0.0,57856,50.0,1100.0,1100.0
El Hamma,Gabès,house,2026-01-01,60.0,1.0,45.0,7.0,1.5,3.0,1.0,0.5,0.0,57856,50.0,1200.0,1200.0
El Hamma,Gabès,commercial,2026-01-01,60.0,1.0,45.0,7.0,1.5,3.0,1.0,0.5,0.0,57856,50.0,900.0,900.0
El Hamma,Gabès,land,2026-01-01,60.0,1.0,45.0,7.0,1.5,3.0,1.0,0.5,0.0,57856,50.0,100.0,100.0
El Hamma Ouest,Gabès,apartment,2026-01-01,60.0,1.0,45.0,7.0,1.5,3.0,1.0,0.5,0.0,21352,50.0,900.0,900.0
El Hamma Ouest,Gabès,house,2026-01-01,60.0,1.0,45.0,7.0,1.5,3.0,1.0,0.5,0.0,21352,50.0,850.0,850.0
El Hamma Ouest,Gabès,commercial,2026-01-01,60.0,1.0,45.0,7.0,1.5,3.0,1.0,0.5,0.0,21352,50.0,700.0,700.0
El Hamma Ouest,Gabès,land,2026-01-01,60.0,1.0,45.0,7.0,1.5,3.0,1.0,0.5,0.0,21352,50.0,120.0,120.0
Gabès Médina,Gabès,apartment,2026-01-01,60.0,1.0,45.0,7.0,1.5,3.0,1.0,0.5,0.0,46380,50.0,1100.0,1100.0
Gabès Médina,Gabès,house,2026-01-01,60.0,1.0,45.0,7.0,1.5,3.0,1.0,0.5,0.0,46380,50.0,1000.0,1000.0
Gabès Médina,Gabès,commercial,2026-01-01,60.0,1.0,45.0,7.0,1.5,3.0,1.0,0.5,0.0,46380,50.0,900.0,900.0
Gabès Médina,Gabès,land,2026-01-01,60.0,1.0,45.0,7.0,1.5,3.0,1.0,0.5,0.0,46380,50.0,300.0,300.0
Gabès Ouest,Gabès,apartment,2026-01-01,60.0,1.0,45.0,7.0,1.5,3.0,1.0,0.5,0.0,37420,50.0,1100.0,1100.0
Gabès Ouest,Gabès,house,2026-01-01,60.0,1.0,45.0,7.0,1.5,3.0,1.0,0.5,0.0,37420,50.0,1000.0,1000.0
Gabès Ouest,Gabès,commercial,2026-01-01,60.0,1.0,45.0,7.0,1.5,3.0,1.0,0.5,0.0,37420,50.0,1100.0,1100.0
Gabès Ouest,Gabès,land,2026-01-01,60.0,1.0,45.0,7.0,1.5,3.0,1.0,0.5,0.0,37420,50.0,300.0,300.0
Gabès Sud,Gabès,apartment,2026-01-01,60.0,1.0,45.0,7.0,1.5,3.0,1.0,0.5,0.0,83013,50.0,1100.0,1100.0
Gabès Sud,Gabès,house,2026-01-01,60.0,1.0,45.0,7.0,1.5,3.0,1.0,0.5,0.0,83013,50.0,1444.0,1444.0
Gabès Sud,Gabès,commercial,2026-01-01,60.0,1.0,45.0,7.0,1.5,3.0,1.0,0.5,0.0,83013,50.0,1200.0,1200.0
Gabès Sud,Gabès,land,2026-01-01,60.0,1.0,45.0,7.0,1.5,3.0,1.0,0.5,0.0,83013,50.0,410.0,410.0
Ghannouch,Gabès,apartment,2026-01-01,60.0,1.0,45.0,7.0,1.5,3.0,1.0,0.5,0.0,35329,50.0,1100.0,1100.0
Ghannouch,Gabès,house,2026-01-01,60.0,1.0,45.0,7.0,1.5,3.0,1.0,0.5,0.0,35329,50.0,1100.0,1100.0
Ghannouch,Gabès,commercial,2026-01-01,60.0,1.0,45.0,7.0,1.5,3.0,1.0,0.5,0.0,35329,50.0,900.0,900.0
Ghannouch,Gabès,land,2026-01-01,60.0,1.0,45.0,7.0,1.5,3.0,1.0,0.5,0.0,35329,50.0,150.0,150.0
Mareth-Dkhila,Gabès,apartment,2026-01-01,60.0,1.0,45.0,7.0,1.5,3.0,1.0,0.5,0.0,57358,50.0,900.0,900.0
Mareth-Dkhila,Gabès,house,2026-01-01,60.0,1.0,45.0,7.0,1.5,3.0,1.0,0.5,0.0,57358,50.0,1100.0,1100.0
Mareth-Dkhila,Gabès,commercial,2026-01-01,60.0,1.0,45.0,7.0,1.5,3.0,1.0,0.5,0.0,57358,50.0,700.0,700.0
Mareth-Dkhila,Gabès,land,2026-01-01,60.0,1.0,45.0,7.0,1.5,3.0,1.0,0.5,0.0,57358,50.0,130.0,130.0
Matmata,Gabès,apartment,2026-01-01,60.0,1.0,45.0,7.0,1.5,3.0,1.0,0.5,0.0,3926,50.0,1100.0,1100.0
Matmata,Gabès,house,2026-01-01,60.0,1.0,45.0,7.0,1.5,3.0,1.0,0.5,0.0,3926,50.0,1000.0,1000.0
Matmata,Gabès,commercial,2026-01-01,60.0,1.0,45.0,7.0,1.5,3.0,1.0,0.5,0.0,3926,50.0,700.0,700.0
Matmata,Gabès,land,2026-01-01,60.0,1.0,45.0,7.0,1.5,3.0,1.0,0.5,0.0,3926,50.0,50.0,50.0
Menzel El Habib,Gabès,apartment,2026-01-01,60.0,1.0,45.0,7.0,1.5,3.0,1.0,0.5,0.0,10200,50.0,1100.0,1100.0
Menzel El Habib,Gabès,house,2026-01-01,60.0,1.0,45.0,7.0,1.5,3.0,1.0,0.5,0.0,10200,50.0,1100.0,1100.0
Menzel El Habib,Gabès,commercial,2026-01-01,60.0,1.0,45.0,7.0,1.5,3.0,1.0,0.5,0.0,10200,50.0,700.0,700.0
Menzel El Habib,Gabès,land,2026-01-01,60.0,1.0,45.0,7.0,1.5,3.0,1.0,0.5,0.0,10200,50.0,120.0,120.0
Métouia,Gabès,apartment,2026-01-01,60.0,1.0,45.0,7.0,1.5,3.0,1.0,0.5,0.0,13613,50.0,900.0,900.0
Métouia,Gabès,house,2026-01-01,60.0,1.0,45.0,7.0,1.5,3.0,1.0,0.5,0.0,13613,50.0,1100.0,1100.0
Métouia,Gabès,commercial,2026-01-01,60.0,1.0,45.0,7.0,1.5,3.0,1.0,0.5,0.0,13613,50.0,800.0,800.0
Métouia,Gabès,land,2026-01-01,60.0,1.0,45.0,7.0,1.5,3.0,1.0,0.5,0.0,13613,50.0,140.0,140.0
Nouvelle Matmata,Gabès,apartment,2026-01-01,60.0,1.0,45.0,7.0,1.5,3.0,1.0,0.5,0.0,16779,50.0,1100.0,1100.0
Nouvelle Matmata,Gabès,house,2026-01-01,60.0,1.0,45.0,7.0,1.5,3.0,1.0,0.5,0.0,16779,50.0,1000.0,1000.0
Nouvelle Matmata,Gabès,commercial,2026-01-01,60.0,1.0,45.0,7.0,1.5,3.0,1.0,0.5,0.0,16779,50.0,700.0,700.0
Nouvelle Matmata,Gabès,land,2026-01-01,60.0,1.0,45.0,7.0,1.5,3.0,1.0,0.5,0.0,16779,50.0,120.0,120.0
Oudhref,Gabès,apartment,2026-01-01,60.0,1.0,45.0,7.0,1.5,3.0,1.0,0.5,0.0,17931,50.0,900.0,900.0
Oudhref,Gabès,house,2026-01-01,60.0,1.0,45.0,7.0,1.5,3.0,1.0,0.5,0.0,17931,50.0,1000.0,1000.0
Oudhref,Gabès,commercial,2026-01-01,60.0,1.0,45.0,7.0,1.5,3.0,1.0,0.5,0.0,17931,50.0,700.0,700.0
Oudhref,Gabès,land,2026-01-01,60.0,1.0,45.0,7.0,1.5,3.0,1.0,0.5,0.0,17931,50.0,120.0,120.0
Toujane,Gabès,apartment,2026-01-01,60.0,1.0,45.0,7.0,1.5,3.0,1.0,0.5,0.0,9690,50.0,800.0,800.0
Toujane,Gabès,house,2026-01-01,60.0,1.0,45.0,7.0,1.5,3.0,1.0,0.5,0.0,9690,50.0,700.0,700.0
Toujane,Gabès,commercial,2026-01-01,60.0,1.0,45.0,7.0,1.5,3.0,1.0,0.5,0.0,9690,50.0,400.0,400.0
Toujane,Gabès,land,2026-01-01,60.0,1.0,45.0,7.0,1.5,3.0,1.0,0.5,0.0,9690,50.0,50.0,50.0
Belkhir,Gafsa,apartment,2026-01-01,60.0,1.0,45.0,7.0,1.5,3.0,1.0,0.5,0.0,15923,50.0,800.0,800.0
Belkhir,Gafsa,house,2026-01-01,60.0,1.0,45.0,7.0,1.5,3.0,1.0,0.5,0.0,15923,50.0,700.0,700.0
Belkhir,Gafsa,commercial,2026-01-01,60.0,1.0,45.0,7.0,1.5,3.0,1.0,0.5,0.0,15923,50.0,700.0,700.0
Belkhir,Gafsa,land,2026-01-01,60.0,1.0,45.0,7.0,1.5,3.0,1.0,0.5,0.0,15923,50.0,600.0,600.0
El Guettar,Gafsa,apartment,2026-01-01,60.0,1.0,45.0,7.0,1.5,3.0,1.0,0.5,0.0,20784,50.0,800.0,800.0
El Guettar,Gafsa,house,2026-01-01,60.0,1.0,45.0,7.0,1.5,3.0,1.0,0.5,0.0,20784,50.0,700.0,700.0
El Guettar,Gafsa,commercial,2026-01-01,60.0,1.0,45.0,7.0,1.5,3.0,1.0,0.5,0.0,20784,50.0,700.0,700.0
El Guettar,Gafsa,land,2026-01-01,60.0,1.0,45.0,7.0,1.5,3.0,1.0,0.5,0.0,20784,50.0,150.0,150.0
El Ksar,Gafsa,apartment,2026-01-01,60.0,1.0,45.0,7.0,1.5,3.0,1.0,0.5,0.0,39931,50.0,800.0,800.0
El Ksar,Gafsa,house,2026-01-01,60.0,1.0,45.0,7.0,1.5,3.0,1.0,0.5,0.0,39931,50.0,700.0,700.0
El Ksar,Gafsa,commercial,2026-01-01,60.0,1.0,45.0,7.0,1.5,3.0,1.0,0.5,0.0,39931,50.0,650.0,650.0
El Ksar,Gafsa,land,2026-01-01,60.0,1.0,45.0,7.0,1.5,3.0,1.0,0.5,0.0,39931,50.0,600.0,600.0
Gafsa Nord,Gafsa,apartment,2026-01-01,60.0,1.0,45.0,7.0,1.5,3.0,1.0,0.5,0.0,11657,50.0,800.0,800.0
Gafsa Nord,Gafsa,house,2026-01-01,60.0,1.0,45.0,7.0,1.5,3.0,1.0,0.5,0.0,11657,50.0,900.0,900.0
Gafsa Nord,Gafsa,commercial,2026-01-01,60.0,1.0,45.0,7.0,1.5,3.0,1.0,0.5,0.0,11657,50.0,1100.0,1100.0
Gafsa Nord,Gafsa,land,2026-01-01,60.0,1.0,45.0,7.0,1.5,3.0,1.0,0.5,0.0,11657,50.0,400.0,400.0
Gafsa Sud,Gafsa,apartment,2026-01-01,60.0,1.0,45.0,7.0,1.5,3.0,1.0,0.5,0.0,118274,50.0,800.0,800.0
Gafsa Sud,Gafsa,house,2026-01-01,60.0,1.0,45.0,7.0,1.5,3.0,1.0,0.5,0.0,118274,50.0,1650.0,1650.0
Gafsa Sud,Gafsa,commercial,2026-01-01,60.0,1.0,45.0,7.0,1.5,3.0,1.0,0.5,0.0,118274,50.0,1000.0,1000.0
Gafsa Sud,Gafsa,land,2026-01-01,60.0,1.0,45.0,7.0,1.5,3.0,1.0,0.5,0.0,118274,50.0,800.0,800.0
Mdhilla,Gafsa,apartment,2026-01-01,60.0,1.0,45.0,7.0,1.5,3.0,1.0,0.5,0.0,16883,50.0,1100.0,1100.0
Mdhilla,Gafsa,house,2026-01-01,60.0,1.0,45.0,7.0,1.5,3.0,1.0,0.5,0.0,16883,50.0,900.0,900.0
Mdhilla,Gafsa,commercial,2026-01-01,60.0,1.0,45.0,7.0,1.5,3.0,1.0,0.5,0.0,16883,50.0,1200.0,1200.0
Mdhilla,Gafsa,land,2026-01-01,60.0,1.0,45.0,7.0,1.5,3.0,1.0,0.5,0.0,16883,50.0,400.0,400.0
Moularès,Gafsa,apartment,2026-01-01,60.0,1.0,45.0,7.0,1.5,3.0,1.0,0.5,0.0,31767,50.0,800.0,800.0
Moularès,Gafsa,house,2026-01-01,60.0,1.0,45.0,7.0,1.5,3.0,1.0,0.5,0.0,31767,50.0,700.0,700.0
Moularès,Gafsa,commercial,2026-01-01,60.0,1.0,45.0,7.0,1.5,3.0,1.0,0.5,0.0,31767,50.0,700.0,700.0
Moularès,Gafsa,land,2026-01-01,60.0,1.0,45.0,7.0,1.5,3.0,1.0,0.5,0.0,31767,50.0,400.0,400.0
Métlaoui,Gafsa,apartment,2026-01-01,60.0,1.0,45.0,7.0,1.5,3.0,1.0,0.5,0.0,44547,50.0,750.0,750.0
Métlaoui,Gafsa,house,2026-01-01,60.0,1.0,45.0,7.0,1.5,3.0,1.0,0.5,0.0,44547,50.0,550.0,550.0
Métlaoui,Gafsa,commercial,2026-01-01,60.0,1.0,45.0,7.0,1.5,3.0,1.0,0.5,0.0,44547,50.0,700.0,700.0
Métlaoui,Gafsa,land,2026-01-01,60.0,1.0,45.0,7.0,1.5,3.0,1.0,0.5,0.0,44547,50.0,300.0,300.0
Redeyef,Gafsa,apartment,2026-01-01,60.0,1.0,45.0,7.0,1.5,3.0,1.0,0.5,1.0,31421,50.0,900.0,900.0
Redeyef,Gafsa,house,2026-01-01,60.0,1.0,45.0,7.0,1.5,3.0,1.0,0.5,1.0,31421,50.0,750.0,750.0
Redeyef,Gafsa,commercial,2026-01-01,60.0,1.0,45.0,7.0,1.5,3.0,1.0,0.5,1.0,31421,50.0,3500.0,3500.0
Redeyef,Gafsa,land,2026-01-01,60.0,1.0,45.0,7.0,1.5,3.0,1.0,0.5,1.0,31421,50.0,500.0,500.0
Sened,Gafsa,apartment,2026-01-01,60.0,1.0,45.0,7.0,1.5,3.0,1.0,0.5,0.0,23633,50.0,650.0,650.0
Sened,Gafsa,house,2026-01-01,60.0,1.0,45.0,7.0,1.5,3.0,1.0,0.5,0.0,23633,50.0,362.0,362.0
Sened,Gafsa,commercial,2026-01-01,60.0,1.0,45.0,7.0,1.5,3.0,1.0,0.5,0.0,23633,50.0,600.0,600.0
Sened,Gafsa,land,2026-01-01,60.0,1.0,45.0,7.0,1.5,3.0,1.0,0.5,0.0,23633,50.0,200.0,200.0
Sidi Aïch,Gafsa,apartment,2026-01-01,60.0,1.0,45.0,7.0,1.5,3.0,1.0,0.5,0.0,12029,50.0,800.0,800.0
Sidi Aïch,Gafsa,house,2026-01-01,60.0,1.0,45.0,7.0,1.5,3.0,1.0,0.5,0.0,12029,50.0,700.0,700.0
Sidi Aïch,Gafsa,commercial,2026-01-01,60.0,1.0,45.0,7.0,1.5,3.0,1.0,0.5,0.0,12029,50.0,600.0,600.0
Sidi Aïch,Gafsa,land,2026-01-01,60.0,1.0,45.0,7.0,1.5,3.0,1.0,0.5,0.0,12029,50.0,100.0,100.0
Sidi Boubaker,Gafsa,apartment,2026-01-01,60.0,1.0,45.0,7.0,1.5,3.0,1.0,0.5,0.0,5402,50.0,900.0,900.0
Sidi Boubaker,Gafsa,house,2026-01-01,60.0,1.0,45.0,7.0,1.5,3.0,1.0,0.5,0.0,5402,50.0,1200.0,1200.0
Sidi Boubaker,Gafsa,commercial,2026-01-01,60.0,1.0,45.0,7.0,1.5,3.0,1.0,0.5,0.0,5402,50.0,800.0,800.0
Sidi Boubaker,Gafsa,land,2026-01-01,60.0,1.0,45.0,7.0,1.5,3.0,1.0,0.5,0.0,5402,50.0,100.0,100.0
Zannouch,Gafsa,apartment,2026-01-01,60.0,1.0,45.0,7.0,1.5,3.0,1.0,0.5,0.0,16525,50.0,800.0,800.0
Zannouch,Gafsa,house,2026-01-01,60.0,1.0,45.0,7.0,1.5,3.0,1.0,0.5,0.0,16525,50.0,700.0,700.0
Zannouch,Gafsa,commercial,2026-01-01,60.0,1.0,45.0,7.0,1.5,3.0,1.0,0.5,0.0,16525,50.0,600.0,600.0
Zannouch,Gafsa,land,2026-01-01,60.0,1.0,45.0,7.0,1.5,3.0,1.0,0.5,0.0,16525,50.0,150.0,150.0
Aïn Draham,Jendouba,apartment,2026-01-01,60.0,1.0,45.0,7.0,1.5,3.0,1.0,0.5,0.0,32306,50.0,800.0,800.0
Aïn Draham,Jendouba,house,2026-01-01,60.0,1.0,45.0,7.0,1.5,3.0,1.0,0.5,0.0,32306,50.0,1200.0,1200.0
Aïn Draham,Jendouba,commercial,2026-01-01,60.0,1.0,45.0,7.0,1.5,3.0,1.0,0.5,0.0,32306,50.0,750.0,750.0
Aïn Draham,Jendouba,land,2026-01-01,60.0,1.0,45.0,7.0,1.5,3.0,1.0,0.5,0.0,32306,50.0,200.0,200.0
Balta-Bou Aouane,Jendouba,apartment,2026-01-01,60.0,1.0,45.0,7.0,1.5,3.0,1.0,0.5,0.0,36465,50.0,800.0,800.0
Balta-Bou Aouane,Jendouba,house,2026-01-01,60.0,1.0,45.0,7.0,1.5,3.0,1.0,0.5,0.0,36465,50.0,1000.0,1000.0
Balta-Bou Aouane,Jendouba,commercial,2026-01-01,60.0,1.0,45.0,7.0,1.5,3.0,1.0,0.5,0.0,36465,50.0,700.0,700.0
Balta-Bou Aouane,Jendouba,land,2026-01-01,60.0,1.0,45.0,7.0,1.5,3.0,1.0,0.5,0.0,36465,50.0,300.0,300.0
Bou Salem,Jendouba,apartment,2026-01-01,60.0,1.0,45.0,7.0,1.5,3.0,1.0,0.5,0.0,37100,50.0,800.0,800.0
Bou Salem,Jendouba,house,2026-01-01,60.0,1.0,45.0,7.0,1.5,3.0,1.0,0.5,0.0,37100,50.0,650.0,650.0
Bou Salem,Jendouba,commercial,2026-01-01,60.0,1.0,45.0,7.0,1.5,3.0,1.0,0.5,0.0,37100,50.0,650.0,650.0
Bou Salem,Jendouba,land,2026-01-01,60.0,1.0,45.0,7.0,1.5,3.0,1.0,0.5,0.0,37100,50.0,250.0,250.0
Fernana,Jendouba,apartment,2026-01-01,60.0,1.0,45.0,7.0,1.5,3.0,1.0,0.5,0.0,47917,50.0,800.0,800.0
Fernana,Jendouba,house,2026-01-01,60.0,1.0,45.0,7.0,1.5,3.0,1.0,0.5,0.0,47917,50.0,830.0,830.0
Fernana,Jendouba,commercial,2026-01-01,60.0,1.0,45.0,7.0,1.5,3.0,1.0,0.5,0.0,47917,50.0,700.0,700.0
Fernana,Jendouba,land,2026-01-01,60.0,1.0,45.0,7.0,1.5,3.0,1.0,0.5,0.0,47917,50.0,120.0,120.0
Ghardimaou,Jendouba,apartment,2026-01-01,60.0,1.0,45.0,7.0,1.5,3.0,1.0,0.5,0.0,62313,50.0,800.0,800.0
Ghardimaou,Jendouba,house,2026-01-01,60.0,1.0,45.0,7.0,1.5,3.0,1.0,0.5,0.0,62313,50.0,1000.0,1000.0
Ghardimaou,Jendouba,commercial,2026-01-01,60.0,1.0,45.0,7.0,1.5,3.0,1.0,0.5,0.0,62313,50.0,800.0,800.0
Ghardimaou,Jendouba,land,2026-01-01,60.0,1.0,45.0,7.0,1.5,3.0,1.0,0.5,0.0,62313,50.0,180.0,180.0
Jendouba,Jendouba,apartment,2026-01-01,60.0,1.0,45.0,7.0,1.5,3.0,1.0,0.5,0.0,77342,50.0,800.0,800.0
Jendouba,Jendouba,house,2026-01-01,60.0,1.0,45.0,7.0,1.5,3.0,1.0,0.5,0.0,77342,50.0,1100.0,1100.0
Jendouba,Jendouba,commercial,2026-01-01,60.0,1.0,45.0,7.0,1.5,3.0,1.0,0.5,0.0,77342,50.0,900.0,900.0
Jendouba,Jendouba,land,2026-01-01,60.0,1.0,45.0,7.0,1.5,3.0,1.0,0.5,0.0,77342,50.0,350.0,350.0
Jendouba Nord,Jendouba,apartment,2026-01-01,60.0,1.0,45.0,7.0,1.5,3.0,1.0,0.5,0.0,44687,50.0,800.0,800.0
Jendouba Nord,Jendouba,house,2026-01-01,60.0,1.0,45.0,7.0,1.5,3.0,1.0,0.5,0.0,44687,50.0,1000.0,1000.0
Jendouba Nord,Jendouba,commercial,2026-01-01,60.0,1.0,45.0,7.0,1.5,3.0,1.0,0.5,0.0,44687,50.0,950.0,950.0
Jendouba Nord,Jendouba,land,2026-01-01,60.0,1.0,45.0,7.0,1.5,3.0,1.0,0.5,0.0,44687,50.0,350.0,350.0
Oued Meliz,Jendouba,apartment,2026-01-01,60.0,1.0,45.0,7.0,1.5,3.0,1.0,0.5,0.0,17334,50.0,800.0,800.0
Oued Meliz,Jendouba,house,2026-01-01,60.0,1.0,45.0,7.0,1.5,3.0,1.0,0.5,0.0,17334,50.0,1000.0,1000.0
Oued Meliz,Jendouba,commercial,2026-01-01,60.0,1.0,45.0,7.0,1.5,3.0,1.0,0.5,0.0,17334,50.0,700.0,700.0
Oued Meliz,Jendouba,land,2026-01-01,60.0,1.0,45.0,7.0,1.5,3.0,1.0,0.5,0.0,17334,50.0,180.0,180.0
Tabarka,Jendouba,apartment,2026-01-01,60.0,1.0,45.0,7.0,1.5,3.0,1.0,0.5,0.0,48888,50.0,4018.0,4018.0
Tabarka,Jendouba,house,2026-01-01,60.0,1.0,45.0,7.0,1.5,3.0,1.0,0.5,0.0,48888,50.0,4000.0,4000.0
Tabarka,Jendouba,commercial,2026-01-01,60.0,1.0,45.0,7.0,1.5,3.0,1.0,0.5,1.0,48888,50.0,3200.0,3200.0
Tabarka,Jendouba,land,2026-01-01,60.0,1.0,45.0,7.0,1.5,3.0,1.0,0.5,0.0,48888,50.0,240.0,240.0
Aïn Djeloula,Kairouan,apartment,2026-01-01,60.0,1.0,45.0,7.0,1.5,3.0,1.0,0.5,0.0,6441,50.0,800.0,800.0
Aïn Djeloula,Kairouan,house,2026-01-01,60.0,1.0,45.0,7.0,1.5,3.0,1.0,0.5,0.0,6441,50.0,750.0,750.0
Aïn Djeloula,Kairouan,commercial,2026-01-01,60.0,1.0,45.0,7.0,1.5,3.0,1.0,0.5,0.0,6441,50.0,300.0,300.0
Aïn Djeloula,Kairouan,land,2026-01-01,60.0,1.0,45.0,7.0,1.5,3.0,1.0,0.5,0.0,6441,50.0,60.0,60.0
Bou Hajla,Kairouan,apartment,2026-01-01,60.0,1.0,45.0,7.0,1.5,3.0,1.0,0.5,0.0,78634,50.0,1000.0,1000.0
Bou Hajla,Kairouan,house,2026-01-01,60.0,1.0,45.0,7.0,1.5,3.0,1.0,0.5,0.0,78634,50.0,1100.0,1100.0
Bou Hajla,Kairouan,commercial,2026-01-01,60.0,1.0,45.0,7.0,1.5,3.0,1.0,0.5,0.0,78634,50.0,900.0,900.0
Bou Hajla,Kairouan,land,2026-01-01,60.0,1.0,45.0,7.0,1.5,3.0,1.0,0.5,0.0,78634,50.0,300.0,300.0
Chebika,Kairouan,apartment,2026-01-01,60.0,1.0,45.0,7.0,1.5,3.0,1.0,0.5,0.0,37193,50.0,900.0,900.0
Chebika,Kairouan,house,2026-01-01,60.0,1.0,45.0,7.0,1.5,3.0,1.0,0.5,0.0,37193,50.0,800.0,800.0
Chebika,Kairouan,commercial,2026-01-01,60.0,1.0,45.0,7.0,1.5,3.0,1.0,0.5,0.0,37193,50.0,500.0,500.0
Chebika,Kairouan,land,2026-01-01,60.0,1.0,45.0,7.0,1.5,3.0,1.0,0.5,0.0,37193,50.0,30.0,30.0
Echrarda,Kairouan,apartment,2026-01-01,60.0,1.0,45.0,7.0,1.5,3.0,1.0,0.5,0.0,28868,50.0,1000.0,1000.0
Echrarda,Kairouan,house,2026-01-01,60.0,1.0,45.0,7.0,1.5,3.0,1.0,0.5,0.0,28868,50.0,900.0,900.0
Echrarda,Kairouan,commercial,2026-01-01,60.0,1.0,45.0,7.0,1.5,3.0,1.0,0.5,0.0,28868,50.0,500.0,500.0
Echrarda,Kairouan,land,2026-01-01,60.0,1.0,45.0,7.0,1.5,3.0,1.0,0.5,0.0,28868,50.0,200.0,200.0
El Alâa,Kairouan,apartment,2026-01-01,60.0,1.0,45.0,7.0,1.5,3.0,1.0,0.5,0.0,28897,50.0,1000.0,1000.0
El Alâa,Kairouan,house,2026-01-01,60.0,1.0,45.0,7.0,1.5,3.0,1.0,0.5,0.0,28897,50.0,850.0,850.0
El Alâa,Kairouan,commercial,2026-01-01,60.0,1.0,45.0,7.0,1.5,3.0,1.0,0.5,0.0,28897,50.0,500.0,500.0
El Alâa,Kairouan,land,2026-01-01,60.0,1.0,45.0,7.0,1.5,3.0,1.0,0.5,0.0,28897,50.0,50.0,50.0
Haffouz,Kairouan,apartment,2026-01-01,60.0,1.0,45.0,7.0,1.5,3.0,1.0,0.5,0.0,44492,50.0,1000.0,1000.0
Haffouz,Kairouan,house,2026-01-01,60.0,1.0,45.0,7.0,1.5,3.0,1.0,0.5,0.0,44492,50.0,1090.0,1090.0
Haffouz,Kairouan,commercial,2026-01-01,60.0,1.0,45.0,7.0,1.5,3.0,1.0,0.5,0.0,44492,50.0,850.0,850.0
Haffouz,Kairouan,land,2026-01-01,60.0,1.0,45.0,7.0,1.5,3.0,1.0,0.5,0.0,44492,50.0,250.0,250.0
Hajeb El Ayoun,Kairouan,apartment,2026-01-01,60.0,1.0,45.0,7.0,1.5,3.0,1.0,0.5,0.0,40655,50.0,1000.0,1000.0
Hajeb El Ayoun,Kairouan,house,2026-01-01,60.0,1.0,45.0,7.0,1.5,3.0,1.0,0.5,0.0,40655,50.0,1100.0,1100.0
Hajeb El Ayoun,Kairouan,commercial,2026-01-01,60.0,1.0,45.0,7.0,1.5,3.0,1.0,0.5,0.0,40655,50.0,850.0,850.0
Hajeb El Ayoun,Kairouan,land,2026-01-01,60.0,1.0,45.0,7.0,1.5,3.0,1.0,0.5,0.0,40655,50.0,250.0,250.0
Kairouan Nord,Kairouan,apartment,2026-01-01,60.0,1.0,45.0,7.0,1.5,3.0,1.0,0.5,0.0,103461,50.0,1000.0,1000.0
Kairouan Nord,Kairouan,house,2026-01-01,60.0,1.0,45.0,7.0,1.5,3.0,1.0,0.5,0.0,103461,50.0,1000.0,1000.0
Kairouan Nord,Kairouan,commercial,2026-01-01,60.0,1.0,45.0,7.0,1.5,3.0,1.0,0.5,0.0,103461,50.0,1200.0,1200.0
Kairouan Nord,Kairouan,land,2026-01-01,60.0,1.0,45.0,7.0,1.5,3.0,1.0,0.5,0.0,103461,50.0,1000.0,1000.0
Kairouan Sud,Kairouan,apartment,2026-01-01,60.0,1.0,45.0,7.0,1.5,3.0,1.0,0.5,0.0,95068,50.0,1000.0,1000.0
Kairouan Sud,Kairouan,house,2026-01-01,60.0,1.0,45.0,7.0,1.5,3.0,1.0,0.5,0.0,95068,50.0,1300.0,1300.0
Kairouan Sud,Kairouan,commercial,2026-01-01,60.0,1.0,45.0,7.0,1.5,3.0,1.0,0.5,0.0,95068,50.0,1100.0,1100.0
Kairouan Sud,Kairouan,land,2026-01-01,60.0,1.0,45.0,7.0,1.5,3.0,1.0,0.5,0.0,95068,50.0,460.0,460.0
Menzel Mehiri,Kairouan,apartment,2026-01-01,60.0,1.0,45.0,7.0,1.5,3.0,1.0,0.5,0.0,12680,50.0,1000.0,1000.0
Menzel Mehiri,Kairouan,house,2026-01-01,60.0,1.0,45.0,7.0,1.5,3.0,1.0,0.5,0.0,12680,50.0,900.0,900.0
Menzel Mehiri,Kairouan,commercial,2026-01-01,60.0,1.0,45.0,7.0,1.5,3.0,1.0,0.5,0.0,12680,50.0,500.0,500.0
Menzel Mehiri,Kairouan,land,2026-01-01,60.0,1.0,45.0,7.0,1.5,3.0,1.0,0.5,0.0,12680,50.0,350.0,350.0
Nasrallah,Kairouan,apartment,2026-01-01,60.0,1.0,45.0,7.0,1.5,3.0,1.0,0.5,0.0,20310,50.0,1000.0,1000.0
Nasrallah,Kairouan,house,2026-01-01,60.0,1.0,45.0,7.0,1.5,3.0,1.0,0.5,0.0,20310,50.0,1000.0,1000.0
Nasrallah,Kairouan,commercial,2026-01-01,60.0,1.0,45.0,7.0,1.5,3.0,1.0,0.5,0.0,20310,50.0,700.0,700.0
Nasrallah,Kairouan,land,2026-01-01,60.0,1.0,45.0,7.0,1.5,3.0,1.0,0.5,0.0,20310,50.0,250.0,250.0
Oueslatia,Kairouan,apartment,2026-01-01,60.0,1.0,45.0,7.0,1.5,3.0,1.0,0.5,0.0,26454,50.0,1000.0,1000.0
Oueslatia,Kairouan,house,2026-01-01,60.0,1.0,45.0,7.0,1.5,3.0,1.0,0.5,0.0,26454,50.0,950.0,950.0
Oueslatia,Kairouan,commercial,2026-01-01,60.0,1.0,45.0,7.0,1.5,3.0,1.0,0.5,0.0,26454,50.0,650.0,650.0
Oueslatia,Kairouan,land,2026-01-01,60.0,1.0,45.0,7.0,1.5,3.0,1.0,0.5,0.0,26454,50.0,180.0,180.0
Sbikha,Kairouan,apartment,2026-01-01,60.0,1.0,45.0,7.0,1.5,3.0,1.0,0.5,0.0,77650,50.0,1000.0,1000.0
Sbikha,Kairouan,house,2026-01-01,60.0,1.0,45.0,7.0,1.5,3.0,1.0,0.5,0.0,77650,50.0,1100.0,1100.0
Sbikha,Kairouan,commercial,2026-01-01,60.0,1.0,45.0,7.0,1.5,3.0,1.0,0.5,0.0,77650,50.0,850.0,850.0
Sbikha,Kairouan,land,2026-01-01,60.0,1.0,45.0,7.0,1.5,3.0,1.0,0.5,0.0,77650,50.0,21.0,21.0
El Ayoun,Kasserine,apartment,2026-01-01,60.0,1.0,45.0,7.0,1.5,3.0,1.0,0.5,0.0,20115,50.0,650.0,650.0
El Ayoun,Kasserine,house,2026-01-01,60.0,1.0,45.0,7.0,1.5,3.0,1.0,0.5,0.0,20115,50.0,900.0,900.0
El Ayoun,Kasserine,commercial,2026-01-01,60.0,1.0,45.0,7.0,1.5,3.0,1.0,0.5,0.0,20115,50.0,500.0,500.0
El Ayoun,Kasserine,land,2026-01-01,60.0,1.0,45.0,7.0,1.5,3.0,1.0,0.5,0.0,20115,50.0,200.0,200.0
Ezzouhour,Kasserine,apartment,2026-01-01,60.0,1.0,45.0,7.0,1.5,3.0,1.0,0.5,0.0,24484,50.0,800.0,800.0
Ezzouhour,Kasserine,house,2026-01-01,60.0,1.0,45.0,7.0,1.5,3.0,1.0,0.5,0.0,24484,50.0,1100.0,1100.0
Ezzouhour,Kasserine,commercial,2026-01-01,60.0,1.0,45.0,7.0,1.5,3.0,1.0,0.5,0.0,24484,50.0,800.0,800.0
Ezzouhour,Kasserine,land,2026-01-01,60.0,1.0,45.0,7.0,1.5,3.0,1.0,0.5,0.0,24484,50.0,250.0,250.0
Foussana,Kasserine,apartment,2026-01-01,60.0,1.0,45.0,7.0,1.5,3.0,1.0,0.5,0.0,50663,50.0,650.0,650.0
Foussana,Kasserine,house,2026-01-01,60.0,1.0,45.0,7.0,1.5,3.0,1.0,0.5,0.0,50663,50.0,1100.0,1100.0
Foussana,Kasserine,commercial,2026-01-01,60.0,1.0,45.0,7.0,1.5,3.0,1.0,0.5,0.0,50663,50.0,800.0,800.0
Foussana,Kasserine,land,2026-01-01,60.0,1.0,45.0,7.0,1.5,3.0,1.0,0.5,0.0,50663,50.0,500.0,500.0
Fériana,Kasserine,apartment,2026-01-01,60.0,1.0,45.0,7.0,1.5,3.0,1.0,0.5,0.0,59584,50.0,650.0,650.0
Fériana,Kasserine,house,2026-01-01,60.0,1.0,45.0,7.0,1.5,3.0,1.0,0.5,0.0,59584,50.0,1000.0,1000.0
Fériana,Kasserine,commercial,2026-01-01,60.0,1.0,45.0,7.0,1.5,3.0,1.0,0.5,0.0,59584,50.0,700.0,700.0
Fériana,Kasserine,land,2026-01-01,60.0,1.0,45.0,7.0,1.5,3.0,1.0,0.5,0.0,59584,50.0,60.0,60.0
Hassi El Ferid,Kasserine,apartment,2026-01-01,60.0,1.0,45.0,7.0,1.5,3.0,1.0,0.5,0.0,22886,50.0,650.0,650.0
Hassi El Ferid,Kasserine,house,2026-01-01,60.0,1.0,45.0,7.0,1.5,3.0,1.0,0.5,0.0,22886,50.0,900.0,900.0
Hassi El Ferid,Kasserine,commercial,2026-01-01,60.0,1.0,45.0,7.0,1.5,3.0,1.0,0.5,0.0,22886,50.0,500.0,500.0
Hassi El Ferid,Kasserine,land,2026-01-01,60.0,1.0,45.0,7.0,1.5,3.0,1.0,0.5,0.0,22886,50.0,200.0,200.0
Haïdra,Kasserine,apartment,2026-01-01,60.0,1.0,45.0,7.0,1.5,3.0,1.0,0.5,0.0,8160,50.0,650.0,650.0
Haïdra,Kasserine,house,2026-01-01,60.0,1.0,45.0,7.0,1.5,3.0,1.0,0.5,0.0,8160,50.0,900.0,900.0
Haïdra,Kasserine,commercial,2026-01-01,60.0,1.0,45.0,7.0,1.5,3.0,1.0,0.5,0.0,8160,50.0,500.0,500.0
Haïdra,Kasserine,land,2026-01-01,60.0,1.0,45.0,7.0,1.5,3.0,1.0,0.5,0.0,8160,50.0,150.0,150.0
Jedelienne,Kasserine,apartment,2026-01-01,60.0,1.0,45.0,7.0,1.5,3.0,1.0,0.5,0.0,12066,50.0,650.0,650.0
Jedelienne,Kasserine,house,2026-01-01,60.0,1.0,45.0,7.0,1.5,3.0,1.0,0.5,0.0,12066,50.0,900.0,900.0
Jedelienne,Kasserine,commercial,2026-01-01,60.0,1.0,45.0,7.0,1.5,3.0,1.0,0.5,0.0,12066,50.0,500.0,500.0
Jedelienne,Kasserine,land,2026-01-01,60.0,1.0,45.0,7.0,1.5,3.0,1.0,0.5,0.0,12066,50.0,150.0,150.0
Kasserine Nord,Kasserine,apartment,2026-01-01,60.0,1.0,45.0,7.0,1.5,3.0,1.0,0.5,0.0,74925,50.0,650.0,650.0
Kasserine Nord,Kasserine,house,2026-01-01,60.0,1.0,45.0,7.0,1.5,3.0,1.0,0.5,0.0,74925,50.0,1100.0,1100.0
Kasserine Nord,Kasserine,commercial,2026-01-01,60.0,1.0,45.0,7.0,1.5,3.0,1.0,0.5,0.0,74925,50.0,1300.0,1300.0
Kasserine Nord,Kasserine,land,2026-01-01,60.0,1.0,45.0,7.0,1.5,3.0,1.0,0.5,0.0,74925,50.0,600.0,600.0
Kasserine Sud,Kasserine,apartment,2026-01-01,60.0,1.0,45.0,7.0,1.5,3.0,1.0,0.5,0.0,27048,50.0,650.0,650.0
Kasserine Sud,Kasserine,house,2026-01-01,60.0,1.0,45.0,7.0,1.5,3.0,1.0,0.5,0.0,27048,50.0,1200.0,1200.0
Kasserine Sud,Kasserine,commercial,2026-01-01,60.0,1.0,45.0,7.0,1.5,3.0,1.0,0.5,0.0,27048,50.0,900.0,900.0
Kasserine Sud,Kasserine,land,2026-01-01,60.0,1.0,45.0,7.0,1.5,3.0,1.0,0.5,0.0,27048,50.0,300.0,300.0
Majel Bel Abbès,Kasserine,apartment,2026-01-01,60.0,1.0,45.0,7.0,1.5,3.0,1.0,0.5,0.0,28015,50.0,650.0,650.0
Majel Bel Abbès,Kasserine,house,2026-01-01,60.0,1.0,45.0,7.0,1.5,3.0,1.0,0.5,0.0,28015,50.0,900.0,900.0
Majel Bel Abbès,Kasserine,commercial,2026-01-01,60.0,1.0,45.0,7.0,1.5,3.0,1.0,0.5,0.0,28015,50.0,500.0,500.0
Majel Bel Abbès,Kasserine,land,2026-01-01,60.0,1.0,45.0,7.0,1.5,3.0,1.0,0.5,0.0,28015,50.0,50.0,50.0
Sbeïtla,Kasserine,apartment,2026-01-01,60.0,1.0,45.0,7.0,1.5,3.0,1.0,0.5,0.0,84495,50.0,650.0,650.0
Sbeïtla,Kasserine,house,2026-01-01,60.0,1.0,45.0,7.0,1.5,3.0,1.0,0.5,0.0,84495,50.0,1200.0,1200.0
Sbeïtla,Kasserine,commercial,2026-01-01,60.0,1.0,45.0,7.0,1.5,3.0,1.0,0.5,0.0,84495,50.0,1800.0,1800.0
Sbeïtla,Kasserine,land,2026-01-01,60.0,1.0,45.0,7.0,1.5,3.0,1.0,0.5,0.0,84495,50.0,20.0,20.0
Sbiba,Kasserine,apartment,2026-01-01,60.0,1.0,45.0,7.0,1.5,3.0,1.0,0.5,0.0,48620,50.0,650.0,650.0
Sbiba,Kasserine,house,2026-01-01,60.0,1.0,45.0,7.0,1.5,3.0,1.0,0.5,0.0,48620,50.0,1100.0,1100.0
Sbiba,Kasserine,commercial,2026-01-01,60.0,1.0,45.0,7.0,1.5,3.0,1.0,0.5,0.0,48620,50.0,700.0,700.0
Sbiba,Kasserine,land,2026-01-01,60.0,1.0,45.0,7.0,1.5,3.0,1.0,0.5,0.0,48620,50.0,164.0,164.0
Thala,Kasserine,apartment,2026-01-01,60.0,1.0,45.0,7.0,1.5,3.0,1.0,0.5,0.0,31680,50.0,650.0,650.0
Thala,Kasserine,house,2026-01-01,60.0,1.0,45.0,7.0,1.5,3.0,1.0,0.5,0.0,31680,50.0,1000.0,1000.0
Thala,Kasserine,commercial,2026-01-01,60.0,1.0,45.0,7.0,1.5,3.0,1.0,0.5,0.0,31680,50.0,700.0,700.0
Thala,Kasserine,land,2026-01-01,60.0,1.0,45.0,7.0,1.5,3.0,1.0,0.5,0.0,31680,50.0,300.0,300.0
Douz Nord,Kébili,apartment,2026-01-01,60.0,1.0,45.0,7.0,1.5,3.0,1.0,0.5,0.0,33951,50.0,700.0,700.0
Douz Nord,Kébili,house,2026-01-01,60.0,1.0,45.0,7.0,1.5,3.0,1.0,0.5,0.0,33951,50.0,1500.0,1500.0
Douz Nord,Kébili,commercial,2026-01-01,60.0,1.0,45.0,7.0,1.5,3.0,1.0,0.5,0.0,33951,50.0,1200.0,1200.0
Douz Nord,Kébili,land,2026-01-01,60.0,1.0,45.0,7.0,1.5,3.0,1.0,0.5,0.0,33951,50.0,49.0,49.0
Douz Sud,Kébili,apartment,2026-01-01,60.0,1.0,45.0,7.0,1.5,3.0,1.0,0.5,0.0,21279,50.0,700.0,700.0
Douz Sud,Kébili,house,2026-01-01,60.0,1.0,45.0,7.0,1.5,3.0,1.0,0.5,0.0,21279,50.0,1500.0,1500.0
Douz Sud,Kébili,commercial,2026-01-01,60.0,1.0,45.0,7.0,1.5,3.0,1.0,0.5,0.0,21279,50.0,1200.0,1200.0
Douz Sud,Kébili,land,2026-01-01,60.0,1.0,45.0,7.0,1.5,3.0,1.0,0.5,0.0,21279,50.0,50.0,50.0
Faouar,Kébili,apartment,2026-01-01,60.0,1.0,45.0,7.0,1.5,3.0,1.0,0.5,0.0,19875,50.0,700.0,700.0
Faouar,Kébili,house,2026-01-01,60.0,1.0,45.0,7.0,1.5,3.0,1.0,0.5,0.0,19875,50.0,1500.0,1500.0
Faouar,Kébili,commercial,2026-01-01,60.0,1.0,45.0,7.0,1.5,3.0,1.0,0.5,0.0,19875,50.0,1200.0,1200.0
Faouar,Kébili,land,2026-01-01,60.0,1.0,45.0,7.0,1.5,3.0,1.0,0.5,0.0,19875,50.0,100.0,100.0
Kébili Nord,Kébili,apartment,2026-01-01,60.0,1.0,45.0,7.0,1.5,3.0,1.0,0.5,0.0,36132,50.0,700.0,700.0
Kébili Nord,Kébili,house,2026-01-01,60.0,1.0,45.0,7.0,1.5,3.0,1.0,0.5,0.0,36132,50.0,1500.0,1500.0
Kébili Nord,Kébili,commercial,2026-01-01,60.0,1.0,45.0,7.0,1.5,3.0,1.0,0.5,0.0,36132,50.0,1200.0,1200.0
Kébili Nord,Kébili,land,2026-01-01,60.0,1.0,45.0,7.0,1.5,3.0,1.0,0.5,0.0,36132,50.0,400.0,400.0
Kébili Sud,Kébili,apartment,2026-01-01,60.0,1.0,45.0,7.0,1.5,3.0,1.0,0.5,0.0,35847,50.0,700.0,700.0
Kébili Sud,Kébili,house,2026-01-01,60.0,1.0,45.0,7.0,1.5,3.0,1.0,0.5,0.0,35847,50.0,1500.0,1500.0
Kébili Sud,Kébili,commercial,2026-01-01,60.0,1.0,45.0,7.0,1.5,3.0,1.0,0.5,0.0,35847,50.0,1200.0,1200.0
Kébili Sud,Kébili,land,2026-01-01,60.0,1.0,45.0,7.0,1.5,3.0,1.0,0.5,0.0,35847,50.0,50.0,50.0
Rjim Maatoug,Kébili,apartment,2026-01-01,60.0,1.0,45.0,7.0,1.5,3.0,1.0,0.5,0.0,4649,50.0,700.0,700.0
Rjim Maatoug,Kébili,house,2026-01-01,60.0,1.0,45.0,7.0,1.5,3.0,1.0,0.5,0.0,4649,50.0,1300.0,1300.0
Rjim Maatoug,Kébili,commercial,2026-01-01,60.0,1.0,45.0,7.0,1.5,3.0,1.0,0.5,0.0,4649,50.0,800.0,800.0
Rjim Maatoug,Kébili,land,2026-01-01,60.0,1.0,45.0,7.0,1.5,3.0,1.0,0.5,0.0,4649,50.0,80.0,80.0
Souk Lahad,Kébili,apartment,2026-01-01,60.0,1.0,45.0,7.0,1.5,3.0,1.0,0.5,0.0,31468,50.0,700.0,700.0
Souk Lahad,Kébili,house,2026-01-01,60.0,1.0,45.0,7.0,1.5,3.0,1.0,0.5,0.0,31468,50.0,1500.0,1500.0
Souk Lahad,Kébili,commercial,2026-01-01,60.0,1.0,45.0,7.0,1.5,3.0,1.0,0.5,0.0,31468,50.0,1200.0,1200.0
Souk Lahad,Kébili,land,2026-01-01,60.0,1.0,45.0,7.0,1.5,3.0,1.0,0.5,0.0,31468,50.0,150.0,150.0
Borj El Amri,La Manouba,apartment,2026-01-01,60.0,1.0,45.0,7.0,1.5,3.0,1.0,0.5,0.0,21465,50.0,1600.0,1600.0
Borj El Amri,La Manouba,house,2026-01-01,60.0,1.0,45.0,7.0,1.5,3.0,1.0,0.5,0.0,21465,50.0,1700.0,1700.0
Borj El Amri,La Manouba,commercial,2026-01-01,60.0,1.0,45.0,7.0,1.5,3.0,1.0,0.5,0.0,21465,50.0,1500.0,1500.0
Borj El Amri,La Manouba,land,2026-01-01,60.0,1.0,45.0,7.0,1.5,3.0,1.0,0.5,0.0,21465,50.0,90.0,90.0
Djedeida,La Manouba,apartment,2026-01-01,60.0,1.0,45.0,7.0,1.5,3.0,1.0,0.5,0.0,52713,50.0,1800.0,1800.0
Djedeida,La Manouba,house,2026-01-01,60.0,1.0,45.0,7.0,1.5,3.0,1.0,0.5,0.0,52713,50.0,975.0,975.0
Djedeida,La Manouba,commercial,2026-01-01,60.0,1.0,45.0,7.0,1.5,3.0,1.0,0.5,0.0,52713,50.0,1300.0,1300.0
Djedeida,La Manouba,land,2026-01-01,60.0,1.0,45.0,7.0,1.5,3.0,1.0,0.5,0.0,52713,50.0,275.0,275.0
Douar Hicher,La Manouba,apartment,2026-01-01,60.0,1.0,45.0,7.0,1.5,3.0,1.0,0.5,0.0,88335,50.0,1600.0,1600.0
Douar Hicher,La Manouba,house,2026-01-01,60.0,1.0,45.0,7.0,1.5,3.0,1.0,0.5,0.0,88335,50.0,1600.0,1600.0
Douar Hicher,La Manouba,commercial,2026-01-01,60.0,1.0,45.0,7.0,1.5,3.0,1.0,0.5,0.0,88335,50.0,1500.0,1500.0
Douar Hicher,La Manouba,land,2026-01-01,60.0,1.0,45.0,7.0,1.5,3.0,1.0,0.5,0.0,88335,50.0,450.0,450.0
El Batan,La Manouba,apartment,2026-01-01,60.0,1.0,45.0,7.0,1.5,3.0,1.0,0.5,0.0,21018,50.0,1600.0,1600.0
El Batan,La Manouba,house,2026-01-01,60.0,1.0,45.0,7.0,1.5,3.0,1.0,0.5,0.0,21018,50.0,1200.0,1200.0
El Batan,La Manouba,commercial,2026-01-01,60.0,1.0,45.0,7.0,1.5,3.0,1.0,0.5,0.0,21018,50.0,1300.0,1300.0
El Batan,La Manouba,land,2026-01-01,60.0,1.0,45.0,7.0,1.5,3.0,1.0,0.5,0.0,21018,50.0,20.0,20.0
La Manouba,La Manouba,apartment,2026-01-01,60.0,1.0,45.0,7.0,1.5,3.0,1.0,0.5,0.0,62945,50.0,2100.0,2100.0
La Manouba,La Manouba,house,2026-01-01,60.0,1.0,45.0,7.0,1.5,3.0,1.0,0.5,0.0,62945,50.0,2100.0,2100.0
La Manouba,La Manouba,commercial,2026-01-01,60.0,1.0,45.0,7.0,1.5,3.0,1.0,0.5,0.0,62945,50.0,2200.0,2200.0
La Manouba,La Manouba,land,2026-01-01,60.0,1.0,45.0,7.0,1.5,3.0,1.0,0.5,0.0,62945,50.0,750.0,750.0
Mornaguia,La Manouba,apartment,2026-01-01,60.0,1.0,45.0,7.0,1.5,3.0,1.0,0.5,0.0,44764,50.0,1900.0,1900.0
Mornaguia,La Manouba,house,2026-01-01,60.0,1.0,45.0,7.0,1.5,3.0,1.0,0.5,0.0,44764,50.0,2200.0,2200.0
Mornaguia,La Manouba,commercial,2026-01-01,60.0,1.0,45.0,7.0,1.5,3.0,1.0,0.5,0.0,44764,50.0,2200.0,2200.0
Mornaguia,La Manouba,land,2026-01-01,60.0,1.0,45.0,7.0,1.5,3.0,1.0,0.5,0.0,44764,50.0,300.0,300.0
Oued Ellil,La Manouba,apartment,2026-01-01,60.0,1.0,45.0,7.0,1.5,3.0,1.0,0.5,0.0,81040,50.0,2100.0,2100.0
Oued Ellil,La Manouba,house,2026-01-01,60.0,1.0,45.0,7.0,1.5,3.0,1.0,0.5,0.0,81040,50.0,1800.0,1800.0
Oued Ellil,La Manouba,commercial,2026-01-01,60.0,1.0,45.0,7.0,1.5,3.0,1.0,0.5,0.0,81040,50.0,1700.0,1700.0
Oued Ellil,La Manouba,land,2026-01-01,60.0,1.0,45.0,7.0,1.5,3.0,1.0,0.5,0.0,81040,50.0,300.0,300.0
Tebourba,La Manouba,apartment,2026-01-01,60.0,1.0,45.0,7.0,1.5,3.0,1.0,0.5,0.0,46074,50.0,1600.0,1600.0
Tebourba,La Manouba,house,2026-01-01,60.0,1.0,45.0,7.0,1.5,3.0,1.0,0.5,0.0,46074,50.0,1400.0,1400.0
Tebourba,La Manouba,commercial,2026-01-01,60.0,1.0,45.0,7.0,1.5,3.0,1.0,0.5,0.0,46074,50.0,1400.0,1400.0
Tebourba,La Manouba,land,2026-01-01,60.0,1.0,45.0,7.0,1.5,3.0,1.0,0.5,0.0,46074,50.0,350.0,350.0
Dahmani,Le Kef,apartment,2026-01-01,60.0,1.0,45.0,7.0,1.5,3.0,1.0,0.5,0.0,25285,50.0,700.0,700.0
Dahmani,Le Kef,house,2026-01-01,60.0,1.0,45.0,7.0,1.5,3.0,1.0,0.5,0.0,25285,50.0,1500.0,1500.0
Dahmani,Le Kef,commercial,2026-01-01,60.0,1.0,45.0,7.0,1.5,3.0,1.0,0.5,0.0,25285,50.0,1200.0,1200.0
Dahmani,Le Kef,land,2026-01-01,60.0,1.0,45.0,7.0,1.5,3.0,1.0,0.5,0.0,25285,50.0,100.0,100.0
El Ksour,Le Kef,apartment,2026-01-01,60.0,1.0,45.0,7.0,1.5,3.0,1.0,0.5,0.0,14686,50.0,700.0,700.0
El Ksour,Le Kef,house,2026-01-01,60.0,1.0,45.0,7.0,1.5,3.0,1.0,0.5,0.0,14686,50.0,1500.0,1500.0
El Ksour,Le Kef,commercial,2026-01-01,60.0,1.0,45.0,7.0,1.5,3.0,1.0,0.5,0.0,14686,50.0,1200.0,1200.0
El Ksour,Le Kef,land,2026-01-01,60.0,1.0,45.0,7.0,1.5,3.0,1.0,0.5,0.0,14686,50.0,200.0,200.0
Jérissa,Le Kef,apartment,2026-01-01,60.0,1.0,45.0,7.0,1.5,3.0,1.0,0.5,0.0,8613,50.0,700.0,700.0
Jérissa,Le Kef,house,2026-01-01,60.0,1.0,45.0,7.0,1.5,3.0,1.0,0.5,0.0,8613,50.0,1300.0,1300.0
Jérissa,Le Kef,commercial,2026-01-01,60.0,1.0,45.0,7.0,1.5,3.0,1.0,0.5,0.0,8613,50.0,800.0,800.0
Jérissa,Le Kef,land,2026-01-01,60.0,1.0,45.0,7.0,1.5,3.0,1.0,0.5,0.0,8613,50.0,80.0,80.0
Kalaat Senan,Le Kef,apartment,2026-01-01,60.0,1.0,45.0,7.0,1.5,3.0,1.0,0.5,0.0,13517,50.0,700.0,700.0
Kalaat Senan,Le Kef,house,2026-01-01,60.0,1.0,45.0,7.0,1.5,3.0,1.0,0.5,0.0,13517,50.0,1500.0,1500.0
Kalaat Senan,Le Kef,commercial,2026-01-01,60.0,1.0,45.0,7.0,1.5,3.0,1.0,0.5,0.0,13517,50.0,1200.0,1200.0
Kalaat Senan,Le Kef,land,2026-01-01,60.0,1.0,45.0,7.0,1.5,3.0,1.0,0.5,0.0,13517,50.0,100.0,100.0
Kalâat Khasba,Le Kef,apartment,2026-01-01,60.0,1.0,45.0,7.0,1.5,3.0,1.0,0.5,0.0,5663,50.0,700.0,700.0
Kalâat Khasba,Le Kef,house,2026-01-01,60.0,1.0,45.0,7.0,1.5,3.0,1.0,0.5,0.0,5663,50.0,1300.0,1300.0
Kalâat Khasba,Le Kef,commercial,2026-01-01,60.0,1.0,45.0,7.0,1.5,3.0,1.0,0.5,0.0,5663,50.0,800.0,800.0
Kalâat Khasba,Le Kef,land,2026-01-01,60.0,1.0,45.0,7.0,1.5,3.0,1.0,0.5,0.0,5663,50.0,80.0,80.0
Kef Est,Le Kef,apartment,2026-01-01,60.0,1.0,45.0,7.0,1.5,3.0,1.0,0.5,0.0,41561,50.0,700.0,700.0
Kef Est,Le Kef,house,2026-01-01,60.0,1.0,45.0,7.0,1.5,3.0,1.0,0.5,0.0,41561,50.0,1500.0,1500.0
Kef Est,Le Kef,commercial,2026-01-01,60.0,1.0,45.0,7.0,1.5,3.0,1.0,0.5,0.0,41561,50.0,1200.0,1200.0
Kef Est,Le Kef,land,2026-01-01,60.0,1.0,45.0,7.0,1.5,3.0,1.0,0.5,0.0,41561,50.0,150.0,150.0
Kef Ouest,Le Kef,apartment,2026-01-01,60.0,1.0,45.0,7.0,1.5,3.0,1.0,0.5,0.0,37538,50.0,700.0,700.0
Kef Ouest,Le Kef,house,2026-01-01,60.0,1.0,45.0,7.0,1.5,3.0,1.0,0.5,0.0,37538,50.0,1500.0,1500.0
Kef Ouest,Le Kef,commercial,2026-01-01,60.0,1.0,45.0,7.0,1.5,3.0,1.0,0.5,0.0,37538,50.0,1200.0,1200.0
Kef Ouest,Le Kef,land,2026-01-01,60.0,1.0,45.0,7.0,1.5,3.0,1.0,0.5,0.0,37538,50.0,40.0,40.0
Nebeur,Le Kef,apartment,2026-01-01,60.0,1.0,45.0,7.0,1.5,3.0,1.0,0.5,0.0,18651,50.0,700.0,700.0
Nebeur,Le Kef,house,2026-01-01,60.0,1.0,45.0,7.0,1.5,3.0,1.0,0.5,0.0,18651,50.0,1500.0,1500.0
Nebeur,Le Kef,commercial,2026-01-01,60.0,1.0,45.0,7.0,1.5,3.0,1.0,0.5,0.0,18651,50.0,1200.0,1200.0
Nebeur,Le Kef,land,2026-01-01,60.0,1.0,45.0,7.0,1.5,3.0,1.0,0.5,0.0,18651,50.0,80.0,80.0
Sakiet Sidi Youssef,Le Kef,apartment,2026-01-01,60.0,1.0,45.0,7.0,1.5,3.0,1.0,0.5,0.0,16173,50.0,700.0,700.0
Sakiet Sidi Youssef,Le Kef,house,2026-01-01,60.0,1.0,45.0,7.0,1.5,3.0,1.0,0.5,0.0,16173,50.0,1300.0,1300.0
Sakiet Sidi Youssef,Le Kef,commercial,2026-01-01,60.0,1.0,45.0,7.0,1.5,3.0,1.0,0.5,0.0,16173,50.0,800.0,800.0
Sakiet Sidi Youssef,Le Kef,land,2026-01-01,60.0,1.0,45.0,7.0,1.5,3.0,1.0,0.5,0.0,16173,50.0,200.0,200.0
Sers,Le Kef,apartment,2026-01-01,60.0,1.0,45.0,7.0,1.5,3.0,1.0,0.5,0.0,23024,50.0,700.0,700.0
Sers,Le Kef,house,2026-01-01,60.0,1.0,45.0,7.0,1.5,3.0,1.0,0.5,0.0,23024,50.0,1500.0,1500.0
Sers,Le Kef,commercial,2026-01-01,60.0,1.0,45.0,7.0,1.5,3.0,1.0,0.5,0.0,23024,50.0,1200.0,1200.0
Sers,Le Kef,land,2026-01-01,60.0,1.0,45.0,7.0,1.5,3.0,1.0,0.5,0.0,23024,50.0,150.0,150.0
Tajerouine,Le Kef,apartment,2026-01-01,60.0,1.0,45.0,7.0,1.5,3.0,1.0,0.5,0.0,27112,50.0,700.0,700.0
Tajerouine,Le Kef,house,2026-01-01,60.0,1.0,45.0,7.0,1.5,3.0,1.0,0.5,0.0,27112,50.0,1300.0,1300.0
Tajerouine,Le Kef,commercial,2026-01-01,60.0,1.0,45.0,7.0,1.5,3.0,1.0,0.5,0.0,27112,50.0,800.0,800.0
Tajerouine,Le Kef,land,2026-01-01,60.0,1.0,45.0,7.0,1.5,3.0,1.0,0.5,0.0,27112,50.0,50.0,50.0
Touiref,Le Kef,apartment,2026-01-01,60.0,1.0,45.0,7.0,1.5,3.0,1.0,0.5,0.0,5863,50.0,700.0,700.0
Touiref,Le Kef,house,2026-01-01,60.0,1.0,45.0,7.0,1.5,3.0,1.0,0.5,0.0,5863,50.0,1300.0,1300.0
Touiref,Le Kef,commercial,2026-01-01,60.0,1.0,45.0,7.0,1.5,3.0,1.0,0.5,0.0,5863,50.0,800.0,800.0
Touiref,Le Kef,land,2026-01-01,60.0,1.0,45.0,7.0,1.5,3.0,1.0,0.5,0.0,5863,50.0,50.0,50.0
Bou Merdes,Mahdia,apartment,2026-01-01,60.0,1.0,45.0,7.0,1.5,3.0,1.0,0.5,0.0,37089,50.0,1400.0,1400.0
Bou Merdes,Mahdia,house,2026-01-01,60.0,1.0,45.0,7.0,1.5,3.0,1.0,0.5,0.0,37089,50.0,1500.0,1500.0
Bou Merdes,Mahdia,commercial,2026-01-01,60.0,1.0,45.0,7.0,1.5,3.0,1.0,0.5,0.0,37089,50.0,1400.0,1400.0
Bou Merdes,Mahdia,land,2026-01-01,60.0,1.0,45.0,7.0,1.5,3.0,1.0,0.5,0.0,37089,50.0,300.0,300.0
Chebba,Mahdia,apartment,2026-01-01,60.0,1.0,45.0,7.0,1.5,3.0,1.0,0.5,0.0,31137,50.0,1400.0,1400.0
Chebba,Mahdia,house,2026-01-01,60.0,1.0,45.0,7.0,1.5,3.0,1.0,0.5,0.0,31137,50.0,1500.0,1500.0
Chebba,Mahdia,commercial,2026-01-01,60.0,1.0,45.0,7.0,1.5,3.0,1.0,0.5,0.0,31137,50.0,1600.0,1600.0
Chebba,Mahdia,land,2026-01-01,60.0,1.0,45.0,7.0,1.5,3.0,1.0,0.5,0.0,31137,50.0,300.0,300.0
Chorbane,Mahdia,apartment,2026-01-01,60.0,1.0,45.0,7.0,1.5,3.0,1.0,0.5,0.0,29059,50.0,1400.0,1400.0
Chorbane,Mahdia,house,2026-01-01,60.0,1.0,45.0,7.0,1.5,3.0,1.0,0.5,0.0,29059,50.0,1500.0,1500.0
Chorbane,Mahdia,commercial,2026-01-01,60.0,1.0,45.0,7.0,1.5,3.0,1.0,0.5,0.0,29059,50.0,1300.0,1300.0
Chorbane,Mahdia,land,2026-01-01,60.0,1.0,45.0,7.0,1.5,3.0,1.0,0.5,0.0,29059,50.0,60.0,60.0
El Bradâa,Mahdia,apartment,2026-01-01,60.0,1.0,45.0,7.0,1.5,3.0,1.0,0.5,0.0,13659,50.0,1400.0,1400.0
El Bradâa,Mahdia,house,2026-01-01,60.0,1.0,45.0,7.0,1.5,3.0,1.0,0.5,0.0,13659,50.0,1450.0,1450.0
El Bradâa,Mahdia,commercial,2026-01-01,60.0,1.0,45.0,7.0,1.5,3.0,1.0,0.5,0.0,13659,50.0,1300.0,1300.0
El Bradâa,Mahdia,land,2026-01-01,60.0,1.0,45.0,7.0,1.5,3.0,1.0,0.5,0.0,13659,50.0,120.0,120.0
El Jem,Mahdia,apartment,2026-01-01,60.0,1.0,45.0,7.0,1.5,3.0,1.0,0.5,0.0,55976,50.0,1100.0,1100.0
El Jem,Mahdia,house,2026-01-01,60.0,1.0,45.0,7.0,1.5,3.0,1.0,0.5,0.0,55976,50.0,700.0,700.0
El Jem,Mahdia,commercial,2026-01-01,60.0,1.0,45.0,7.0,1.5,3.0,1.0,0.5,0.0,55976,50.0,1000.0,1000.0
El Jem,Mahdia,land,2026-01-01,60.0,1.0,45.0,7.0,1.5,3.0,1.0,0.5,0.0,55976,50.0,300.0,300.0
Essouassi,Mahdia,apartment,2026-01-01,60.0,1.0,45.0,7.0,1.5,3.0,1.0,0.5,0.0,58683,50.0,1400.0,1400.0
Essouassi,Mahdia,house,2026-01-01,60.0,1.0,45.0,7.0,1.5,3.0,1.0,0.5,0.0,58683,50.0,1600.0,1600.0
Essouassi,Mahdia,commercial,2026-01-01,60.0,1.0,45.0,7.0,1.5,3.0,1.0,0.5,0.0,58683,50.0,1500.0,1500.0
Essouassi,Mahdia,land,2026-01-01,60.0,1.0,45.0,7.0,1.5,3.0,1.0,0.5,0.0,58683,50.0,300.0,300.0
Hebira,Mahdia,apartment,2026-01-01,60.0,1.0,45.0,7.0,1.5,3.0,1.0,0.5,0.0,11617,50.0,1400.0,1400.0
Hebira,Mahdia,house,2026-01-01,60.0,1.0,45.0,7.0,1.5,3.0,1.0,0.5,0.0,11617,50.0,1450.0,1450.0
Hebira,Mahdia,commercial,2026-01-01,60.0,1.0,45.0,7.0,1.5,3.0,1.0,0.5,0.0,11617,50.0,1300.0,1300.0
Hebira,Mahdia,land,2026-01-01,60.0,1.0,45.0,7.0,1.5,3.0,1.0,0.5,0.0,11617,50.0,400.0,400.0
Ksour Essef,Mahdia,apartment,2026-01-01,60.0,1.0,45.0,7.0,1.5,3.0,1.0,0.5,0.0,38567,50.0,1400.0,1400.0
Ksour Essef,Mahdia,house,2026-01-01,60.0,1.0,45.0,7.0,1.5,3.0,1.0,0.5,0.0,38567,50.0,1300.0,1300.0
Ksour Essef,Mahdia,commercial,2026-01-01,60.0,1.0,45.0,7.0,1.5,3.0,1.0,0.5,0.0,38567,50.0,1600.0,1600.0
Ksour Essef,Mahdia,land,2026-01-01,60.0,1.0,45.0,7.0,1.5,3.0,1.0,0.5,0.0,38567,50.0,400.0,400.0
Mahdia,Mahdia,apartment,2026-01-01,60.0,1.0,45.0,7.0,1.5,3.0,1.0,0.5,0.0,74504,50.0,1995.0,1995.0
Mahdia,Mahdia,house,2026-01-01,60.0,1.0,45.0,7.0,1.5,3.0,1.0,0.5,0.0,74504,50.0,1820.0,1820.0
Mahdia,Mahdia,commercial,2026-01-01,60.0,1.0,45.0,7.0,1.5,3.0,1.0,0.5,0.0,74504,50.0,2600.0,2600.0
Mahdia,Mahdia,land,2026-01-01,60.0,1.0,45.0,7.0,1.5,3.0,1.0,0.5,0.0,74504,50.0,1330.0,1330.0
Melloulèche,Mahdia,apartment,2026-01-01,60.0,1.0,45.0,7.0,1.5,3.0,1.0,0.5,0.0,23890,50.0,1400.0,1400.0
Melloulèche,Mahdia,house,2026-01-01,60.0,1.0,45.0,7.0,1.5,3.0,1.0,0.5,0.0,23890,50.0,1450.0,1450.0
Melloulèche,Mahdia,commercial,2026-01-01,60.0,1.0,45.0,7.0,1.5,3.0,1.0,0.5,0.0,23890,50.0,1300.0,1300.0
Melloulèche,Mahdia,land,2026-01-01,60.0,1.0,45.0,7.0,1.5,3.0,1.0,0.5,0.0,23890,50.0,100.0,100.0
Ouled Chamekh,Mahdia,apartment,2026-01-01,60.0,1.0,45.0,7.0,1.5,3.0,1.0,0.5,0.0,23893,50.0,1400.0,1400.0
Ouled Chamekh,Mahdia,house,2026-01-01,60.0,1.0,45.0,7.0,1.5,3.0,1.0,0.5,0.0,23893,50.0,1500.0,1500.0
Ouled Chamekh,Mahdia,commercial,2026-01-01,60.0,1.0,45.0,7.0,1.5,3.0,1.0,0.5,0.0,23893,50.0,1300.0,1300.0
Ouled Chamekh,Mahdia,land,2026-01-01,60.0,1.0,45.0,7.0,1.5,3.0,1.0,0.5,0.0,23893,50.0,120.0,120.0
Rejiche,Mahdia,apartment,2026-01-01,60.0,1.0,45.0,7.0,1.5,3.0,1.0,0.5,0.0,11603,50.0,1400.0,1400.0
Rejiche,Mahdia,house,2026-01-01,60.0,1.0,45.0,7.0,1.5,3.0,1.0,0.5,0.0,11603,50.0,1400.0,1400.0
Rejiche,Mahdia,commercial,2026-01-01,60.0,1.0,45.0,7.0,1.5,3.0,1.0,0.5,0.0,11603,50.0,1700.0,1700.0
Rejiche,Mahdia,land,2026-01-01,60.0,1.0,45.0,7.0,1.5,3.0,1.0,0.5,0.0,11603,50.0,570.0,570.0
Sidi Alouane,Mahdia,apartment,2026-01-01,60.0,1.0,45.0,7.0,1.5,3.0,1.0,0.5,0.0,40308,50.0,1400.0,1400.0
Sidi Alouane,Mahdia,house,2026-01-01,60.0,1.0,45.0,7.0,1.5,3.0,1.0,0.5,0.0,40308,50.0,1600.0,1600.0
Sidi Alouane,Mahdia,commercial,2026-01-01,60.0,1.0,45.0,7.0,1.5,3.0,1.0,0.5,0.0,40308,50.0,1500.0,1500.0
Sidi Alouane,Mahdia,land,2026-01-01,60.0,1.0,45.0,7.0,1.5,3.0,1.0,0.5,0.0,40308,50.0,200.0,200.0
Bekalta,Monastir,apartment,2026-01-01,60.0,1.0,45.0,7.0,1.5,3.0,1.0,0.5,-3.0,19091,50.0,1300.0,1300.0
Bekalta,Monastir,house,2026-01-01,60.0,1.0,45.0,7.0,1.5,3.0,1.0,0.5,-2.0,19091,50.0,500.0,500.0
Bekalta,Monastir,commercial,2026-01-01,60.0,1.0,45.0,7.0,1.5,3.0,1.0,0.5,-1.0,19091,50.0,1100.0,1100.0
Bekalta,Monastir,land,2026-01-01,60.0,1.0,45.0,7.0,1.5,3.0,1.0,0.5,-2.0,19091,50.0,325.0,325.0
Bembla,Monastir,apartment,2026-01-01,60.0,1.0,45.0,7.0,1.5,3.0,1.0,0.5,0.0,36076,50.0,2000.0,2000.0
Bembla,Monastir,house,2026-01-01,60.0,1.0,45.0,7.0,1.5,3.0,1.0,0.5,-1.0,36076,50.0,2100.0,2100.0
Bembla,Monastir,commercial,2026-01-01,60.0,1.0,45.0,7.0,1.5,3.0,1.0,0.5,0.0,36076,50.0,1400.0,1400.0
Bembla,Monastir,land,2026-01-01,60.0,1.0,45.0,7.0,1.5,3.0,1.0,0.5,-2.0,36076,50.0,350.0,350.0
Beni Hassen,Monastir,apartment,2026-01-01,60.0,1.0,45.0,7.0,1.5,3.0,1.0,0.5,-3.0,15230,50.0,1300.0,1300.0
Beni Hassen,Monastir,house,2026-01-01,60.0,1.0,45.0,7.0,1.5,3.0,1.0,0.5,-3.0,15230,50.0,800.0,800.0
Beni Hassen,Monastir,commercial,2026-01-01,60.0,1.0,45.0,7.0,1.5,3.0,1.0,0.5,-2.0,15230,50.0,800.0,800.0
Beni Hassen,Monastir,land,2026-01-01,60.0,1.0,45.0,7.0,1.5,3.0,1.0,0.5,-5.0,15230,50.0,100.0,100.0
Jemmal,Monastir,apartment,2026-01-01,60.0,1.0,45.0,7.0,1.5,3.0,1.0,0.5,0.0,71158,50.0,1600.0,1600.0
Jemmal,Monastir,house,2026-01-01,60.0,1.0,45.0,7.0,1.5,3.0,1.0,0.5,0.0,71158,50.0,1500.0,1500.0
Jemmal,Monastir,commercial,2026-01-01,60.0,1.0,45.0,7.0,1.5,3.0,1.0,0.5,1.0,71158,50.0,1200.0,1200.0
Jemmal,Monastir,land,2026-01-01,60.0,1.0,45.0,7.0,1.5,3.0,1.0,0.5,-1.0,71158,50.0,400.0,400.0
Ksar Hellal,Monastir,apartment,2026-01-01,60.0,1.0,45.0,7.0,1.5,3.0,1.0,0.5,0.0,55505,50.0,2000.0,2000.0
Ksar Hellal,Monastir,house,2026-01-01,60.0,1.0,45.0,7.0,1.5,3.0,1.0,0.5,0.0,55505,50.0,2200.0,2200.0
Ksar Hellal,Monastir,commercial,2026-01-01,60.0,1.0,45.0,7.0,1.5,3.0,1.0,0.5,1.0,55505,50.0,1200.0,1200.0
Ksar Hellal,Monastir,land,2026-01-01,60.0,1.0,45.0,7.0,1.5,3.0,1.0,0.5,0.0,55505,50.0,735.0,735.0
Ksibet el-Médiouni,Monastir,apartment,2026-01-01,60.0,1.0,45.0,7.0,1.5,3.0,1.0,0.5,-2.0,41075,50.0,2166.0,2166.0
Ksibet el-Médiouni,Monastir,house,2026-01-01,60.0,1.0,45.0,7.0,1.5,3.0,1.0,0.5,-2.0,41075,50.0,2000.0,2000.0
Ksibet el-Médiouni,Monastir,commercial,2026-01-01,60.0,1.0,45.0,7.0,1.5,3.0,1.0,0.5,-1.0,41075,50.0,1500.0,1500.0
Ksibet el-Médiouni,Monastir,land,2026-01-01,60.0,1.0,45.0,7.0,1.5,3.0,1.0,0.5,-2.0,41075,50.0,520.0,520.0
Moknine,Monastir,apartment,2026-01-01,60.0,1.0,45.0,7.0,1.5,3.0,1.0,0.5,0.0,97655,50.0,2000.0,2000.0
Moknine,Monastir,house,2026-01-01,60.0,1.0,45.0,7.0,1.5,3.0,1.0,0.5,0.0,97655,50.0,2200.0,2200.0
Moknine,Monastir,commercial,2026-01-01,60.0,1.0,45.0,7.0,1.5,3.0,1.0,0.5,-2.0,97655,50.0,1600.0,1600.0
Moknine,Monastir,land,2026-01-01,60.0,1.0,45.0,7.0,1.5,3.0,1.0,0.5,-1.0,97655,50.0,500.0,500.0
Monastir,Monastir,apartment,2026-01-01,60.0,1.0,45.0,7.0,1.5,3.0,1.0,0.5,0.0,110084,50.0,2500.0,2500.0
Monastir,Monastir,house,2026-01-01,60.0,1.0,45.0,7.0,1.5,3.0,1.0,0.5,0.0,110084,50.0,2800.0,2800.0
Monastir,Monastir,commercial,2026-01-01,60.0,1.0,45.0,7.0,1.5,3.0,1.0,0.5,1.0,110084,50.0,2300.0,2300.0
Monastir,Monastir,land,2026-01-01,60.0,1.0,45.0,7.0,1.5,3.0,1.0,0.5,0.0,110084,50.0,900.0,900.0
Ouerdanine,Monastir,apartment,2026-01-01,60.0,1.0,45.0,7.0,1.5,3.0,1.0,0.5,-1.0,22690,50.0,2000.0,2000.0
Ouerdanine,Monastir,house,2026-01-01,60.0,1.0,45.0,7.0,1.5,3.0,1.0,0.5,-1.0,22690,50.0,1600.0,1600.0
Ouerdanine,Monastir,commercial,2026-01-01,60.0,1.0,45.0,7.0,1.5,3.0,1.0,0.5,-1.0,22690,50.0,1300.0,1300.0
Ouerdanine,Monastir,land,2026-01-01,60.0,1.0,45.0,7.0,1.5,3.0,1.0,0.5,-2.0,22690,50.0,175.0,175.0
Sahline,Monastir,apartment,2026-01-01,60.0,1.0,45.0,7.0,1.5,3.0,1.0,0.5,1.0,32485,50.0,1225.0,1225.0
Sahline,Monastir,house,2026-01-01,60.0,1.0,45.0,7.0,1.5,3.0,1.0,0.5,0.0,32485,50.0,1900.0,1900.0
Sahline,Monastir,commercial,2026-01-01,60.0,1.0,45.0,7.0,1.5,3.0,1.0,0.5,0.0,32485,50.0,1400.0,1400.0
Sahline,Monastir,land,2026-01-01,60.0,1.0,45.0,7.0,1.5,3.0,1.0,0.5,1.0,32485,50.0,750.0,750.0
Sayada-Lamta-Bou Hajar,Monastir,apartment,2026-01-01,60.0,1.0,45.0,7.0,1.5,3.0,1.0,0.5,0.0,26939,50.0,2000.0,2000.0
Sayada-Lamta-Bou Hajar,Monastir,house,2026-01-01,60.0,1.0,45.0,7.0,1.5,3.0,1.0,0.5,0.0,26939,50.0,2800.0,2800.0
Sayada-Lamta-Bou Hajar,Monastir,commercial,2026-01-01,60.0,1.0,45.0,7.0,1.5,3.0,1.0,0.5,1.0,26939,50.0,1900.0,1900.0
Sayada-Lamta-Bou Hajar,Monastir,land,2026-01-01,60.0,1.0,45.0,7.0,1.5,3.0,1.0,0.5,0.0,26939,50.0,1000.0,1000.0
Téboulba,Monastir,apartment,2026-01-01,60.0,1.0,45.0,7.0,1.5,3.0,1.0,0.5,0.0,41049,50.0,2000.0,2000.0
Téboulba,Monastir,house,2026-01-01,60.0,1.0,45.0,7.0,1.5,3.0,1.0,0.5,-1.0,41049,50.0,2200.0,2200.0
Téboulba,Monastir,commercial,2026-01-01,60.0,1.0,45.0,7.0,1.5,3.0,1.0,0.5,0.0,41049,50.0,1600.0,1600.0
Téboulba,Monastir,land,2026-01-01,60.0,1.0,45.0,7.0,1.5,3.0,1.0,0.5,-1.0,41049,50.0,480.0,480.0
Zéramdine,Monastir,apartment,2026-01-01,60.0,1.0,45.0,7.0,1.5,3.0,1.0,0.5,0.0,30732,50.0,2000.0,2000.0
Zéramdine,Monastir,house,2026-01-01,60.0,1.0,45.0,7.0,1.5,3.0,1.0,0.5,-1.0,30732,50.0,2000.0,2000.0
Zéramdine,Monastir,commercial,2026-01-01,60.0,1.0,45.0,7.0,1.5,3.0,1.0,0.5,0.0,30732,50.0,1400.0,1400.0
Zéramdine,Monastir,land,2026-01-01,60.0,1.0,45.0,7.0,1.5,3.0,1.0,0.5,-3.0,30732,50.0,80.0,80.0
Ben Gardane,Médenine,apartment,2026-01-01,60.0,1.0,45.0,7.0,1.5,3.0,1.0,0.5,1.0,90504,50.0,1500.0,1500.0
Ben Gardane,Médenine,house,2026-01-01,60.0,1.0,45.0,7.0,1.5,3.0,1.0,0.5,1.0,90504,50.0,1400.0,1400.0
Ben Gardane,Médenine,commercial,2026-01-01,60.0,1.0,45.0,7.0,1.5,3.0,1.0,0.5,1.0,90504,50.0,1100.0,1100.0
Ben Gardane,Médenine,land,2026-01-01,60.0,1.0,45.0,7.0,1.5,3.0,1.0,0.5,1.0,90504,50.0,850.0,850.0
Beni Khedache,Médenine,apartment,2026-01-01,60.0,1.0,45.0,7.0,1.5,3.0,1.0,0.5,0.0,26847,50.0,1500.0,1500.0
Beni Khedache,Médenine,house,2026-01-01,60.0,1.0,45.0,7.0,1.5,3.0,1.0,0.5,0.0,26847,50.0,1300.0,1300.0
Beni Khedache,Médenine,commercial,2026-01-01,60.0,1.0,45.0,7.0,1.5,3.0,1.0,0.5,0.0,26847,50.0,1000.0,1000.0
Beni Khedache,Médenine,land,2026-01-01,60.0,1.0,45.0,7.0,1.5,3.0,1.0,0.5,0.0,26847,50.0,400.0,400.0
Djerba - Ajim,Médenine,apartment,2026-01-01,60.0,1.0,45.0,7.0,1.5,3.0,1.0,0.5,0.0,24166,50.0,1500.0,1500.0
Djerba - Ajim,Médenine,house,2026-01-01,60.0,1.0,45.0,7.0,1.5,3.0,1.0,0.5,0.0,24166,50.0,1400.0,1400.0
Djerba - Ajim,Médenine,commercial,2026-01-01,60.0,1.0,45.0,7.0,1.5,3.0,1.0,0.5,0.0,24166,50.0,1300.0,1300.0
Djerba - Ajim,Médenine,land,2026-01-01,60.0,1.0,45.0,7.0,1.5,3.0,1.0,0.5,0.0,24166,50.0,150.0,150.0
Djerba - Houmt Souk,Médenine,apartment,2026-01-01,60.0,1.0,45.0,7.0,1.5,3.0,1.0,0.5,2.0,89228,50.0,2500.0,2500.0
Djerba - Houmt Souk,Médenine,house,2026-01-01,60.0,1.0,45.0,7.0,1.5,3.0,1.0,0.5,2.0,89228,50.0,2600.0,2600.0
Djerba - Houmt Souk,Médenine,commercial,2026-01-01,60.0,1.0,45.0,7.0,1.5,3.0,1.0,0.5,2.0,89228,50.0,2000.0,2000.0
Djerba - Houmt Souk,Médenine,land,2026-01-01,60.0,1.0,45.0,7.0,1.5,3.0,1.0,0.5,2.0,89228,50.0,200.0,200.0
Djerba - Midoun,Médenine,apartment,2026-01-01,60.0,1.0,45.0,7.0,1.5,3.0,1.0,0.5,1.0,74437,50.0,2700.0,2700.0
Djerba - Midoun,Médenine,house,2026-01-01,60.0,1.0,45.0,7.0,1.5,3.0,1.0,0.5,1.0,74437,50.0,2500.0,2500.0
Djerba - Midoun,Médenine,commercial,2026-01-01,60.0,1.0,45.0,7.0,1.5,3.0,1.0,0.5,1.0,74437,50.0,2000.0,2000.0
Djerba - Midoun,Médenine,land,2026-01-01,60.0,1.0,45.0,7.0,1.5,3.0,1.0,0.5,1.0,74437,50.0,400.0,400.0
Médenine Nord,Médenine,apartment,2026-01-01,60.0,1.0,45.0,7.0,1.5,3.0,1.0,0.5,2.0,64010,50.0,2800.0,2800.0
Médenine Nord,Médenine,house,2026-01-01,60.0,1.0,45.0,7.0,1.5,3.0,1.0,0.5,2.0,64010,50.0,2000.0,2000.0
Médenine Nord,Médenine,commercial,2026-01-01,60.0,1.0,45.0,7.0,1.5,3.0,1.0,0.5,2.0,64010,50.0,1800.0,1800.0
Médenine Nord,Médenine,land,2026-01-01,60.0,1.0,45.0,7.0,1.5,3.0,1.0,0.5,2.0,64010,50.0,35.0,35.0
Médenine Sud,Médenine,apartment,2026-01-01,60.0,1.0,45.0,7.0,1.5,3.0,1.0,0.5,0.0,63911,50.0,1800.0,1800.0
Médenine Sud,Médenine,house,2026-01-01,60.0,1.0,45.0,7.0,1.5,3.0,1.0,0.5,0.0,63911,50.0,1100.0,1100.0
Médenine Sud,Médenine,commercial,2026-01-01,60.0,1.0,45.0,7.0,1.5,3.0,1.0,0.5,0.0,63911,50.0,1000.0,1000.0
Médenine Sud,Médenine,land,2026-01-01,60.0,1.0,45.0,7.0,1.5,3.0,1.0,0.5,0.0,63911,50.0,85.0,85.0
Sidi Makhlouf,Médenine,apartment,2026-01-01,60.0,1.0,45.0,7.0,1.5,3.0,1.0,0.5,0.0,28444,50.0,1500.0,1500.0
Sidi Makhlouf,Médenine,house,2026-01-01,60.0,1.0,45.0,7.0,1.5,3.0,1.0,0.5,0.0,28444,50.0,1300.0,1300.0
Sidi Makhlouf,Médenine,commercial,2026-01-01,60.0,1.0,45.0,7.0,1.5,3.0,1.0,0.5,0.0,28444,50.0,1000.0,1000.0
Sidi Makhlouf,Médenine,land,2026-01-01,60.0,1.0,45.0,7.0,1.5,3.0,1.0,0.5,0.0,28444,50.0,400.0,400.0
Zarzis,Médenine,apartment,2026-01-01,60.0,1.0,45.0,7.0,1.5,3.0,1.0,0.5,0.0,75708,50.0,2200.0,2200.0
Zarzis,Médenine,house,2026-01-01,60.0,1.0,45.0,7.0,1.5,3.0,1.0,0.5,0.0,75708,50.0,1300.0,1300.0
Zarzis,Médenine,commercial,2026-01-01,60.0,1.0,45.0,7.0,1.5,3.0,1.0,0.5,0.0,75708,50.0,1600.0,1600.0
Zarzis,Médenine,land,2026-01-01,60.0,1.0,45.0,7.0,1.5,3.0,1.0,0.5,0.0,75708,50.0,150.0,150.0
Bou Argoub,Nabeul,apartment,2026-01-01,60.0,1.0,45.0,7.0,1.5,3.0,1.0,0.5,0.0,35243,50.0,900.0,900.0
Bou Argoub,Nabeul,house,2026-01-01,60.0,1.0,45.0,7.0,1.5,3.0,1.0,0.5,0.0,35243,50.0,900.0,900.0
Bou Argoub,Nabeul,commercial,2026-01-01,60.0,1.0,45.0,7.0,1.5,3.0,1.0,0.5,0.0,35243,50.0,700.0,700.0
Bou Argoub,Nabeul,land,2026-01-01,60.0,1.0,45.0,7.0,1.5,3.0,1.0,0.5,-1.0,35243,50.0,200.0,200.0
Béni Khalled,Nabeul,apartment,2026-01-01,60.0,1.0,45.0,7.0,1.5,3.0,1.0,0.5,0.0,41935,50.0,1080.0,1080.0
Béni Khalled,Nabeul,house,2026-01-01,60.0,1.0,45.0,7.0,1.5,3.0,1.0,0.5,0.0,41935,50.0,1080.0,1080.0
Béni Khalled,Nabeul,commercial,2026-01-01,60.0,1.0,45.0,7.0,1.5,3.0,1.0,0.5,0.0,41935,50.0,900.0,900.0
Béni Khalled,Nabeul,land,2026-01-01,60.0,1.0,45.0,7.0,1.5,3.0,1.0,0.5,0.0,41935,50.0,300.0,300.0
Béni Khiar,Nabeul,apartment,2026-01-01,60.0,1.0,45.0,7.0,1.5,3.0,1.0,0.5,0.0,47521,50.0,3600.0,3600.0
Béni Khiar,Nabeul,house,2026-01-01,60.0,1.0,45.0,7.0,1.5,3.0,1.0,0.5,0.0,47521,50.0,2800.0,2800.0
Béni Khiar,Nabeul,commercial,2026-01-01,60.0,1.0,45.0,7.0,1.5,3.0,1.0,0.5,0.0,47521,50.0,2200.0,2200.0
Béni Khiar,Nabeul,land,2026-01-01,60.0,1.0,45.0,7.0,1.5,3.0,1.0,0.5,0.0,47521,50.0,900.0,900.0
Dar Chaâbane El Fehri,Nabeul,apartment,2026-01-01,60.0,1.0,45.0,7.0,1.5,3.0,1.0,0.5,0.0,51174,50.0,2200.0,2200.0
Dar Chaâbane El Fehri,Nabeul,house,2026-01-01,60.0,1.0,45.0,7.0,1.5,3.0,1.0,0.5,0.0,51174,50.0,2600.0,2600.0
Dar Chaâbane El Fehri,Nabeul,commercial,2026-01-01,60.0,1.0,45.0,7.0,1.5,3.0,1.0,0.5,1.0,51174,50.0,1900.0,1900.0
Dar Chaâbane El Fehri,Nabeul,land,2026-01-01,60.0,1.0,45.0,7.0,1.5,3.0,1.0,0.5,0.0,51174,50.0,650.0,650.0
El Haouaria,Nabeul,apartment,2026-01-01,60.0,1.0,45.0,7.0,1.5,3.0,1.0,0.5,0.0,46080,50.0,1462.0,1462.0
El Haouaria,Nabeul,house,2026-01-01,60.0,1.0,45.0,7.0,1.5,3.0,1.0,0.5,0.0,46080,50.0,1400.0,1400.0
El Haouaria,Nabeul,commercial,2026-01-01,60.0,1.0,45.0,7.0,1.5,3.0,1.0,0.5,0.0,46080,50.0,900.0,900.0
El Haouaria,Nabeul,land,2026-01-01,60.0,1.0,45.0,7.0,1.5,3.0,1.0,0.5,0.0,46080,50.0,900.0,900.0
El Mida,Nabeul,apartment,2026-01-01,60.0,1.0,45.0,7.0,1.5,3.0,1.0,0.5,0.0,29179,50.0,2200.0,2200.0
El Mida,Nabeul,house,2026-01-01,60.0,1.0,45.0,7.0,1.5,3.0,1.0,0.5,0.0,29179,50.0,2470.0,2470.0
El Mida,Nabeul,commercial,2026-01-01,60.0,1.0,45.0,7.0,1.5,3.0,1.0,0.5,0.0,29179,50.0,1600.0,1600.0
El Mida,Nabeul,land,2026-01-01,60.0,1.0,45.0,7.0,1.5,3.0,1.0,0.5,0.0,29179,50.0,270.0,270.0
Grombalia,Nabeul,apartment,2026-01-01,60.0,1.0,45.0,7.0,1.5,3.0,1.0,0.5,-1.0,75855,50.0,1400.0,1400.0
Grombalia,Nabeul,house,2026-01-01,60.0,1.0,45.0,7.0,1.5,3.0,1.0,0.5,0.0,75855,50.0,1600.0,1600.0
Grombalia,Nabeul,commercial,2026-01-01,60.0,1.0,45.0,7.0,1.5,3.0,1.0,0.5,-2.0,75855,50.0,900.0,900.0
Grombalia,Nabeul,land,2026-01-01,60.0,1.0,45.0,7.0,1.5,3.0,1.0,0.5,-1.0,75855,50.0,340.0,340.0
Hammam Ghezèze,Nabeul,apartment,2026-01-01,60.0,1.0,45.0,7.0,1.5,3.0,1.0,0.5,0.0,17278,50.0,500.0,500.0
Hammam Ghezèze,Nabeul,house,2026-01-01,60.0,1.0,45.0,7.0,1.5,3.0,1.0,0.5,0.0,17278,50.0,700.0,700.0
Hammam Ghezèze,Nabeul,commercial,2026-01-01,60.0,1.0,45.0,7.0,1.5,3.0,1.0,0.5,0.0,17278,50.0,600.0,600.0
Hammam Ghezèze,Nabeul,land,2026-01-01,60.0,1.0,45.0,7.0,1.5,3.0,1.0,0.5,0.0,17278,50.0,500.0,500.0
Hammamet,Nabeul,apartment,2026-01-01,60.0,1.0,45.0,7.0,1.5,3.0,1.0,0.5,0.0,96181,50.0,3700.0,3700.0
Hammamet,Nabeul,house,2026-01-01,60.0,1.0,45.0,7.0,1.5,3.0,1.0,0.5,0.0,96181,50.0,4200.0,4200.0
Hammamet,Nabeul,commercial,2026-01-01,60.0,1.0,45.0,7.0,1.5,3.0,1.0,0.5,1.0,96181,50.0,3000.0,3000.0
Hammamet,Nabeul,land,2026-01-01,60.0,1.0,45.0,7.0,1.5,3.0,1.0,0.5,0.0,96181,50.0,900.0,900.0
Korba,Nabeul,apartment,2026-01-01,60.0,1.0,45.0,7.0,1.5,3.0,1.0,0.5,0.0,74063,50.0,3621.0,3621.0
Korba,Nabeul,house,2026-01-01,60.0,1.0,45.0,7.0,1.5,3.0,1.0,0.5,0.0,74063,50.0,2600.0,2600.0
Korba,Nabeul,commercial,2026-01-01,60.0,1.0,45.0,7.0,1.5,3.0,1.0,0.5,-1.0,74063,50.0,1800.0,1800.0
Korba,Nabeul,land,2026-01-01,60.0,1.0,45.0,7.0,1.5,3.0,1.0,0.5,0.0,74063,50.0,625.0,625.0
Kélibia,Nabeul,apartment,2026-01-01,60.0,1.0,45.0,7.0,1.5,3.0,1.0,0.5,0.0,66919,50.0,1715.0,1715.0
Kélibia,Nabeul,house,2026-01-01,60.0,1.0,45.0,7.0,1.5,3.0,1.0,0.5,0.0,66919,50.0,1900.0,1900.0
Kélibia,Nabeul,commercial,2026-01-01,60.0,1.0,45.0,7.0,1.5,3.0,1.0,0.5,0.0,66919,50.0,1500.0,1500.0
Kélibia,Nabeul,land,2026-01-01,60.0,1.0,45.0,7.0,1.5,3.0,1.0,0.5,0.0,66919,50.0,150.0,150.0
Menzel Bouzelfa,Nabeul,apartment,2026-01-01,60.0,1.0,45.0,7.0,1.5,3.0,1.0,0.5,-1.0,39839,50.0,1200.0,1200.0
Menzel Bouzelfa,Nabeul,house,2026-01-01,60.0,1.0,45.0,7.0,1.5,3.0,1.0,0.5,0.0,39839,50.0,1100.0,1100.0
Menzel Bouzelfa,Nabeul,commercial,2026-01-01,60.0,1.0,45.0,7.0,1.5,3.0,1.0,0.5,0.0,39839,50.0,900.0,900.0
Menzel Bouzelfa,Nabeul,land,2026-01-01,60.0,1.0,45.0,7.0,1.5,3.0,1.0,0.5,-2.0,39839,50.0,280.0,280.0
Menzel Temime,Nabeul,apartment,2026-01-01,60.0,1.0,45.0,7.0,1.5,3.0,1.0,0.5,0.0,72104,50.0,1500.0,1500.0
Menzel Temime,Nabeul,house,2026-01-01,60.0,1.0,45.0,7.0,1.5,3.0,1.0,0.5,0.0,72104,50.0,1800.0,1800.0
Menzel Temime,Nabeul,commercial,2026-01-01,60.0,1.0,45.0,7.0,1.5,3.0,1.0,0.5,0.0,72104,50.0,1200.0,1200.0
Menzel Temime,Nabeul,land,2026-01-01,60.0,1.0,45.0,7.0,1.5,3.0,1.0,0.5,0.0,72104,50.0,1500.0,1500.0
Nabeul,Nabeul,apartment,2026-01-01,60.0,1.0,45.0,7.0,1.5,3.0,1.0,0.5,0.0,72776,50.0,3621.0,3621.0
Nabeul,Nabeul,house,2026-01-01,60.0,1.0,45.0,7.0,1.5,3.0,1.0,0.5,1.0,72776,50.0,3400.0,3400.0
Nabeul,Nabeul,commercial,2026-01-01,60.0,1.0,45.0,7.0,1.5,3.0,1.0,0.5,1.0,72776,50.0,2600.0,2600.0
Nabeul,Nabeul,land,2026-01-01,60.0,1.0,45.0,7.0,1.5,3.0,1.0,0.5,0.0,72776,50.0,900.0,900.0
Soliman,Nabeul,apartment,2026-01-01,60.0,1.0,45.0,7.0,1.5,3.0,1.0,0.5,0.0,72220,50.0,2200.0,2200.0
Soliman,Nabeul,house,2026-01-01,60.0,1.0,45.0,7.0,1.5,3.0,1.0,0.5,0.0,72220,50.0,2000.0,2000.0
Soliman,Nabeul,commercial,2026-01-01,60.0,1.0,45.0,7.0,1.5,3.0,1.0,0.5,0.0,72220,50.0,1600.0,1600.0
Soliman,Nabeul,land,2026-01-01,60.0,1.0,45.0,7.0,1.5,3.0,1.0,0.5,0.0,72220,50.0,450.0,450.0
Takelsa,Nabeul,apartment,2026-01-01,60.0,1.0,45.0,7.0,1.5,3.0,1.0,0.5,0.0,24805,50.0,2200.0,2200.0
Takelsa,Nabeul,house,2026-01-01,60.0,1.0,45.0,7.0,1.5,3.0,1.0,0.5,0.0,24805,50.0,1800.0,1800.0
Takelsa,Nabeul,commercial,2026-01-01,60.0,1.0,45.0,7.0,1.5,3.0,1.0,0.5,0.0,24805,50.0,1100.0,1100.0
Takelsa,Nabeul,land,2026-01-01,60.0,1.0,45.0,7.0,1.5,3.0,1.0,0.5,0.0,24805,50.0,400.0,400.0
Agareb,Sfax,apartment,2026-01-01,60.0,1.0,45.0,7.0,1.5,3.0,1.0,0.5,0.0,46652,50.0,1800.0,1800.0
Agareb,Sfax,house,2026-01-01,60.0,1.0,45.0,7.0,1.5,3.0,1.0,0.5,0.0,46652,50.0,1800.0,1800.0
Agareb,Sfax,commercial,2026-01-01,60.0,1.0,45.0,7.0,1.5,3.0,1.0,0.5,0.0,46652,50.0,1400.0,1400.0
Agareb,Sfax,land,2026-01-01,60.0,1.0,45.0,7.0,1.5,3.0,1.0,0.5,0.0,46652,50.0,750.0,750.0
Bir Ali Ben Khalifa,Sfax,apartment,2026-01-01,60.0,1.0,45.0,7.0,1.5,3.0,1.0,0.5,0.0,55339,50.0,1400.0,1400.0
Bir Ali Ben Khalifa,Sfax,house,2026-01-01,60.0,1.0,45.0,7.0,1.5,3.0,1.0,0.5,0.0,55339,50.0,1300.0,1300.0
Bir Ali Ben Khalifa,Sfax,commercial,2026-01-01,60.0,1.0,45.0,7.0,1.5,3.0,1.0,0.5,0.0,55339,50.0,1100.0,1100.0
Bir Ali Ben Khalifa,Sfax,land,2026-01-01,60.0,1.0,45.0,7.0,1.5,3.0,1.0,0.5,0.0,55339,50.0,355.0,355.0
El Hencha,Sfax,apartment,2026-01-01,60.0,1.0,45.0,7.0,1.5,3.0,1.0,0.5,0.0,55434,50.0,1400.0,1400.0
El Hencha,Sfax,house,2026-01-01,60.0,1.0,45.0,7.0,1.5,3.0,1.0,0.5,0.0,55434,50.0,1500.0,1500.0
El Hencha,Sfax,commercial,2026-01-01,60.0,1.0,45.0,7.0,1.5,3.0,1.0,0.5,0.0,55434,50.0,1200.0,1200.0
El Hencha,Sfax,land,2026-01-01,60.0,1.0,45.0,7.0,1.5,3.0,1.0,0.5,0.0,55434,50.0,375.0,375.0
Graïba,Sfax,apartment,2026-01-01,60.0,1.0,45.0,7.0,1.5,3.0,1.0,0.5,0.0,16678,50.0,1200.0,1200.0
Graïba,Sfax,house,2026-01-01,60.0,1.0,45.0,7.0,1.5,3.0,1.0,0.5,0.0,16678,50.0,1200.0,1200.0
Graïba,Sfax,commercial,2026-01-01,60.0,1.0,45.0,7.0,1.5,3.0,1.0,0.5,0.0,16678,50.0,800.0,800.0
Graïba,Sfax,land,2026-01-01,60.0,1.0,45.0,7.0,1.5,3.0,1.0,0.5,0.0,16678,50.0,125.0,125.0
Jebiniana,Sfax,apartment,2026-01-01,60.0,1.0,45.0,7.0,1.5,3.0,1.0,0.5,0.0,58364,50.0,1500.0,1500.0
Jebiniana,Sfax,house,2026-01-01,60.0,1.0,45.0,7.0,1.5,3.0,1.0,0.5,0.0,58364,50.0,1400.0,1400.0
Jebiniana,Sfax,commercial,2026-01-01,60.0,1.0,45.0,7.0,1.5,3.0,1.0,0.5,0.0,58364,50.0,1000.0,1000.0
Jebiniana,Sfax,land,2026-01-01,60.0,1.0,45.0,7.0,1.5,3.0,1.0,0.5,0.0,58364,50.0,250.0,250.0
Kerkennah,Sfax,apartment,2026-01-01,60.0,1.0,45.0,7.0,1.5,3.0,1.0,0.5,0.0,15382,50.0,1800.0,1800.0
Kerkennah,Sfax,house,2026-01-01,60.0,1.0,45.0,7.0,1.5,3.0,1.0,0.5,0.0,15382,50.0,2500.0,2500.0
Kerkennah,Sfax,commercial,2026-01-01,60.0,1.0,45.0,7.0,1.5,3.0,1.0,0.5,0.0,15382,50.0,1600.0,1600.0
Kerkennah,Sfax,land,2026-01-01,60.0,1.0,45.0,7.0,1.5,3.0,1.0,0.5,0.0,15382,50.0,300.0,300.0
Mahrès,Sfax,apartment,2026-01-01,60.0,1.0,45.0,7.0,1.5,3.0,1.0,0.5,0.0,35698,50.0,1800.0,1800.0
Mahrès,Sfax,house,2026-01-01,60.0,1.0,45.0,7.0,1.5,3.0,1.0,0.5,0.0,35698,50.0,675.0,675.0
Mahrès,Sfax,commercial,2026-01-01,60.0,1.0,45.0,7.0,1.5,3.0,1.0,0.5,0.0,35698,50.0,1200.0,1200.0
Mahrès,Sfax,land,2026-01-01,60.0,1.0,45.0,7.0,1.5,3.0,1.0,0.5,0.0,35698,50.0,1200.0,1200.0
Menzel Chaker,Sfax,apartment,2026-01-01,60.0,1.0,45.0,7.0,1.5,3.0,1.0,0.5,0.0,42546,50.0,2500.0,2500.0
Menzel Chaker,Sfax,house,2026-01-01,60.0,1.0,45.0,7.0,1.5,3.0,1.0,0.5,0.0,42546,50.0,1800.0,1800.0
Menzel Chaker,Sfax,commercial,2026-01-01,60.0,1.0,45.0,7.0,1.5,3.0,1.0,0.5,0.0,42546,50.0,1400.0,1400.0
Menzel Chaker,Sfax,land,2026-01-01,60.0,1.0,45.0,7.0,1.5,3.0,1.0,0.5,0.0,42546,50.0,566.0,566.0
Sakiet Eddaïer,Sfax,apartment,2026-01-01,60.0,1.0,45.0,7.0,1.5,3.0,1.0,0.5,0.0,123457,50.0,1800.0,1800.0
Sakiet Eddaïer,Sfax,house,2026-01-01,60.0,1.0,45.0,7.0,1.5,3.0,1.0,0.5,0.0,123457,50.0,1900.0,1900.0
Sakiet Eddaïer,Sfax,commercial,2026-01-01,60.0,1.0,45.0,7.0,1.5,3.0,1.0,0.5,0.0,123457,50.0,1600.0,1600.0
Sakiet Eddaïer,Sfax,land,2026-01-01,60.0,1.0,45.0,7.0,1.5,3.0,1.0,0.5,0.0,123457,50.0,300.0,300.0
Sakiet Ezzit,Sfax,apartment,2026-01-01,60.0,1.0,45.0,7.0,1.5,3.0,1.0,0.5,0.0,96648,50.0,1800.0,1800.0
Sakiet Ezzit,Sfax,house,2026-01-01,60.0,1.0,45.0,7.0,1.5,3.0,1.0,0.5,0.0,96648,50.0,1800.0,1800.0
Sakiet Ezzit,Sfax,commercial,2026-01-01,60.0,1.0,45.0,7.0,1.5,3.0,1.0,0.5,0.0,96648,50.0,1500.0,1500.0
Sakiet Ezzit,Sfax,land,2026-01-01,60.0,1.0,45.0,7.0,1.5,3.0,1.0,0.5,0.0,96648,50.0,250.0,250.0
Sfax Ouest,Sfax,apartment,2026-01-01,60.0,1.0,45.0,7.0,1.5,3.0,1.0,0.5,0.0,105238,50.0,2800.0,2800.0
Sfax Ouest,Sfax,house,2026-01-01,60.0,1.0,45.0,7.0,1.5,3.0,1.0,0.5,0.0,105238,50.0,2000.0,2000.0
Sfax Ouest,Sfax,commercial,2026-01-01,60.0,1.0,45.0,7.0,1.5,3.0,1.0,0.5,0.0,105238,50.0,800.0,800.0
Sfax Ouest,Sfax,land,2026-01-01,60.0,1.0,45.0,7.0,1.5,3.0,1.0,0.5,0.0,105238,50.0,400.0,400.0
Sfax Sud,Sfax,apartment,2026-01-01,60.0,1.0,45.0,7.0,1.5,3.0,1.0,0.5,0.0,142716,50.0,1900.0,1900.0
Sfax Sud,Sfax,house,2026-01-01,60.0,1.0,45.0,7.0,1.5,3.0,1.0,0.5,0.0,142716,50.0,1800.0,1800.0
Sfax Sud,Sfax,commercial,2026-01-01,60.0,1.0,45.0,7.0,1.5,3.0,1.0,0.5,0.0,142716,50.0,1800.0,1800.0
Sfax Sud,Sfax,land,2026-01-01,60.0,1.0,45.0,7.0,1.5,3.0,1.0,0.5,0.0,142716,50.0,375.0,375.0
Sfax Ville,Sfax,apartment,2026-01-01,60.0,1.0,45.0,7.0,1.5,3.0,1.0,0.5,0.0,97712,50.0,2250.0,2250.0
Sfax Ville,Sfax,house,2026-01-01,60.0,1.0,45.0,7.0,1.5,3.0,1.0,0.5,0.0,97712,50.0,2400.0,2400.0
Sfax Ville,Sfax,commercial,2026-01-01,60.0,1.0,45.0,7.0,1.5,3.0,1.0,0.5,0.0,97712,50.0,2400.0,2400.0
Sfax Ville,Sfax,land,2026-01-01,60.0,1.0,45.0,7.0,1.5,3.0,1.0,0.5,0.0,97712,50.0,850.0,850.0
Skhira,Sfax,apartment,2026-01-01,60.0,1.0,45.0,7.0,1.5,3.0,1.0,0.5,0.0,40035,50.0,1200.0,1200.0
Skhira,Sfax,house,2026-01-01,60.0,1.0,45.0,7.0,1.5,3.0,1.0,0.5,0.0,40035,50.0,1100.0,1100.0
Skhira,Sfax,commercial,2026-01-01,60.0,1.0,45.0,7.0,1.5,3.0,1.0,0.5,0.0,40035,50.0,1500.0,1500.0
Skhira,Sfax,land,2026-01-01,60.0,1.0,45.0,7.0,1.5,3.0,1.0,0.5,0.0,40035,50.0,140.0,140.0
Thyna,Sfax,apartment,2026-01-01,60.0,1.0,45.0,7.0,1.5,3.0,1.0,0.5,0.0,79761,50.0,1800.0,1800.0
Thyna,Sfax,house,2026-01-01,60.0,1.0,45.0,7.0,1.5,3.0,1.0,0.5,0.0,79761,50.0,1700.0,1700.0
Thyna,Sfax,commercial,2026-01-01,60.0,1.0,45.0,7.0,1.5,3.0,1.0,0.5,0.0,79761,50.0,1400.0,1400.0
Thyna,Sfax,land,2026-01-01,60.0,1.0,45.0,7.0,1.5,3.0,1.0,0.5,0.0,79761,50.0,250.0,250.0
Bir El Hafey,Sidi Bouzid,apartment,2026-01-01,60.0,1.0,45.0,7.0,1.5,3.0,1.0,0.5,0.0,45208,50.0,650.0,650.0
Bir El Hafey,Sidi Bouzid,house,2026-01-01,60.0,1.0,45.0,7.0,1.5,3.0,1.0,0.5,0.0,45208,50.0,1000.0,1000.0
Bir El Hafey,Sidi Bouzid,commercial,2026-01-01,60.0,1.0,45.0,7.0,1.5,3.0,1.0,0.5,0.0,45208,50.0,650.0,650.0
Bir El Hafey,Sidi Bouzid,land,2026-01-01,60.0,1.0,45.0,7.0,1.5,3.0,1.0,0.5,0.0,45208,50.0,250.0,250.0
Cebbala Ouled Asker,Sidi Bouzid,apartment,2026-01-01,60.0,1.0,45.0,7.0,1.5,3.0,1.0,0.5,0.0,21833,50.0,650.0,650.0
Cebbala Ouled Asker,Sidi Bouzid,house,2026-01-01,60.0,1.0,45.0,7.0,1.5,3.0,1.0,0.5,0.0,21833,50.0,950.0,950.0
Cebbala Ouled Asker,Sidi Bouzid,commercial,2026-01-01,60.0,1.0,45.0,7.0,1.5,3.0,1.0,0.5,0.0,21833,50.0,600.0,600.0
Cebbala Ouled Asker,Sidi Bouzid,land,2026-01-01,60.0,1.0,45.0,7.0,1.5,3.0,1.0,0.5,0.0,21833,50.0,200.0,200.0
Essaïda,Sidi Bouzid,apartment,2026-01-01,60.0,1.0,45.0,7.0,1.5,3.0,1.0,0.5,0.0,27940,50.0,650.0,650.0
Essaïda,Sidi Bouzid,house,2026-01-01,60.0,1.0,45.0,7.0,1.5,3.0,1.0,0.5,0.0,27940,50.0,950.0,950.0
Essaïda,Sidi Bouzid,commercial,2026-01-01,60.0,1.0,45.0,7.0,1.5,3.0,1.0,0.5,0.0,27940,50.0,650.0,650.0
Essaïda,Sidi Bouzid,land,2026-01-01,60.0,1.0,45.0,7.0,1.5,3.0,1.0,0.5,0.0,27940,50.0,150.0,150.0
Hichria,Sidi Bouzid,apartment,2026-01-01,60.0,1.0,45.0,7.0,1.5,3.0,1.0,0.5,0.0,15114,50.0,650.0,650.0
Hichria,Sidi Bouzid,house,2026-01-01,60.0,1.0,45.0,7.0,1.5,3.0,1.0,0.5,0.0,15114,50.0,950.0,950.0
Hichria,Sidi Bouzid,commercial,2026-01-01,60.0,1.0,45.0,7.0,1.5,3.0,1.0,0.5,0.0,15114,50.0,500.0,500.0
Hichria,Sidi Bouzid,land,2026-01-01,60.0,1.0,45.0,7.0,1.5,3.0,1.0,0.5,0.0,15114,50.0,150.0,150.0
Jilma,Sidi Bouzid,apartment,2026-01-01,60.0,1.0,45.0,7.0,1.5,3.0,1.0,0.5,0.0,45519,50.0,650.0,650.0
Jilma,Sidi Bouzid,house,2026-01-01,60.0,1.0,45.0,7.0,1.5,3.0,1.0,0.5,0.0,45519,50.0,950.0,950.0
Jilma,Sidi Bouzid,commercial,2026-01-01,60.0,1.0,45.0,7.0,1.5,3.0,1.0,0.5,0.0,45519,50.0,650.0,650.0
Jilma,Sidi Bouzid,land,2026-01-01,60.0,1.0,45.0,7.0,1.5,3.0,1.0,0.5,0.0,45519,50.0,250.0,250.0
Meknassy,Sidi Bouzid,apartment,2026-01-01,60.0,1.0,45.0,7.0,1.5,3.0,1.0,0.5,0.0,21659,50.0,650.0,650.0
Meknassy,Sidi Bouzid,house,2026-01-01,60.0,1.0,45.0,7.0,1.5,3.0,1.0,0.5,0.0,21659,50.0,1000.0,1000.0
Meknassy,Sidi Bouzid,commercial,2026-01-01,60.0,1.0,45.0,7.0,1.5,3.0,1.0,0.5,0.0,21659,50.0,700.0,700.0
Meknassy,Sidi Bouzid,land,2026-01-01,60.0,1.0,45.0,7.0,1.5,3.0,1.0,0.5,0.0,21659,50.0,500.0,500.0
Menzel Bouzaiane,Sidi Bouzid,apartment,2026-01-01,60.0,1.0,45.0,7.0,1.5,3.0,1.0,0.5,0.0,31048,50.0,1060.0,1060.0
Menzel Bouzaiane,Sidi Bouzid,house,2026-01-01,60.0,1.0,45.0,7.0,1.5,3.0,1.0,0.5,0.0,31048,50.0,1400.0,1400.0
Menzel Bouzaiane,Sidi Bouzid,commercial,2026-01-01,60.0,1.0,45.0,7.0,1.5,3.0,1.0,0.5,0.0,31048,50.0,800.0,800.0
Menzel Bouzaiane,Sidi Bouzid,land,2026-01-01,60.0,1.0,45.0,7.0,1.5,3.0,1.0,0.5,0.0,31048,50.0,350.0,350.0
Mezzouna,Sidi Bouzid,apartment,2026-01-01,60.0,1.0,45.0,7.0,1.5,3.0,1.0,0.5,0.0,27748,50.0,650.0,650.0
Mezzouna,Sidi Bouzid,house,2026-01-01,60.0,1.0,45.0,7.0,1.5,3.0,1.0,0.5,0.0,27748,50.0,950.0,950.0
Mezzouna,Sidi Bouzid,commercial,2026-01-01,60.0,1.0,45.0,7.0,1.5,3.0,1.0,0.5,0.0,27748,50.0,620.0,620.0
Mezzouna,Sidi Bouzid,land,2026-01-01,60.0,1.0,45.0,7.0,1.5,3.0,1.0,0.5,0.0,27748,50.0,200.0,200.0
Ouled Haffouz,Sidi Bouzid,apartment,2026-01-01,60.0,1.0,45.0,7.0,1.5,3.0,1.0,0.5,0.0,20127,50.0,650.0,650.0
Ouled Haffouz,Sidi Bouzid,house,2026-01-01,60.0,1.0,45.0,7.0,1.5,3.0,1.0,0.5,0.0,20127,50.0,1090.0,1090.0
Ouled Haffouz,Sidi Bouzid,commercial,2026-01-01,60.0,1.0,45.0,7.0,1.5,3.0,1.0,0.5,0.0,20127,50.0,650.0,650.0
Ouled Haffouz,Sidi Bouzid,land,2026-01-01,60.0,1.0,45.0,7.0,1.5,3.0,1.0,0.5,0.0,20127,50.0,250.0,250.0
Regueb,Sidi Bouzid,apartment,2026-01-01,60.0,1.0,45.0,7.0,1.5,3.0,1.0,0.5,0.0,48925,50.0,650.0,650.0
Regueb,Sidi Bouzid,house,2026-01-01,60.0,1.0,45.0,7.0,1.5,3.0,1.0,0.5,0.0,48925,50.0,1000.0,1000.0
Regueb,Sidi Bouzid,commercial,2026-01-01,60.0,1.0,45.0,7.0,1.5,3.0,1.0,0.5,0.0,48925,50.0,700.0,700.0
Regueb,Sidi Bouzid,land,2026-01-01,60.0,1.0,45.0,7.0,1.5,3.0,1.0,0.5,0.0,48925,50.0,300.0,300.0
Sidi Ali Ben Aoun,Sidi Bouzid,apartment,2026-01-01,60.0,1.0,45.0,7.0,1.5,3.0,1.0,0.5,0.0,31424,50.0,600.0,600.0
Sidi Ali Ben Aoun,Sidi Bouzid,house,2026-01-01,60.0,1.0,45.0,7.0,1.5,3.0,1.0,0.5,0.0,31424,50.0,900.0,900.0
Sidi Ali Ben Aoun,Sidi Bouzid,commercial,2026-01-01,60.0,1.0,45.0,7.0,1.5,3.0,1.0,0.5,0.0,31424,50.0,500.0,500.0
Sidi Ali Ben Aoun,Sidi Bouzid,land,2026-01-01,60.0,1.0,45.0,7.0,1.5,3.0,1.0,0.5,0.0,31424,50.0,150.0,150.0
Sidi Bouzid Est,Sidi Bouzid,apartment,2026-01-01,60.0,1.0,45.0,7.0,1.5,3.0,1.0,0.5,0.0,57961,50.0,650.0,650.0
Sidi Bouzid Est,Sidi Bouzid,house,2026-01-01,60.0,1.0,45.0,7.0,1.5,3.0,1.0,0.5,0.0,57961,50.0,1200.0,1200.0
Sidi Bouzid Est,Sidi Bouzid,commercial,2026-01-01,60.0,1.0,45.0,7.0,1.5,3.0,1.0,0.5,0.0,57961,50.0,900.0,900.0
Sidi Bouzid Est,Sidi Bouzid,land,2026-01-01,60.0,1.0,45.0,7.0,1.5,3.0,1.0,0.5,0.0,57961,50.0,280.0,280.0
Sidi Bouzid Ouest,Sidi Bouzid,apartment,2026-01-01,60.0,1.0,45.0,7.0,1.5,3.0,1.0,0.5,0.0,72511,50.0,650.0,650.0
Sidi Bouzid Ouest,Sidi Bouzid,house,2026-01-01,60.0,1.0,45.0,7.0,1.5,3.0,1.0,0.5,0.0,72511,50.0,1100.0,1100.0
Sidi Bouzid Ouest,Sidi Bouzid,commercial,2026-01-01,60.0,1.0,45.0,7.0,1.5,3.0,1.0,0.5,0.0,72511,50.0,800.0,800.0
Sidi Bouzid Ouest,Sidi Bouzid,land,2026-01-01,60.0,1.0,45.0,7.0,1.5,3.0,1.0,0.5,0.0,72511,50.0,250.0,250.0
Souk Jedid,Sidi Bouzid,apartment,2026-01-01,60.0,1.0,45.0,7.0,1.5,3.0,1.0,0.5,0.0,22974,50.0,650.0,650.0
Souk Jedid,Sidi Bouzid,house,2026-01-01,60.0,1.0,45.0,7.0,1.5,3.0,1.0,0.5,0.0,22974,50.0,950.0,950.0
Souk Jedid,Sidi Bouzid,commercial,2026-01-01,60.0,1.0,45.0,7.0,1.5,3.0,1.0,0.5,0.0,22974,50.0,600.0,600.0
Souk Jedid,Sidi Bouzid,land,2026-01-01,60.0,1.0,45.0,7.0,1.5,3.0,1.0,0.5,0.0,22974,50.0,350.0,350.0
Bargou,Siliana,apartment,2026-01-01,60.0,1.0,45.0,7.0,1.5,3.0,1.0,0.5,0.0,11505,50.0,700.0,700.0
Bargou,Siliana,house,2026-01-01,60.0,1.0,45.0,7.0,1.5,3.0,1.0,0.5,0.0,11505,50.0,1500.0,1500.0
Bargou,Siliana,commercial,2026-01-01,60.0,1.0,45.0,7.0,1.5,3.0,1.0,0.5,0.0,11505,50.0,1200.0,1200.0
Bargou,Siliana,land,2026-01-01,60.0,1.0,45.0,7.0,1.5,3.0,1.0,0.5,0.0,11505,50.0,600.0,600.0
Bou Arada,Siliana,apartment,2026-01-01,60.0,1.0,45.0,7.0,1.5,3.0,1.0,0.5,0.0,19373,50.0,700.0,700.0
Bou Arada,Siliana,house,2026-01-01,60.0,1.0,45.0,7.0,1.5,3.0,1.0,0.5,0.0,19373,50.0,1300.0,1300.0
Bou Arada,Siliana,commercial,2026-01-01,60.0,1.0,45.0,7.0,1.5,3.0,1.0,0.5,0.0,19373,50.0,800.0,800.0
Bou Arada,Siliana,land,2026-01-01,60.0,1.0,45.0,7.0,1.5,3.0,1.0,0.5,0.0,19373,50.0,200.0,200.0
El Aroussa,Siliana,apartment,2026-01-01,60.0,1.0,45.0,7.0,1.5,3.0,1.0,0.5,0.0,8839,50.0,700.0,700.0
El Aroussa,Siliana,house,2026-01-01,60.0,1.0,45.0,7.0,1.5,3.0,1.0,0.5,0.0,8839,50.0,1300.0,1300.0
El Aroussa,Siliana,commercial,2026-01-01,60.0,1.0,45.0,7.0,1.5,3.0,1.0,0.5,0.0,8839,50.0,800.0,800.0
El Aroussa,Siliana,land,2026-01-01,60.0,1.0,45.0,7.0,1.5,3.0,1.0,0.5,0.0,8839,50.0,200.0,200.0
El Krib,Siliana,apartment,2026-01-01,60.0,1.0,45.0,7.0,1.5,3.0,1.0,0.5,0.0,20000,50.0,700.0,700.0
El Krib,Siliana,house,2026-01-01,60.0,1.0,45.0,7.0,1.5,3.0,1.0,0.5,0.0,20000,50.0,1500.0,1500.0
El Krib,Siliana,commercial,2026-01-01,60.0,1.0,45.0,7.0,1.5,3.0,1.0,0.5,0.0,20000,50.0,1200.0,1200.0
El Krib,Siliana,land,2026-01-01,60.0,1.0,45.0,7.0,1.5,3.0,1.0,0.5,0.0,20000,50.0,200.0,200.0
Gaâfour,Siliana,apartment,2026-01-01,60.0,1.0,45.0,7.0,1.5,3.0,1.0,0.5,0.0,15801,50.0,700.0,700.0
Gaâfour,Siliana,house,2026-01-01,60.0,1.0,45.0,7.0,1.5,3.0,1.0,0.5,0.0,15801,50.0,1500.0,1500.0
Gaâfour,Siliana,commercial,2026-01-01,60.0,1.0,45.0,7.0,1.5,3.0,1.0,0.5,0.0,15801,50.0,1200.0,1200.0
Gaâfour,Siliana,land,2026-01-01,60.0,1.0,45.0,7.0,1.5,3.0,1.0,0.5,0.0,15801,50.0,200.0,200.0
Kesra,Siliana,apartment,2026-01-01,60.0,1.0,45.0,7.0,1.5,3.0,1.0,0.5,0.0,15031,50.0,700.0,700.0
Kesra,Siliana,house,2026-01-01,60.0,1.0,45.0,7.0,1.5,3.0,1.0,0.5,0.0,15031,50.0,1500.0,1500.0
Kesra,Siliana,commercial,2026-01-01,60.0,1.0,45.0,7.0,1.5,3.0,1.0,0.5,0.0,15031,50.0,1200.0,1200.0
Kesra,Siliana,land,2026-01-01,60.0,1.0,45.0,7.0,1.5,3.0,1.0,0.5,0.0,15031,50.0,250.0,250.0
Makthar,Siliana,apartment,2026-01-01,60.0,1.0,45.0,7.0,1.5,3.0,1.0,0.5,0.0,28321,50.0,700.0,700.0
Makthar,Siliana,house,2026-01-01,60.0,1.0,45.0,7.0,1.5,3.0,1.0,0.5,0.0,28321,50.0,1500.0,1500.0
Makthar,Siliana,commercial,2026-01-01,60.0,1.0,45.0,7.0,1.5,3.0,1.0,0.5,0.0,28321,50.0,1200.0,1200.0
Makthar,Siliana,land,2026-01-01,60.0,1.0,45.0,7.0,1.5,3.0,1.0,0.5,0.0,28321,50.0,75.0,75.0
Rouhia,Siliana,apartment,2026-01-01,60.0,1.0,45.0,7.0,1.5,3.0,1.0,0.5,0.0,27063,50.0,700.0,700.0
Rouhia,Siliana,house,2026-01-01,60.0,1.0,45.0,7.0,1.5,3.0,1.0,0.5,0.0,27063,50.0,1500.0,1500.0
Rouhia,Siliana,commercial,2026-01-01,60.0,1.0,45.0,7.0,1.5,3.0,1.0,0.5,0.0,27063,50.0,1200.0,1200.0
Rouhia,Siliana,land,2026-01-01,60.0,1.0,45.0,7.0,1.5,3.0,1.0,0.5,0.0,27063,50.0,250.0,250.0
Sidi Bou Rouis,Siliana,apartment,2026-01-01,60.0,1.0,45.0,7.0,1.5,3.0,1.0,0.5,0.0,11555,50.0,700.0,700.0
Sidi Bou Rouis,Siliana,house,2026-01-01,60.0,1.0,45.0,7.0,1.5,3.0,1.0,0.5,0.0,11555,50.0,1300.0,1300.0
Sidi Bou Rouis,Siliana,commercial,2026-01-01,60.0,1.0,45.0,7.0,1.5,3.0,1.0,0.5,0.0,11555,50.0,800.0,800.0
Sidi Bou Rouis,Siliana,land,2026-01-01,60.0,1.0,45.0,7.0,1.5,3.0,1.0,0.5,0.0,11555,50.0,150.0,150.0
Siliana Nord,Siliana,apartment,2026-01-01,60.0,1.0,45.0,7.0,1.5,3.0,1.0,0.5,0.0,28801,50.0,700.0,700.0
Siliana Nord,Siliana,house,2026-01-01,60.0,1.0,45.0,7.0,1.5,3.0,1.0,0.5,0.0,28801,50.0,1500.0,1500.0
Siliana Nord,Siliana,commercial,2026-01-01,60.0,1.0,45.0,7.0,1.5,3.0,1.0,0.5,0.0,28801,50.0,1200.0,1200.0
Siliana Nord,Siliana,land,2026-01-01,60.0,1.0,45.0,7.0,1.5,3.0,1.0,0.5,0.0,28801,50.0,500.0,500.0
Siliana Sud,Siliana,apartment,2026-01-01,60.0,1.0,45.0,7.0,1.5,3.0,1.0,0.5,0.0,29953,50.0,700.0,700.0
Siliana Sud,Siliana,house,2026-01-01,60.0,1.0,45.0,7.0,1.5,3.0,1.0,0.5,0.0,29953,50.0,1500.0,1500.0
Siliana Sud,Siliana,commercial,2026-01-01,60.0,1.0,45.0,7.0,1.5,3.0,1.0,0.5,0.0,29953,50.0,1200.0,1200.0
Siliana Sud,Siliana,land,2026-01-01,60.0,1.0,45.0,7.0,1.5,3.0,1.0,0.5,0.0,29953,50.0,250.0,250.0
Akouda,Sousse,apartment,2026-01-01,60.0,1.0,45.0,7.0,1.5,3.0,1.0,0.5,7.0,39174,50.0,4336.0,4336.0
Akouda,Sousse,house,2026-01-01,60.0,1.0,45.0,7.0,1.5,3.0,1.0,0.5,-2.0,39174,50.0,3026.0,3026.0
Akouda,Sousse,commercial,2026-01-01,60.0,1.0,45.0,7.0,1.5,3.0,1.0,0.5,4.0,39174,50.0,3200.0,3200.0
Akouda,Sousse,land,2026-01-01,60.0,1.0,45.0,7.0,1.5,3.0,1.0,0.5,2.0,39174,50.0,700.0,700.0
Bouficha,Sousse,apartment,2026-01-01,60.0,1.0,45.0,7.0,1.5,3.0,1.0,0.5,0.0,36094,50.0,1400.0,1400.0
Bouficha,Sousse,house,2026-01-01,60.0,1.0,45.0,7.0,1.5,3.0,1.0,0.5,0.0,36094,50.0,1300.0,1300.0
Bouficha,Sousse,commercial,2026-01-01,60.0,1.0,45.0,7.0,1.5,3.0,1.0,0.5,0.0,36094,50.0,1200.0,1200.0
Bouficha,Sousse,land,2026-01-01,60.0,1.0,45.0,7.0,1.5,3.0,1.0,0.5,0.0,36094,50.0,200.0,200.0
Enfida,Sousse,apartment,2026-01-01,60.0,1.0,45.0,7.0,1.5,3.0,1.0,0.5,0.0,58613,50.0,1200.0,1200.0
Enfida,Sousse,house,2026-01-01,60.0,1.0,45.0,7.0,1.5,3.0,1.0,0.5,0.0,58613,50.0,1300.0,1300.0
Enfida,Sousse,commercial,2026-01-01,60.0,1.0,45.0,7.0,1.5,3.0,1.0,0.5,0.0,58613,50.0,1200.0,1200.0
Enfida,Sousse,land,2026-01-01,60.0,1.0,45.0,7.0,1.5,3.0,1.0,0.5,0.0,58613,50.0,250.0,250.0
Hammam Sousse,Sousse,apartment,2026-01-01,60.0,1.0,45.0,7.0,1.5,3.0,1.0,0.5,16.0,48899,50.0,3976.0,3976.0
Hammam Sousse,Sousse,house,2026-01-01,60.0,1.0,45.0,7.0,1.5,3.0,1.0,0.5,6.0,48899,50.0,2903.0,2903.0
Hammam Sousse,Sousse,commercial,2026-01-01,60.0,1.0,45.0,7.0,1.5,3.0,1.0,0.5,8.0,48899,50.0,3400.0,3400.0
Hammam Sousse,Sousse,land,2026-01-01,60.0,1.0,45.0,7.0,1.5,3.0,1.0,0.5,6.0,48899,50.0,1200.0,1200.0
Hergla,Sousse,apartment,2026-01-01,60.0,1.0,45.0,7.0,1.5,3.0,1.0,0.5,15.0,10652,50.0,3314.0,3314.0
Hergla,Sousse,house,2026-01-01,60.0,1.0,45.0,7.0,1.5,3.0,1.0,0.5,5.0,10652,50.0,2722.0,2722.0
Hergla,Sousse,commercial,2026-01-01,60.0,1.0,45.0,7.0,1.5,3.0,1.0,0.5,6.0,10652,50.0,2900.0,2900.0
Hergla,Sousse,land,2026-01-01,60.0,1.0,45.0,7.0,1.5,3.0,1.0,0.5,5.0,10652,50.0,700.0,700.0
Kalâa Kebira,Sousse,apartment,2026-01-01,60.0,1.0,45.0,7.0,1.5,3.0,1.0,0.5,0.0,67108,50.0,1300.0,1300.0
Kalâa Kebira,Sousse,house,2026-01-01,60.0,1.0,45.0,7.0,1.5,3.0,1.0,0.5,0.0,67108,50.0,1400.0,1400.0
Kalâa Kebira,Sousse,commercial,2026-01-01,60.0,1.0,45.0,7.0,1.5,3.0,1.0,0.5,0.0,67108,50.0,1200.0,1200.0
Kalâa Kebira,Sousse,land,2026-01-01,60.0,1.0,45.0,7.0,1.5,3.0,1.0,0.5,0.0,67108,50.0,300.0,300.0
Kalâa Seghira,Sousse,apartment,2026-01-01,60.0,1.0,45.0,7.0,1.5,3.0,1.0,0.5,0.0,45743,50.0,900.0,900.0
Kalâa Seghira,Sousse,house,2026-01-01,60.0,1.0,45.0,7.0,1.5,3.0,1.0,0.5,0.0,45743,50.0,1000.0,1000.0
Kalâa Seghira,Sousse,commercial,2026-01-01,60.0,1.0,45.0,7.0,1.5,3.0,1.0,0.5,0.0,45743,50.0,1100.0,1100.0
Kalâa Seghira,Sousse,land,2026-01-01,60.0,1.0,45.0,7.0,1.5,3.0,1.0,0.5,0.0,45743,50.0,350.0,350.0
Kondar,Sousse,apartment,2026-01-01,60.0,1.0,45.0,7.0,1.5,3.0,1.0,0.5,0.0,15491,50.0,1000.0,1000.0
Kondar,Sousse,house,2026-01-01,60.0,1.0,45.0,7.0,1.5,3.0,1.0,0.5,0.0,15491,50.0,1100.0,1100.0
Kondar,Sousse,commercial,2026-01-01,60.0,1.0,45.0,7.0,1.5,3.0,1.0,0.5,0.0,15491,50.0,1200.0,1200.0
Kondar,Sousse,land,2026-01-01,60.0,1.0,45.0,7.0,1.5,3.0,1.0,0.5,0.0,15491,50.0,80.0,80.0
M'saken,Sousse,apartment,2026-01-01,60.0,1.0,45.0,7.0,1.5,3.0,1.0,0.5,0.0,97312,50.0,1200.0,1200.0
M'saken,Sousse,house,2026-01-01,60.0,1.0,45.0,7.0,1.5,3.0,1.0,0.5,0.0,97312,50.0,1300.0,1300.0
M'saken,Sousse,commercial,2026-01-01,60.0,1.0,45.0,7.0,1.5,3.0,1.0,0.5,0.0,97312,50.0,1400.0,1400.0
M'saken,Sousse,land,2026-01-01,60.0,1.0,45.0,7.0,1.5,3.0,1.0,0.5,0.0,97312,50.0,200.0,200.0
Sidi Bou Ali,Sousse,apartment,2026-01-01,60.0,1.0,45.0,7.0,1.5,3.0,1.0,0.5,0.0,20647,50.0,1200.0,1200.0
Sidi Bou Ali,Sousse,house,2026-01-01,60.0,1.0,45.0,7.0,1.5,3.0,1.0,0.5,0.0,20647,50.0,1300.0,1300.0
Sidi Bou Ali,Sousse,commercial,2026-01-01,60.0,1.0,45.0,7.0,1.5,3.0,1.0,0.5,0.0,20647,50.0,1200.0,1200.0
Sidi Bou Ali,Sousse,land,2026-01-01,60.0,1.0,45.0,7.0,1.5,3.0,1.0,0.5,0.0,20647,50.0,170.0,170.0
Sidi El Hani,Sousse,apartment,2026-01-01,60.0,1.0,45.0,7.0,1.5,3.0,1.0,0.5,0.0,14508,50.0,900.0,900.0
Sidi El Hani,Sousse,house,2026-01-01,60.0,1.0,45.0,7.0,1.5,3.0,1.0,0.5,0.0,14508,50.0,1000.0,1000.0
Sidi El Hani,Sousse,commercial,2026-01-01,60.0,1.0,45.0,7.0,1.5,3.0,1.0,0.5,0.0,14508,50.0,1000.0,1000.0
Sidi El Hani,Sousse,land,2026-01-01,60.0,1.0,45.0,7.0,1.5,3.0,1.0,0.5,0.0,14508,50.0,30.0,30.0
Sousse Jawhara,Sousse,apartment,2026-01-01,60.0,1.0,45.0,7.0,1.5,3.0,1.0,0.5,-5.0,97535,50.0,1878.0,1878.0
Sousse Jawhara,Sousse,house,2026-01-01,60.0,1.0,45.0,7.0,1.5,3.0,1.0,0.5,-5.0,97535,50.0,2500.0,2500.0
Sousse Jawhara,Sousse,commercial,2026-01-01,60.0,1.0,45.0,7.0,1.5,3.0,1.0,0.5,-5.0,97535,50.0,2200.0,2200.0
Sousse Jawhara,Sousse,land,2026-01-01,60.0,1.0,45.0,7.0,1.5,3.0,1.0,0.5,-5.0,97535,50.0,1000.0,1000.0
Sousse Médina,Sousse,apartment,2026-01-01,60.0,1.0,45.0,7.0,1.5,3.0,1.0,0.5,6.0,32220,50.0,3200.0,3200.0
Sousse Médina,Sousse,house,2026-01-01,60.0,1.0,45.0,7.0,1.5,3.0,1.0,0.5,6.0,32220,50.0,3100.0,3100.0
Sousse Médina,Sousse,commercial,2026-01-01,60.0,1.0,45.0,7.0,1.5,3.0,1.0,0.5,7.0,32220,50.0,3400.0,3400.0
Sousse Médina,Sousse,land,2026-01-01,60.0,1.0,45.0,7.0,1.5,3.0,1.0,0.5,5.0,32220,50.0,2200.0,2200.0
Sousse Riadh,Sousse,apartment,2026-01-01,60.0,1.0,45.0,7.0,1.5,3.0,1.0,0.5,0.0,71464,50.0,3000.0,3000.0
Sousse Riadh,Sousse,house,2026-01-01,60.0,1.0,45.0,7.0,1.5,3.0,1.0,0.5,0.0,71464,50.0,2400.0,2400.0
Sousse Riadh,Sousse,commercial,2026-01-01,60.0,1.0,45.0,7.0,1.5,3.0,1.0,0.5,0.0,71464,50.0,2600.0,2600.0
Sousse Riadh,Sousse,land,2026-01-01,60.0,1.0,45.0,7.0,1.5,3.0,1.0,0.5,0.0,71464,50.0,330.0,330.0
Sousse Sidi Abdelhamid,Sousse,apartment,2026-01-01,60.0,1.0,45.0,7.0,1.5,3.0,1.0,0.5,0.0,57691,50.0,1900.0,1900.0
Sousse Sidi Abdelhamid,Sousse,house,2026-01-01,60.0,1.0,45.0,7.0,1.5,3.0,1.0,0.5,0.0,57691,50.0,2100.0,2100.0
Sousse Sidi Abdelhamid,Sousse,commercial,2026-01-01,60.0,1.0,45.0,7.0,1.5,3.0,1.0,0.5,0.0,57691,50.0,2300.0,2300.0
Sousse Sidi Abdelhamid,Sousse,land,2026-01-01,60.0,1.0,45.0,7.0,1.5,3.0,1.0,0.5,0.0,57691,50.0,600.0,600.0
Zaouiet Ksibet Thrayet,Sousse,apartment,2026-01-01,60.0,1.0,45.0,7.0,1.5,3.0,1.0,0.5,0.0,49130,50.0,1450.0,1450.0
Zaouiet Ksibet Thrayet,Sousse,house,2026-01-01,60.0,1.0,45.0,7.0,1.5,3.0,1.0,0.5,0.0,49130,50.0,1600.0,1600.0
Zaouiet Ksibet Thrayet,Sousse,commercial,2026-01-01,60.0,1.0,45.0,7.0,1.5,3.0,1.0,0.5,0.0,49130,50.0,1500.0,1500.0
Zaouiet Ksibet Thrayet,Sousse,land,2026-01-01,60.0,1.0,45.0,7.0,1.5,3.0,1.0,0.5,0.0,49130,50.0,500.0,500.0
Beni Mhira,Tataouine,apartment,2026-01-01,60.0,1.0,45.0,7.0,1.5,3.0,1.0,0.5,0.0,8190,50.0,650.0,650.0
Beni Mhira,Tataouine,house,2026-01-01,60.0,1.0,45.0,7.0,1.5,3.0,1.0,0.5,0.0,8190,50.0,1300.0,1300.0
Beni Mhira,Tataouine,commercial,2026-01-01,60.0,1.0,45.0,7.0,1.5,3.0,1.0,0.5,0.0,8190,50.0,800.0,800.0
Beni Mhira,Tataouine,land,2026-01-01,60.0,1.0,45.0,7.0,1.5,3.0,1.0,0.5,0.0,8190,50.0,150.0,150.0
Bir Lahmar,Tataouine,apartment,2026-01-01,60.0,1.0,45.0,7.0,1.5,3.0,1.0,0.5,0.0,10772,50.0,650.0,650.0
Bir Lahmar,Tataouine,house,2026-01-01,60.0,1.0,45.0,7.0,1.5,3.0,1.0,0.5,0.0,10772,50.0,1300.0,1300.0
Bir Lahmar,Tataouine,commercial,2026-01-01,60.0,1.0,45.0,7.0,1.5,3.0,1.0,0.5,0.0,10772,50.0,800.0,800.0
Bir Lahmar,Tataouine,land,2026-01-01,60.0,1.0,45.0,7.0,1.5,3.0,1.0,0.5,0.0,10772,50.0,150.0,150.0
Dehiba,Tataouine,apartment,2026-01-01,60.0,1.0,45.0,7.0,1.5,3.0,1.0,0.5,0.0,5920,50.0,650.0,650.0
Dehiba,Tataouine,house,2026-01-01,60.0,1.0,45.0,7.0,1.5,3.0,1.0,0.5,0.0,5920,50.0,1300.0,1300.0
Dehiba,Tataouine,commercial,2026-01-01,60.0,1.0,45.0,7.0,1.5,3.0,1.0,0.5,0.0,5920,50.0,800.0,800.0
Dehiba,Tataouine,land,2026-01-01,60.0,1.0,45.0,7.0,1.5,3.0,1.0,0.5,0.0,5920,50.0,150.0,150.0
Ghomrassen,Tataouine,apartment,2026-01-01,60.0,1.0,45.0,7.0,1.5,3.0,1.0,0.5,0.0,16351,50.0,650.0,650.0
Ghomrassen,Tataouine,house,2026-01-01,60.0,1.0,45.0,7.0,1.5,3.0,1.0,0.5,0.0,16351,50.0,1300.0,1300.0
Ghomrassen,Tataouine,commercial,2026-01-01,60.0,1.0,45.0,7.0,1.5,3.0,1.0,0.5,0.0,16351,50.0,800.0,800.0
Ghomrassen,Tataouine,land,2026-01-01,60.0,1.0,45.0,7.0,1.5,3.0,1.0,0.5,0.0,16351,50.0,250.0,250.0
Remada,Tataouine,apartment,2026-01-01,60.0,1.0,45.0,7.0,1.5,3.0,1.0,0.5,0.0,9964,50.0,650.0,650.0
Remada,Tataouine,house,2026-01-01,60.0,1.0,45.0,7.0,1.5,3.0,1.0,0.5,0.0,9964,50.0,1300.0,1300.0
Remada,Tataouine,commercial,2026-01-01,60.0,1.0,45.0,7.0,1.5,3.0,1.0,0.5,0.0,9964,50.0,800.0,800.0
Remada,Tataouine,land,2026-01-01,60.0,1.0,45.0,7.0,1.5,3.0,1.0,0.5,0.0,9964,50.0,200.0,200.0
Smâr,Tataouine,apartment,2026-01-01,60.0,1.0,45.0,7.0,1.5,3.0,1.0,0.5,0.0,8080,50.0,650.0,650.0
Smâr,Tataouine,house,2026-01-01,60.0,1.0,45.0,7.0,1.5,3.0,1.0,0.5,0.0,8080,50.0,1300.0,1300.0
Smâr,Tataouine,commercial,2026-01-01,60.0,1.0,45.0,7.0,1.5,3.0,1.0,0.5,0.0,8080,50.0,800.0,800.0
Smâr,Tataouine,land,2026-01-01,60.0,1.0,45.0,7.0,1.5,3.0,1.0,0.5,0.0,8080,50.0,200.0,200.0
Tataouine Nord,Tataouine,apartment,2026-01-01,60.0,1.0,45.0,7.0,1.5,3.0,1.0,0.5,0.0,66986,50.0,650.0,650.0
Tataouine Nord,Tataouine,house,2026-01-01,60.0,1.0,45.0,7.0,1.5,3.0,1.0,0.5,0.0,66986,50.0,1300.0,1300.0
Tataouine Nord,Tataouine,commercial,2026-01-01,60.0,1.0,45.0,7.0,1.5,3.0,1.0,0.5,0.0,66986,50.0,800.0,800.0
Tataouine Nord,Tataouine,land,2026-01-01,60.0,1.0,45.0,7.0,1.5,3.0,1.0,0.5,0.0,66986,50.0,150.0,150.0
Tataouine Sud,Tataouine,apartment,2026-01-01,60.0,1.0,45.0,7.0,1.5,3.0,1.0,0.5,0.0,36391,50.0,650.0,650.0
Tataouine Sud,Tataouine,house,2026-01-01,60.0,1.0,45.0,7.0,1.5,3.0,1.0,0.5,0.0,36391,50.0,1300.0,1300.0
Tataouine Sud,Tataouine,commercial,2026-01-01,60.0,1.0,45.0,7.0,1.5,3.0,1.0,0.5,0.0,36391,50.0,800.0,800.0
Tataouine Sud,Tataouine,land,2026-01-01,60.0,1.0,45.0,7.0,1.5,3.0,1.0,0.5,0.0,36391,50.0,200.0,200.0
Degache,Tozeur,apartment,2026-01-01,60.0,1.0,45.0,7.0,1.5,3.0,1.0,0.5,0.0,24426,50.0,900.0,900.0
Degache,Tozeur,house,2026-01-01,60.0,1.0,45.0,7.0,1.5,3.0,1.0,0.5,0.0,24426,50.0,1000.0,1000.0
Degache,Tozeur,commercial,2026-01-01,60.0,1.0,45.0,7.0,1.5,3.0,1.0,0.5,0.0,24426,50.0,700.0,700.0
Degache,Tozeur,land,2026-01-01,60.0,1.0,45.0,7.0,1.5,3.0,1.0,0.5,0.0,24426,50.0,200.0,200.0
El Hamma du Jérid,Tozeur,apartment,2026-01-01,60.0,1.0,45.0,7.0,1.5,3.0,1.0,0.5,0.0,7895,50.0,700.0,700.0
El Hamma du Jérid,Tozeur,house,2026-01-01,60.0,1.0,45.0,7.0,1.5,3.0,1.0,0.5,0.0,7895,50.0,550.0,550.0
El Hamma du Jérid,Tozeur,commercial,2026-01-01,60.0,1.0,45.0,7.0,1.5,3.0,1.0,0.5,0.0,7895,50.0,500.0,500.0
El Hamma du Jérid,Tozeur,land,2026-01-01,60.0,1.0,45.0,7.0,1.5,3.0,1.0,0.5,0.0,7895,50.0,150.0,150.0
Hazoua,Tozeur,apartment,2026-01-01,60.0,1.0,45.0,7.0,1.5,3.0,1.0,0.5,0.0,6186,50.0,900.0,900.0
Hazoua,Tozeur,house,2026-01-01,60.0,1.0,45.0,7.0,1.5,3.0,1.0,0.5,0.0,6186,50.0,850.0,850.0
Hazoua,Tozeur,commercial,2026-01-01,60.0,1.0,45.0,7.0,1.5,3.0,1.0,0.5,0.0,6186,50.0,500.0,500.0
Hazoua,Tozeur,land,2026-01-01,60.0,1.0,45.0,7.0,1.5,3.0,1.0,0.5,0.0,6186,50.0,60.0,60.0
Nefta,Tozeur,apartment,2026-01-01,60.0,1.0,45.0,7.0,1.5,3.0,1.0,0.5,0.0,24263,50.0,900.0,900.0
Nefta,Tozeur,house,2026-01-01,60.0,1.0,45.0,7.0,1.5,3.0,1.0,0.5,0.0,24263,50.0,1100.0,1100.0
Nefta,Tozeur,commercial,2026-01-01,60.0,1.0,45.0,7.0,1.5,3.0,1.0,0.5,0.0,24263,50.0,600.0,600.0
Nefta,Tozeur,land,2026-01-01,60.0,1.0,45.0,7.0,1.5,3.0,1.0,0.5,0.0,24263,50.0,700.0,700.0
Tameghza,Tozeur,apartment,2026-01-01,60.0,1.0,45.0,7.0,1.5,3.0,1.0,0.5,0.0,6904,50.0,900.0,900.0
Tameghza,Tozeur,house,2026-01-01,60.0,1.0,45.0,7.0,1.5,3.0,1.0,0.5,0.0,6904,50.0,900.0,900.0
Tameghza,Tozeur,commercial,2026-01-01,60.0,1.0,45.0,7.0,1.5,3.0,1.0,0.5,0.0,6904,50.0,550.0,550.0
Tameghza,Tozeur,land,2026-01-01,60.0,1.0,45.0,7.0,1.5,3.0,1.0,0.5,0.0,6904,50.0,30.0,30.0
Tozeur,Tozeur,apartment,2026-01-01,60.0,1.0,45.0,7.0,1.5,3.0,1.0,0.5,0.0,50362,50.0,900.0,900.0
Tozeur,Tozeur,house,2026-01-01,60.0,1.0,45.0,7.0,1.5,3.0,1.0,0.5,0.0,50362,50.0,1200.0,1200.0
Tozeur,Tozeur,commercial,2026-01-01,60.0,1.0,45.0,7.0,1.5,3.0,1.0,0.5,0.0,50362,50.0,900.0,900.0
Tozeur,Tozeur,land,2026-01-01,60.0,1.0,45.0,7.0,1.5,3.0,1.0,0.5,0.0,50362,50.0,400.0,400.0
Bab El Bhar,Tunis,apartment,2026-01-01,60.0,1.0,45.0,7.0,1.5,3.0,1.0,0.5,1.0,30322,50.0,2000.0,2000.0
Bab El Bhar,Tunis,house,2026-01-01,60.0,1.0,45.0,7.0,1.5,3.0,1.0,0.5,1.0,30322,50.0,1800.0,1800.0
Bab El Bhar,Tunis,commercial,2026-01-01,60.0,1.0,45.0,7.0,1.5,3.0,1.0,0.5,1.0,30322,50.0,2200.0,2200.0
Bab El Bhar,Tunis,land,2026-01-01,60.0,1.0,45.0,7.0,1.5,3.0,1.0,0.5,1.0,30322,50.0,1300.0,1300.0
Bab Souika,Tunis,apartment,2026-01-01,60.0,1.0,45.0,7.0,1.5,3.0,1.0,0.5,2.0,25142,50.0,3000.0,3000.0
Bab Souika,Tunis,house,2026-01-01,60.0,1.0,45.0,7.0,1.5,3.0,1.0,0.5,2.0,25142,50.0,2700.0,2700.0
Bab Souika,Tunis,commercial,2026-01-01,60.0,1.0,45.0,7.0,1.5,3.0,1.0,0.5,3.0,25142,50.0,3500.0,3500.0
Bab Souika,Tunis,land,2026-01-01,60.0,1.0,45.0,7.0,1.5,3.0,1.0,0.5,2.0,25142,50.0,1800.0,1800.0
Carthage,Tunis,apartment,2026-01-01,60.0,1.0,45.0,7.0,1.5,3.0,1.0,0.5,11.0,22203,50.0,5500.0,5500.0
Carthage,Tunis,house,2026-01-01,60.0,1.0,45.0,7.0,1.5,3.0,1.0,0.5,11.0,22203,50.0,5500.0,5500.0
Carthage,Tunis,commercial,2026-01-01,60.0,1.0,45.0,7.0,1.5,3.0,1.0,0.5,10.0,22203,50.0,4500.0,4500.0
Carthage,Tunis,land,2026-01-01,60.0,1.0,45.0,7.0,1.5,3.0,1.0,0.5,11.0,22203,50.0,3000.0,3000.0
Cité El Khadra,Tunis,apartment,2026-01-01,60.0,1.0,45.0,7.0,1.5,3.0,1.0,0.5,-9.0,30345,50.0,2200.0,2200.0
Cité El Khadra,Tunis,house,2026-01-01,60.0,1.0,45.0,7.0,1.5,3.0,1.0,0.5,-9.0,30345,50.0,2000.0,2000.0
Cité El Khadra,Tunis,commercial,2026-01-01,60.0,1.0,45.0,7.0,1.5,3.0,1.0,0.5,-9.0,30345,50.0,2500.0,2500.0
Cité El Khadra,Tunis,land,2026-01-01,60.0,1.0,45.0,7.0,1.5,3.0,1.0,0.5,-9.0,30345,50.0,1400.0,1400.0
Djebel Jelloud,Tunis,apartment,2026-01-01,60.0,1.0,45.0,7.0,1.5,3.0,1.0,0.5,0.0,24183,50.0,1400.0,1400.0
Djebel Jelloud,Tunis,house,2026-01-01,60.0,1.0,45.0,7.0,1.5,3.0,1.0,0.5,0.0,24183,50.0,2200.0,2200.0
Djebel Jelloud,Tunis,commercial,2026-01-01,60.0,1.0,45.0,7.0,1.5,3.0,1.0,0.5,0.0,24183,50.0,1700.0,1700.0
Djebel Jelloud,Tunis,land,2026-01-01,60.0,1.0,45.0,7.0,1.5,3.0,1.0,0.5,0.0,24183,50.0,700.0,700.0
El Kabaria,Tunis,apartment,2026-01-01,60.0,1.0,45.0,7.0,1.5,3.0,1.0,0.5,0.0,83856,50.0,2300.0,2300.0
El Kabaria,Tunis,house,2026-01-01,60.0,1.0,45.0,7.0,1.5,3.0,1.0,0.5,0.0,83856,50.0,1900.0,1900.0
El Kabaria,Tunis,commercial,2026-01-01,60.0,1.0,45.0,7.0,1.5,3.0,1.0,0.5,0.0,83856,50.0,1700.0,1700.0
El Kabaria,Tunis,land,2026-01-01,60.0,1.0,45.0,7.0,1.5,3.0,1.0,0.5,0.0,83856,50.0,333.0,333.0
El Menzah,Tunis,apartment,2026-01-01,60.0,1.0,45.0,7.0,1.5,3.0,1.0,0.5,2.0,40738,50.0,3000.0,3000.0
El Menzah,Tunis,house,2026-01-01,60.0,1.0,45.0,7.0,1.5,3.0,1.0,0.5,2.0,40738,50.0,3170.0,3170.0
El Menzah,Tunis,commercial,2026-01-01,60.0,1.0,45.0,7.0,1.5,3.0,1.0,0.5,2.0,40738,50.0,2800.0,2800.0
El Menzah,Tunis,land,2026-01-01,60.0,1.0,45.0,7.0,1.5,3.0,1.0,0.5,2.0,40738,50.0,1600.0,1600.0
El Omrane,Tunis,apartment,2026-01-01,60.0,1.0,45.0,7.0,1.5,3.0,1.0,0.5,0.0,37678,50.0,3000.0,3000.0
El Omrane,Tunis,house,2026-01-01,60.0,1.0,45.0,7.0,1.5,3.0,1.0,0.5,0.0,37678,50.0,2200.0,2200.0
El Omrane,Tunis,commercial,2026-01-01,60.0,1.0,45.0,7.0,1.5,3.0,1.0,0.5,0.0,37678,50.0,2400.0,2400.0
El Omrane,Tunis,land,2026-01-01,60.0,1.0,45.0,7.0,1.5,3.0,1.0,0.5,0.0,37678,50.0,1200.0,1200.0
El Omrane supérieur,Tunis,apartment,2026-01-01,60.0,1.0,45.0,7.0,1.5,3.0,1.0,0.5,1.0,57993,50.0,3500.0,3500.0
El Omrane supérieur,Tunis,house,2026-01-01,60.0,1.0,45.0,7.0,1.5,3.0,1.0,0.5,1.0,57993,50.0,2200.0,2200.0
El Omrane supérieur,Tunis,commercial,2026-01-01,60.0,1.0,45.0,7.0,1.5,3.0,1.0,0.5,1.0,57993,50.0,2400.0,2400.0
El Omrane supérieur,Tunis,land,2026-01-01,60.0,1.0,45.0,7.0,1.5,3.0,1.0,0.5,1.0,57993,50.0,750.0,750.0
El Ouardia,Tunis,apartment,2026-01-01,60.0,1.0,45.0,7.0,1.5,3.0,1.0,0.5,2.0,30143,50.0,3500.0,3500.0
El Ouardia,Tunis,house,2026-01-01,60.0,1.0,45.0,7.0,1.5,3.0,1.0,0.5,2.0,30143,50.0,2900.0,2900.0
El Ouardia,Tunis,commercial,2026-01-01,60.0,1.0,45.0,7.0,1.5,3.0,1.0,0.5,2.0,30143,50.0,2600.0,2600.0
El Ouardia,Tunis,land,2026-01-01,60.0,1.0,45.0,7.0,1.5,3.0,1.0,0.5,2.0,30143,50.0,1800.0,1800.0
Ettahrir,Tunis,apartment,2026-01-01,60.0,1.0,45.0,7.0,1.5,3.0,1.0,0.5,0.0,19679,50.0,2200.0,2200.0
Ettahrir,Tunis,house,2026-01-01,60.0,1.0,45.0,7.0,1.5,3.0,1.0,0.5,0.0,19679,50.0,1500.0,1500.0
Ettahrir,Tunis,commercial,2026-01-01,60.0,1.0,45.0,7.0,1.5,3.0,1.0,0.5,0.0,19679,50.0,2500.0,2500.0
Ettahrir,Tunis,land,2026-01-01,60.0,1.0,45.0,7.0,1.5,3.0,1.0,0.5,0.0,19679,50.0,1500.0,1500.0
Ezzouhour,Tunis,apartment,2026-01-01,60.0,1.0,45.0,7.0,1.5,3.0,1.0,0.5,0.0,35484,50.0,1400.0,1400.0
Ezzouhour,Tunis,house,2026-01-01,60.0,1.0,45.0,7.0,1.5,3.0,1.0,0.5,0.0,35484,50.0,1600.0,1600.0
Ezzouhour,Tunis,commercial,2026-01-01,60.0,1.0,45.0,7.0,1.5,3.0,1.0,0.5,0.0,35484,50.0,1300.0,1300.0
Ezzouhour,Tunis,land,2026-01-01,60.0,1.0,45.0,7.0,1.5,3.0,1.0,0.5,0.0,35484,50.0,1000.0,1000.0
Hraïria,Tunis,apartment,2026-01-01,60.0,1.0,45.0,7.0,1.5,3.0,1.0,0.5,3.0,118229,50.0,3500.0,3500.0
Hraïria,Tunis,house,2026-01-01,60.0,1.0,45.0,7.0,1.5,3.0,1.0,0.5,3.0,118229,50.0,2100.0,2100.0
Hraïria,Tunis,commercial,2026-01-01,60.0,1.0,45.0,7.0,1.5,3.0,1.0,0.5,2.0,118229,50.0,2800.0,2800.0
Hraïria,Tunis,land,2026-01-01,60.0,1.0,45.0,7.0,1.5,3.0,1.0,0.5,3.0,118229,50.0,700.0,700.0
La Goulette,Tunis,apartment,2026-01-01,60.0,1.0,45.0,7.0,1.5,3.0,1.0,0.5,3.0,48382,50.0,3500.0,3500.0
La Goulette,Tunis,house,2026-01-01,60.0,1.0,45.0,7.0,1.5,3.0,1.0,0.5,3.0,48382,50.0,3100.0,3100.0
La Goulette,Tunis,commercial,2026-01-01,60.0,1.0,45.0,7.0,1.5,3.0,1.0,0.5,3.0,48382,50.0,2700.0,2700.0
La Goulette,Tunis,land,2026-01-01,60.0,1.0,45.0,7.0,1.5,3.0,1.0,0.5,3.0,48382,50.0,1000.0,1000.0
La Marsa,Tunis,apartment,2026-01-01,60.0,1.0,45.0,7.0,1.5,3.0,1.0,0.5,4.0,113133,50.0,4200.0,4200.0
La Marsa,Tunis,house,2026-01-01,60.0,1.0,45.0,7.0,1.5,3.0,1.0,0.5,5.0,113133,50.0,4400.0,4400.0
La Marsa,Tunis,commercial,2026-01-01,60.0,1.0,45.0,7.0,1.5,3.0,1.0,0.5,3.0,113133,50.0,3800.0,3800.0
La Marsa,Tunis,land,2026-01-01,60.0,1.0,45.0,7.0,1.5,3.0,1.0,0.5,4.0,113133,50.0,650.0,650.0
Le Bardo,Tunis,apartment,2026-01-01,60.0,1.0,45.0,7.0,1.5,3.0,1.0,0.5,-1.0,68799,50.0,2100.0,2100.0
Le Bardo,Tunis,house,2026-01-01,60.0,1.0,45.0,7.0,1.5,3.0,1.0,0.5,-1.0,68799,50.0,1800.0,1800.0
Le Bardo,Tunis,commercial,2026-01-01,60.0,1.0,45.0,7.0,1.5,3.0,1.0,0.5,-1.0,68799,50.0,1700.0,1700.0
Le Bardo,Tunis,land,2026-01-01,60.0,1.0,45.0,7.0,1.5,3.0,1.0,0.5,-1.0,68799,50.0,1100.0,1100.0
Le Kram,Tunis,apartment,2026-01-01,60.0,1.0,45.0,7.0,1.5,3.0,1.0,0.5,6.0,88302,50.0,4442.0,4442.0
Le Kram,Tunis,house,2026-01-01,60.0,1.0,45.0,7.0,1.5,3.0,1.0,0.5,4.0,88302,50.0,4100.0,4100.0
Le Kram,Tunis,commercial,2026-01-01,60.0,1.0,45.0,7.0,1.5,3.0,1.0,0.5,5.0,88302,50.0,3500.0,3500.0
Le Kram,Tunis,land,2026-01-01,60.0,1.0,45.0,7.0,1.5,3.0,1.0,0.5,5.0,88302,50.0,1200.0,1200.0
Médina,Tunis,apartment,2026-01-01,60.0,1.0,45.0,7.0,1.5,3.0,1.0,0.5,-2.0,17376,50.0,2000.0,2000.0
Médina,Tunis,house,2026-01-01,60.0,1.0,45.0,7.0,1.5,3.0,1.0,0.5,-2.0,17376,50.0,2200.0,2200.0
Médina,Tunis,commercial,2026-01-01,60.0,1.0,45.0,7.0,1.5,3.0,1.0,0.5,-2.0,17376,50.0,2000.0,2000.0
Médina,Tunis,land,2026-01-01,60.0,1.0,45.0,7.0,1.5,3.0,1.0,0.5,-2.0,17376,50.0,1500.0,1500.0
Sidi El Béchir,Tunis,apartment,2026-01-01,60.0,1.0,45.0,7.0,1.5,3.0,1.0,0.5,1.0,25044,50.0,2800.0,2800.0
Sidi El Béchir,Tunis,house,2026-01-01,60.0,1.0,45.0,7.0,1.5,3.0,1.0,0.5,1.0,25044,50.0,3200.0,3200.0
Sidi El Béchir,Tunis,commercial,2026-01-01,60.0,1.0,45.0,7.0,1.5,3.0,1.0,0.5,1.0,25044,50.0,2400.0,2400.0
Sidi El Béchir,Tunis,land,2026-01-01,60.0,1.0,45.0,7.0,1.5,3.0,1.0,0.5,1.0,25044,50.0,1400.0,1400.0
Sidi Hassine,Tunis,apartment,2026-01-01,60.0,1.0,45.0,7.0,1.5,3.0,1.0,0.5,2.0,129888,50.0,2200.0,2200.0
Sidi Hassine,Tunis,house,2026-01-01,60.0,1.0,45.0,7.0,1.5,3.0,1.0,0.5,2.0,129888,50.0,1800.0,1800.0
Sidi Hassine,Tunis,commercial,2026-01-01,60.0,1.0,45.0,7.0,1.5,3.0,1.0,0.5,0.0,129888,50.0,1500.0,1500.0
Sidi Hassine,Tunis,land,2026-01-01,60.0,1.0,45.0,7.0,1.5,3.0,1.0,0.5,2.0,129888,50.0,420.0,420.0
Séjoumi,Tunis,apartment,2026-01-01,60.0,1.0,45.0,7.0,1.5,3.0,1.0,0.5,-1.0,28387,50.0,2000.0,2000.0
Séjoumi,Tunis,house,2026-01-01,60.0,1.0,45.0,7.0,1.5,3.0,1.0,0.5,-1.0,28387,50.0,1600.0,1600.0
Séjoumi,Tunis,commercial,2026-01-01,60.0,1.0,45.0,7.0,1.5,3.0,1.0,0.5,-1.0,28387,50.0,1400.0,1400.0
Séjoumi,Tunis,land,2026-01-01,60.0,1.0,45.0,7.0,1.5,3.0,1.0,0.5,-1.0,28387,50.0,400.0,400.0
Bir Mcherga,Zaghouan,apartment,2026-01-01,60.0,1.0,45.0,7.0,1.5,3.0,1.0,0.5,0.0,27283,50.0,1100.0,1100.0
Bir Mcherga,Zaghouan,house,2026-01-01,60.0,1.0,45.0,7.0,1.5,3.0,1.0,0.5,0.0,27283,50.0,950.0,950.0
Bir Mcherga,Zaghouan,commercial,2026-01-01,60.0,1.0,45.0,7.0,1.5,3.0,1.0,0.5,0.0,27283,50.0,700.0,700.0
Bir Mcherga,Zaghouan,land,2026-01-01,60.0,1.0,45.0,7.0,1.5,3.0,1.0,0.5,0.0,27283,50.0,15.0,15.0
El Fahs,Zaghouan,apartment,2026-01-01,60.0,1.0,45.0,7.0,1.5,3.0,1.0,0.5,0.0,51214,50.0,1100.0,1100.0
El Fahs,Zaghouan,house,2026-01-01,60.0,1.0,45.0,7.0,1.5,3.0,1.0,0.5,0.0,51214,50.0,950.0,950.0
El Fahs,Zaghouan,commercial,2026-01-01,60.0,1.0,45.0,7.0,1.5,3.0,1.0,0.5,0.0,51214,50.0,700.0,700.0
El Fahs,Zaghouan,land,2026-01-01,60.0,1.0,45.0,7.0,1.5,3.0,1.0,0.5,0.0,51214,50.0,200.0,200.0
Nadhour,Zaghouan,apartment,2026-01-01,60.0,1.0,45.0,7.0,1.5,3.0,1.0,0.5,0.0,37130,50.0,1100.0,1100.0
Nadhour,Zaghouan,house,2026-01-01,60.0,1.0,45.0,7.0,1.5,3.0,1.0,0.5,0.0,37130,50.0,1000.0,1000.0
Nadhour,Zaghouan,commercial,2026-01-01,60.0,1.0,45.0,7.0,1.5,3.0,1.0,0.5,0.0,37130,50.0,750.0,750.0
Nadhour,Zaghouan,land,2026-01-01,60.0,1.0,45.0,7.0,1.5,3.0,1.0,0.5,1.0,37130,50.0,600.0,600.0
Saouaf,Zaghouan,apartment,2026-01-01,60.0,1.0,45.0,7.0,1.5,3.0,1.0,0.5,1.0,13776,50.0,1100.0,1100.0
Saouaf,Zaghouan,house,2026-01-01,60.0,1.0,45.0,7.0,1.5,3.0,1.0,0.5,1.0,13776,50.0,950.0,950.0
Saouaf,Zaghouan,commercial,2026-01-01,60.0,1.0,45.0,7.0,1.5,3.0,1.0,0.5,0.0,13776,50.0,700.0,700.0
Saouaf,Zaghouan,land,2026-01-01,60.0,1.0,45.0,7.0,1.5,3.0,1.0,0.5,1.0,13776,50.0,225.0,225.0
Zaghouan,Zaghouan,apartment,2026-01-01,60.0,1.0,45.0,7.0,1.5,3.0,1.0,0.5,1.0,43813,50.0,900.0,900.0
Zaghouan,Zaghouan,house,2026-01-01,60.0,1.0,45.0,7.0,1.5,3.0,1.0,0.5,1.0,43813,50.0,850.0,850.0
Zaghouan,Zaghouan,commercial,2026-01-01,60.0,1.0,45.0,7.0,1.5,3.0,1.0,0.5,1.0,43813,50.0,700.0,700.0
Zaghouan,Zaghouan,land,2026-01-01,60.0,1.0,45.0,7.0,1.5,3.0,1.0,0.5,1.0,43813,50.0,100.0,100.0
Zriba,Zaghouan,apartment,2026-01-01,60.0,1.0,45.0,7.0,1.5,3.0,1.0,0.5,0.0,27849,50.0,950.0,950.0
Zriba,Zaghouan,house,2026-01-01,60.0,1.0,45.0,7.0,1.5,3.0,1.0,0.5,0.0,27849,50.0,800.0,800.0
Zriba,Zaghouan,commercial,2026-01-01,60.0,1.0,45.0,7.0,1.5,3.0,1.0,0.5,0.0,27849,50.0,700.0,700.0
Zriba,Zaghouan,land,2026-01-01,60.0,1.0,45.0,7.0,1.5,3.0,1.0,0.5,0.0,27849,50.0,18.0,18.0
