delegation_name,governorate,delegation_fk_name,forecast_origin,forecast_month,horizon_idx,predicted_price_per_m2,model_mape_pct,model_version,created_at
Agareb,Sfax,Agareb,2025-12-01,2026-01-01,1,730217.8315686252,2.92,h12_v1,2026-05-08 17:00:51.171950
Agareb,Sfax,Agareb,2025-12-01,2026-02-01,2,738096.931498663,2.92,h12_v1,2026-05-08 17:00:51.173883
Agareb,Sfax,Agareb,2025-12-01,2026-03-01,3,740451.4401861174,2.92,h12_v1,2026-05-08 17:00:51.173883
Agareb,Sfax,Agareb,2025-12-01,2026-04-01,4,737073.308572097,2.92,h12_v1,2026-05-08 17:00:51.173883
Agareb,Sfax,Agareb,2025-12-01,2026-05-01,5,736452.849755003,2.92,h12_v1,2026-05-08 17:00:51.173883
Agareb,Sfax,Agareb,2025-12-01,2026-06-01,6,743173.3450695795,2.92,h12_v1,2026-05-08 17:00:51.173883
Agareb,Sfax,Agareb,2025-12-01,2026-07-01,7,740270.5742503575,2.92,h12_v1,2026-05-08 17:00:51.173883
Agareb,Sfax,Agareb,2025-12-01,2026-08-01,8,738940.5615959425,2.92,h12_v1,2026-05-08 17:00:51.173883
Agareb,Sfax,Agareb,2025-12-01,2026-09-01,9,738682.9646656439,2.92,h12_v1,2026-05-08 17:00:51.173883
Agareb,Sfax,Agareb,2025-12-01,2026-10-01,10,728958.3201866687,2.92,h12_v1,2026-05-08 17:00:51.173883
Agareb,Sfax,Agareb,2025-12-01,2026-11-01,11,731033.4700299344,2.92,h12_v1,2026-05-08 17:00:51.173883
Agareb,Sfax,Agareb,2025-12-01,2026-12-01,12,739295.6882174158,2.92,h12_v1,2026-05-08 17:00:51.173883
Akouda,Sousse,Akouda,2025-12-01,2026-01-01,1,781685.6579712625,2.92,h12_v1,2026-05-08 17:00:51.173883
Akouda,Sousse,Akouda,2025-12-01,2026-02-01,2,770177.8538375441,2.92,h12_v1,2026-05-08 17:00:51.173883
Akouda,Sousse,Akouda,2025-12-01,2026-03-01,3,787156.7395521558,2.92,h12_v1,2026-05-08 17:00:51.173883
Akouda,Sousse,Akouda,2025-12-01,2026-04-01,4,776149.047707282,2.92,h12_v1,2026-05-08 17:00:51.173883
Akouda,Sousse,Akouda,2025-12-01,2026-05-01,5,784010.0902000061,2.92,h12_v1,2026-05-08 17:00:51.173883
Akouda,Sousse,Akouda,2025-12-01,2026-06-01,6,777829.4121124859,2.92,h12_v1,2026-05-08 17:00:51.173883
Akouda,Sousse,Akouda,2025-12-01,2026-07-01,7,780186.3616871688,2.92,h12_v1,2026-05-08 17:00:51.173883
Akouda,Sousse,Akouda,2025-12-01,2026-08-01,8,776063.1941472088,2.92,h12_v1,2026-05-08 17:00:51.173883
Akouda,Sousse,Akouda,2025-12-01,2026-09-01,9,778927.2755005951,2.92,h12_v1,2026-05-08 17:00:51.173883
Akouda,Sousse,Akouda,2025-12-01,2026-10-01,10,782768.0709019637,2.92,h12_v1,2026-05-08 17:00:51.173883
Akouda,Sousse,Akouda,2025-12-01,2026-11-01,11,771194.851165612,2.92,h12_v1,2026-05-08 17:00:51.173883
Akouda,Sousse,Akouda,2025-12-01,2026-12-01,12,776926.7249169967,2.92,h12_v1,2026-05-08 17:00:51.173883
Amdoun,Béja,Amdoun,2025-12-01,2026-01-01,1,543802.2668936306,2.92,h12_v1,2026-05-08 17:00:51.173883
Amdoun,Béja,Amdoun,2025-12-01,2026-02-01,2,543964.8843905111,2.92,h12_v1,2026-05-08 17:00:51.173883
Amdoun,Béja,Amdoun,2025-12-01,2026-03-01,3,547089.4822496917,2.92,h12_v1,2026-05-08 17:00:51.173883
Amdoun,Béja,Amdoun,2025-12-01,2026-04-01,4,540527.4676673799,2.92,h12_v1,2026-05-08 17:00:51.173883
Amdoun,Béja,Amdoun,2025-12-01,2026-05-01,5,550428.6617973644,2.92,h12_v1,2026-05-08 17:00:51.173883
Amdoun,Béja,Amdoun,2025-12-01,2026-06-01,6,541838.0388829008,2.92,h12_v1,2026-05-08 17:00:51.173883
Amdoun,Béja,Amdoun,2025-12-01,2026-07-01,7,540695.7444486408,2.92,h12_v1,2026-05-08 17:00:51.173883
Amdoun,Béja,Amdoun,2025-12-01,2026-08-01,8,543912.0246366276,2.92,h12_v1,2026-05-08 17:00:51.173883
Amdoun,Béja,Amdoun,2025-12-01,2026-09-01,9,540491.5270129207,2.92,h12_v1,2026-05-08 17:00:51.173883
Amdoun,Béja,Amdoun,2025-12-01,2026-10-01,10,548737.983194485,2.92,h12_v1,2026-05-08 17:00:51.173883
Amdoun,Béja,Amdoun,2025-12-01,2026-11-01,11,542142.6284032281,2.92,h12_v1,2026-05-08 17:00:51.173883
Amdoun,Béja,Amdoun,2025-12-01,2026-12-01,12,543974.6928792995,2.92,h12_v1,2026-05-08 17:00:51.173883
Ariana Ville,Ariana,Ariana Ville,2025-12-01,2026-01-01,1,773200.956373584,2.92,h12_v1,2026-05-08 17:00:51.173883
Ariana Ville,Ariana,Ariana Ville,2025-12-01,2026-02-01,2,770900.2772606681,2.92,h12_v1,2026-05-08 17:00:51.173883
Ariana Ville,Ariana,Ariana Ville,2025-12-01,2026-03-01,3,783174.1512931766,2.92,h12_v1,2026-05-08 17:00:51.173883
Ariana Ville,Ariana,Ariana Ville,2025-12-01,2026-04-01,4,775556.6691221928,2.92,h12_v1,2026-05-08 17:00:51.173883
Ariana Ville,Ariana,Ariana Ville,2025-12-01,2026-05-01,5,767090.931207891,2.92,h12_v1,2026-05-08 17:00:51.173883
Ariana Ville,Ariana,Ariana Ville,2025-12-01,2026-06-01,6,769316.3407333745,2.92,h12_v1,2026-05-08 17:00:51.173883
Ariana Ville,Ariana,Ariana Ville,2025-12-01,2026-07-01,7,766339.5161361883,2.92,h12_v1,2026-05-08 17:00:51.173883
Ariana Ville,Ariana,Ariana Ville,2025-12-01,2026-08-01,8,762044.6913911976,2.92,h12_v1,2026-05-08 17:00:51.173883
Ariana Ville,Ariana,Ariana Ville,2025-12-01,2026-09-01,9,779226.5473893444,2.92,h12_v1,2026-05-08 17:00:51.173883
Ariana Ville,Ariana,Ariana Ville,2025-12-01,2026-10-01,10,774164.0611804281,2.92,h12_v1,2026-05-08 17:00:51.173883
Ariana Ville,Ariana,Ariana Ville,2025-12-01,2026-11-01,11,766686.2043631492,2.92,h12_v1,2026-05-08 17:00:51.173883
Ariana Ville,Ariana,Ariana Ville,2025-12-01,2026-12-01,12,766294.5833605087,2.92,h12_v1,2026-05-08 17:00:51.173883
Aïn Djeloula,Kairouan,Aïn Djeloula,2025-12-01,2026-01-01,1,581615.8013409483,2.92,h12_v1,2026-05-08 17:00:51.173883
Aïn Djeloula,Kairouan,Aïn Djeloula,2025-12-01,2026-02-01,2,581451.6872140288,2.92,h12_v1,2026-05-08 17:00:51.173883
Aïn Djeloula,Kairouan,Aïn Djeloula,2025-12-01,2026-03-01,3,583243.8918873958,2.92,h12_v1,2026-05-08 17:00:51.173883
Aïn Djeloula,Kairouan,Aïn Djeloula,2025-12-01,2026-04-01,4,581145.9089335395,2.92,h12_v1,2026-05-08 17:00:51.173883
Aïn Djeloula,Kairouan,Aïn Djeloula,2025-12-01,2026-05-01,5,579378.7430975173,2.92,h12_v1,2026-05-08 17:00:51.173883
Aïn Djeloula,Kairouan,Aïn Djeloula,2025-12-01,2026-06-01,6,592066.0187083835,2.92,h12_v1,2026-05-08 17:00:51.173883
Aïn Djeloula,Kairouan,Aïn Djeloula,2025-12-01,2026-07-01,7,585456.6457419398,2.92,h12_v1,2026-05-08 17:00:51.173883
Aïn Djeloula,Kairouan,Aïn Djeloula,2025-12-01,2026-08-01,8,589803.1843980422,2.92,h12_v1,2026-05-08 17:00:51.173883
Aïn Djeloula,Kairouan,Aïn Djeloula,2025-12-01,2026-09-01,9,582279.5381755308,2.92,h12_v1,2026-05-08 17:00:51.173883
Aïn Djeloula,Kairouan,Aïn Djeloula,2025-12-01,2026-10-01,10,580890.3342594098,2.92,h12_v1,2026-05-08 17:00:51.173883
Aïn Djeloula,Kairouan,Aïn Djeloula,2025-12-01,2026-11-01,11,586189.7570677405,2.92,h12_v1,2026-05-08 17:00:51.173883
Aïn Djeloula,Kairouan,Aïn Djeloula,2025-12-01,2026-12-01,12,584373.2004108882,2.92,h12_v1,2026-05-08 17:00:51.173883
Aïn Draham,Jendouba,Aïn Draham,2025-12-01,2026-01-01,1,348935.66027313157,2.92,h12_v1,2026-05-08 17:00:51.173883
Aïn Draham,Jendouba,Aïn Draham,2025-12-01,2026-02-01,2,349614.96652248554,2.92,h12_v1,2026-05-08 17:00:51.173883
Aïn Draham,Jendouba,Aïn Draham,2025-12-01,2026-03-01,3,350036.78459672106,2.92,h12_v1,2026-05-08 17:00:51.173883
Aïn Draham,Jendouba,Aïn Draham,2025-12-01,2026-04-01,4,350466.44122001145,2.92,h12_v1,2026-05-08 17:00:51.173883
Aïn Draham,Jendouba,Aïn Draham,2025-12-01,2026-05-01,5,353345.4897872846,2.92,h12_v1,2026-05-08 17:00:51.173883
Aïn Draham,Jendouba,Aïn Draham,2025-12-01,2026-06-01,6,352430.21683516627,2.92,h12_v1,2026-05-08 17:00:51.173883
Aïn Draham,Jendouba,Aïn Draham,2025-12-01,2026-07-01,7,348825.9549637405,2.92,h12_v1,2026-05-08 17:00:51.173883
Aïn Draham,Jendouba,Aïn Draham,2025-12-01,2026-08-01,8,350072.28572595096,2.92,h12_v1,2026-05-08 17:00:51.173883
Aïn Draham,Jendouba,Aïn Draham,2025-12-01,2026-09-01,9,353350.99592608557,2.92,h12_v1,2026-05-08 17:00:51.173883
Aïn Draham,Jendouba,Aïn Draham,2025-12-01,2026-10-01,10,351033.259897841,2.92,h12_v1,2026-05-08 17:00:51.173883
Aïn Draham,Jendouba,Aïn Draham,2025-12-01,2026-11-01,11,353371.48850344925,2.92,h12_v1,2026-05-08 17:00:51.173883
Aïn Draham,Jendouba,Aïn Draham,2025-12-01,2026-12-01,12,352594.32958127715,2.92,h12_v1,2026-05-08 17:00:51.173883
Bab El Bhar,Tunis,Bab El Bhar,2025-12-01,2026-01-01,1,987978.3002418473,2.92,h12_v1,2026-05-08 17:00:51.173883
Bab El Bhar,Tunis,Bab El Bhar,2025-12-01,2026-02-01,2,1001428.0402139499,2.92,h12_v1,2026-05-08 17:00:51.173883
Bab El Bhar,Tunis,Bab El Bhar,2025-12-01,2026-03-01,3,989268.8638001301,2.92,h12_v1,2026-05-08 17:00:51.173883
Bab El Bhar,Tunis,Bab El Bhar,2025-12-01,2026-04-01,4,993353.8141500124,2.92,h12_v1,2026-05-08 17:00:51.173883
Bab El Bhar,Tunis,Bab El Bhar,2025-12-01,2026-05-01,5,980695.7151607202,2.92,h12_v1,2026-05-08 17:00:51.173883
Bab El Bhar,Tunis,Bab El Bhar,2025-12-01,2026-06-01,6,986003.7235889022,2.92,h12_v1,2026-05-08 17:00:51.173883
Bab El Bhar,Tunis,Bab El Bhar,2025-12-01,2026-07-01,7,1000648.5398647012,2.92,h12_v1,2026-05-08 17:00:51.175834
Bab El Bhar,Tunis,Bab El Bhar,2025-12-01,2026-08-01,8,1003027.5143994812,2.92,h12_v1,2026-05-08 17:00:51.175834
Bab El Bhar,Tunis,Bab El Bhar,2025-12-01,2026-09-01,9,1006896.413720181,2.92,h12_v1,2026-05-08 17:00:51.175834
Bab El Bhar,Tunis,Bab El Bhar,2025-12-01,2026-10-01,10,998520.9310940177,2.92,h12_v1,2026-05-08 17:00:51.175834
Bab El Bhar,Tunis,Bab El Bhar,2025-12-01,2026-11-01,11,994897.8067969576,2.92,h12_v1,2026-05-08 17:00:51.175834
Bab El Bhar,Tunis,Bab El Bhar,2025-12-01,2026-12-01,12,999265.1610617995,2.92,h12_v1,2026-05-08 17:00:51.175834
Bab Souika,Tunis,Bab Souika,2025-12-01,2026-01-01,1,872710.2897469532,2.92,h12_v1,2026-05-08 17:00:51.175834
Bab Souika,Tunis,Bab Souika,2025-12-01,2026-02-01,2,873696.8921292585,2.92,h12_v1,2026-05-08 17:00:51.175834
Bab Souika,Tunis,Bab Souika,2025-12-01,2026-03-01,3,858495.872423068,2.92,h12_v1,2026-05-08 17:00:51.175834
Bab Souika,Tunis,Bab Souika,2025-12-01,2026-04-01,4,865333.5577513424,2.92,h12_v1,2026-05-08 17:00:51.175834
Bab Souika,Tunis,Bab Souika,2025-12-01,2026-05-01,5,875459.8896363472,2.92,h12_v1,2026-05-08 17:00:51.175834
Bab Souika,Tunis,Bab Souika,2025-12-01,2026-06-01,6,869494.6581849202,2.92,h12_v1,2026-05-08 17:00:51.175834
Bab Souika,Tunis,Bab Souika,2025-12-01,2026-07-01,7,868091.1111875061,2.92,h12_v1,2026-05-08 17:00:51.175834
Bab Souika,Tunis,Bab Souika,2025-12-01,2026-08-01,8,859712.9066611703,2.92,h12_v1,2026-05-08 17:00:51.175834
Bab Souika,Tunis,Bab Souika,2025-12-01,2026-09-01,9,862636.026993107,2.92,h12_v1,2026-05-08 17:00:51.175834
Bab Souika,Tunis,Bab Souika,2025-12-01,2026-10-01,10,869524.779293612,2.92,h12_v1,2026-05-08 17:00:51.175834
Bab Souika,Tunis,Bab Souika,2025-12-01,2026-11-01,11,872657.7072368461,2.92,h12_v1,2026-05-08 17:00:51.175834
Bab Souika,Tunis,Bab Souika,2025-12-01,2026-12-01,12,863770.0323748634,2.92,h12_v1,2026-05-08 17:00:51.175834
Balta-Bou Aouane,Jendouba,Balta-Bou Aouane,2025-12-01,2026-01-01,1,358126.27038706606,2.92,h12_v1,2026-05-08 17:00:51.175834
Balta-Bou Aouane,Jendouba,Balta-Bou Aouane,2025-12-01,2026-02-01,2,356070.5555624986,2.92,h12_v1,2026-05-08 17:00:51.175834
Balta-Bou Aouane,Jendouba,Balta-Bou Aouane,2025-12-01,2026-03-01,3,354414.48477775435,2.92,h12_v1,2026-05-08 17:00:51.175834
Balta-Bou Aouane,Jendouba,Balta-Bou Aouane,2025-12-01,2026-04-01,4,355241.6032743641,2.92,h12_v1,2026-05-08 17:00:51.193945
Balta-Bou Aouane,Jendouba,Balta-Bou Aouane,2025-12-01,2026-05-01,5,356474.6588952321,2.92,h12_v1,2026-05-08 17:00:51.193945
Balta-Bou Aouane,Jendouba,Balta-Bou Aouane,2025-12-01,2026-06-01,6,355009.00480254105,2.92,h12_v1,2026-05-08 17:00:51.193945
Balta-Bou Aouane,Jendouba,Balta-Bou Aouane,2025-12-01,2026-07-01,7,355942.7919530689,2.92,h12_v1,2026-05-08 17:00:51.193945
Balta-Bou Aouane,Jendouba,Balta-Bou Aouane,2025-12-01,2026-08-01,8,355455.66296865355,2.92,h12_v1,2026-05-08 17:00:51.193945
Balta-Bou Aouane,Jendouba,Balta-Bou Aouane,2025-12-01,2026-09-01,9,355710.83567546855,2.92,h12_v1,2026-05-08 17:00:51.193945
Balta-Bou Aouane,Jendouba,Balta-Bou Aouane,2025-12-01,2026-10-01,10,355370.1884503559,2.92,h12_v1,2026-05-08 17:00:51.193945
Balta-Bou Aouane,Jendouba,Balta-Bou Aouane,2025-12-01,2026-11-01,11,356904.50686823745,2.92,h12_v1,2026-05-08 17:00:51.193945
Balta-Bou Aouane,Jendouba,Balta-Bou Aouane,2025-12-01,2026-12-01,12,355357.95408823394,2.92,h12_v1,2026-05-08 17:00:51.193945
Bargou,Siliana,Bargou,2025-12-01,2026-01-01,1,511042.94904215,2.92,h12_v1,2026-05-08 17:00:51.193945
Bargou,Siliana,Bargou,2025-12-01,2026-02-01,2,511476.2481021273,2.92,h12_v1,2026-05-08 17:00:51.193945
Bargou,Siliana,Bargou,2025-12-01,2026-03-01,3,512675.92083932203,2.92,h12_v1,2026-05-08 17:00:51.193945
Bargou,Siliana,Bargou,2025-12-01,2026-04-01,4,510663.5575842058,2.92,h12_v1,2026-05-08 17:00:51.193945
Bargou,Siliana,Bargou,2025-12-01,2026-05-01,5,510978.54775825795,2.92,h12_v1,2026-05-08 17:00:51.193945
Bargou,Siliana,Bargou,2025-12-01,2026-06-01,6,510368.51036308415,2.92,h12_v1,2026-05-08 17:00:51.193945
Bargou,Siliana,Bargou,2025-12-01,2026-07-01,7,506741.95043043676,2.92,h12_v1,2026-05-08 17:00:51.193945
Bargou,Siliana,Bargou,2025-12-01,2026-08-01,8,509381.23329410324,2.92,h12_v1,2026-05-08 17:00:51.193945
Bargou,Siliana,Bargou,2025-12-01,2026-09-01,9,507028.9658604044,2.92,h12_v1,2026-05-08 17:00:51.193945
Bargou,Siliana,Bargou,2025-12-01,2026-10-01,10,509634.65711697476,2.92,h12_v1,2026-05-08 17:00:51.193945
Bargou,Siliana,Bargou,2025-12-01,2026-11-01,11,515185.929621318,2.92,h12_v1,2026-05-08 17:00:51.193945
Bargou,Siliana,Bargou,2025-12-01,2026-12-01,12,515392.67994203547,2.92,h12_v1,2026-05-08 17:00:51.193945
Bekalta,Monastir,Bekalta,2025-12-01,2026-01-01,1,734817.8416049151,2.92,h12_v1,2026-05-08 17:00:51.193945
Bekalta,Monastir,Bekalta,2025-12-01,2026-02-01,2,739693.2579822608,2.92,h12_v1,2026-05-08 17:00:51.193945
Bekalta,Monastir,Bekalta,2025-12-01,2026-03-01,3,741599.457884631,2.92,h12_v1,2026-05-08 17:00:51.193945
Bekalta,Monastir,Bekalta,2025-12-01,2026-04-01,4,737864.8092813693,2.92,h12_v1,2026-05-08 17:00:51.193945
Bekalta,Monastir,Bekalta,2025-12-01,2026-05-01,5,739724.7343791655,2.92,h12_v1,2026-05-08 17:00:51.193945
Bekalta,Monastir,Bekalta,2025-12-01,2026-06-01,6,742055.902060315,2.92,h12_v1,2026-05-08 17:00:51.193945
Bekalta,Monastir,Bekalta,2025-12-01,2026-07-01,7,739366.4503869321,2.92,h12_v1,2026-05-08 17:00:51.193945
Bekalta,Monastir,Bekalta,2025-12-01,2026-08-01,8,737858.2314099773,2.92,h12_v1,2026-05-08 17:00:51.193945
Bekalta,Monastir,Bekalta,2025-12-01,2026-09-01,9,735146.2349376053,2.92,h12_v1,2026-05-08 17:00:51.193945
Bekalta,Monastir,Bekalta,2025-12-01,2026-10-01,10,739328.8381320519,2.92,h12_v1,2026-05-08 17:00:51.193945
Bekalta,Monastir,Bekalta,2025-12-01,2026-11-01,11,734321.418549158,2.92,h12_v1,2026-05-08 17:00:51.193945
Bekalta,Monastir,Bekalta,2025-12-01,2026-12-01,12,734552.1569084198,2.92,h12_v1,2026-05-08 17:00:51.193945
Belkhir,Gafsa,Belkhir,2025-12-01,2026-01-01,1,453238.9800007394,2.92,h12_v1,2026-05-08 17:00:51.193945
Belkhir,Gafsa,Belkhir,2025-12-01,2026-02-01,2,454535.92986922554,2.92,h12_v1,2026-05-08 17:00:51.193945
Belkhir,Gafsa,Belkhir,2025-12-01,2026-03-01,3,456949.8606719825,2.92,h12_v1,2026-05-08 17:00:51.193945
Belkhir,Gafsa,Belkhir,2025-12-01,2026-04-01,4,452085.693865753,2.92,h12_v1,2026-05-08 17:00:51.193945
Belkhir,Gafsa,Belkhir,2025-12-01,2026-05-01,5,450148.27208261046,2.92,h12_v1,2026-05-08 17:00:51.193945
Belkhir,Gafsa,Belkhir,2025-12-01,2026-06-01,6,451277.50528665306,2.92,h12_v1,2026-05-08 17:00:51.193945
Belkhir,Gafsa,Belkhir,2025-12-01,2026-07-01,7,449859.8337527946,2.92,h12_v1,2026-05-08 17:00:51.193945
Belkhir,Gafsa,Belkhir,2025-12-01,2026-08-01,8,447891.0088912989,2.92,h12_v1,2026-05-08 17:00:51.193945
Belkhir,Gafsa,Belkhir,2025-12-01,2026-09-01,9,452719.03991089907,2.92,h12_v1,2026-05-08 17:00:51.193945
Belkhir,Gafsa,Belkhir,2025-12-01,2026-10-01,10,454534.2520174877,2.92,h12_v1,2026-05-08 17:00:51.193945
Belkhir,Gafsa,Belkhir,2025-12-01,2026-11-01,11,455514.31268700305,2.92,h12_v1,2026-05-08 17:00:51.193945
Belkhir,Gafsa,Belkhir,2025-12-01,2026-12-01,12,460038.5284199922,2.92,h12_v1,2026-05-08 17:00:51.193945
Bembla,Monastir,Bembla,2025-12-01,2026-01-01,1,748085.8563848033,2.92,h12_v1,2026-05-08 17:00:51.193945
Bembla,Monastir,Bembla,2025-12-01,2026-02-01,2,751317.475764456,2.92,h12_v1,2026-05-08 17:00:51.193945
Bembla,Monastir,Bembla,2025-12-01,2026-03-01,3,752653.6972491384,2.92,h12_v1,2026-05-08 17:00:51.193945
Bembla,Monastir,Bembla,2025-12-01,2026-04-01,4,740711.0003956452,2.92,h12_v1,2026-05-08 17:00:51.193945
Bembla,Monastir,Bembla,2025-12-01,2026-05-01,5,743577.6017345502,2.92,h12_v1,2026-05-08 17:00:51.193945
Bembla,Monastir,Bembla,2025-12-01,2026-06-01,6,747248.6508072332,2.92,h12_v1,2026-05-08 17:00:51.193945
Bembla,Monastir,Bembla,2025-12-01,2026-07-01,7,745503.6381420156,2.92,h12_v1,2026-05-08 17:00:51.193945
Bembla,Monastir,Bembla,2025-12-01,2026-08-01,8,744765.9147749036,2.92,h12_v1,2026-05-08 17:00:51.193945
Bembla,Monastir,Bembla,2025-12-01,2026-09-01,9,749790.3032242571,2.92,h12_v1,2026-05-08 17:00:51.193945
Bembla,Monastir,Bembla,2025-12-01,2026-10-01,10,742757.5361590845,2.92,h12_v1,2026-05-08 17:00:51.193945
Bembla,Monastir,Bembla,2025-12-01,2026-11-01,11,750536.2631846266,2.92,h12_v1,2026-05-08 17:00:51.193945
Bembla,Monastir,Bembla,2025-12-01,2026-12-01,12,753701.3322969078,2.92,h12_v1,2026-05-08 17:00:51.193945
Ben Arous,Ben Arous,Ben Arous,2025-12-01,2026-01-01,1,829320.0414110911,2.92,h12_v1,2026-05-08 17:00:51.193945
Ben Arous,Ben Arous,Ben Arous,2025-12-01,2026-02-01,2,839718.6345449513,2.92,h12_v1,2026-05-08 17:00:51.193945
Ben Arous,Ben Arous,Ben Arous,2025-12-01,2026-03-01,3,836061.0571276908,2.92,h12_v1,2026-05-08 17:00:51.195738
Ben Arous,Ben Arous,Ben Arous,2025-12-01,2026-04-01,4,832185.8443320747,2.92,h12_v1,2026-05-08 17:00:51.195738
Ben Arous,Ben Arous,Ben Arous,2025-12-01,2026-05-01,5,831852.7459195205,2.92,h12_v1,2026-05-08 17:00:51.195738
Ben Arous,Ben Arous,Ben Arous,2025-12-01,2026-06-01,6,831062.1300319908,2.92,h12_v1,2026-05-08 17:00:51.195738
Ben Arous,Ben Arous,Ben Arous,2025-12-01,2026-07-01,7,837423.2272890658,2.92,h12_v1,2026-05-08 17:00:51.195738
Ben Arous,Ben Arous,Ben Arous,2025-12-01,2026-08-01,8,841547.8467524508,2.92,h12_v1,2026-05-08 17:00:51.195738
Ben Arous,Ben Arous,Ben Arous,2025-12-01,2026-09-01,9,831019.4089188646,2.92,h12_v1,2026-05-08 17:00:51.195738
Ben Arous,Ben Arous,Ben Arous,2025-12-01,2026-10-01,10,830757.0559922731,2.92,h12_v1,2026-05-08 17:00:51.195738
Ben Arous,Ben Arous,Ben Arous,2025-12-01,2026-11-01,11,836526.4427742308,2.92,h12_v1,2026-05-08 17:00:51.195738
Ben Arous,Ben Arous,Ben Arous,2025-12-01,2026-12-01,12,831940.6544608765,2.92,h12_v1,2026-05-08 17:00:51.195738
Ben Gardane,Médenine,Ben Gardane,2025-12-01,2026-01-01,1,343887.3666904097,2.92,h12_v1,2026-05-08 17:00:51.195738
Ben Gardane,Médenine,Ben Gardane,2025-12-01,2026-02-01,2,348928.060326221,2.92,h12_v1,2026-05-08 17:00:51.195738
Ben Gardane,Médenine,Ben Gardane,2025-12-01,2026-03-01,3,345242.8104954279,2.92,h12_v1,2026-05-08 17:00:51.195738
Ben Gardane,Médenine,Ben Gardane,2025-12-01,2026-04-01,4,343166.3222979648,2.92,h12_v1,2026-05-08 17:00:51.195738
Ben Gardane,Médenine,Ben Gardane,2025-12-01,2026-05-01,5,346241.2607721522,2.92,h12_v1,2026-05-08 17:00:51.195738
Ben Gardane,Médenine,Ben Gardane,2025-12-01,2026-06-01,6,346410.9898896964,2.92,h12_v1,2026-05-08 17:00:51.195738
Ben Gardane,Médenine,Ben Gardane,2025-12-01,2026-07-01,7,346675.67664718104,2.92,h12_v1,2026-05-08 17:00:51.195738
Ben Gardane,Médenine,Ben Gardane,2025-12-01,2026-08-01,8,342187.522061818,2.92,h12_v1,2026-05-08 17:00:51.195738
Ben Gardane,Médenine,Ben Gardane,2025-12-01,2026-09-01,9,346233.6108161437,2.92,h12_v1,2026-05-08 17:00:51.195738
Ben Gardane,Médenine,Ben Gardane,2025-12-01,2026-10-01,10,341856.9360205038,2.92,h12_v1,2026-05-08 17:00:51.195738
Ben Gardane,Médenine,Ben Gardane,2025-12-01,2026-11-01,11,344788.0408952564,2.92,h12_v1,2026-05-08 17:00:51.195738
Ben Gardane,Médenine,Ben Gardane,2025-12-01,2026-12-01,12,344931.42856043135,2.92,h12_v1,2026-05-08 17:00:51.195738
Beni Hassen,Monastir,Beni Hassen,2025-12-01,2026-01-01,1,791274.0810034914,2.92,h12_v1,2026-05-08 17:00:51.195738
Beni Hassen,Monastir,Beni Hassen,2025-12-01,2026-02-01,2,790650.5454340319,2.92,h12_v1,2026-05-08 17:00:51.195738
Beni Hassen,Monastir,Beni Hassen,2025-12-01,2026-03-01,3,786816.5216447255,2.92,h12_v1,2026-05-08 17:00:51.195738
Beni Hassen,Monastir,Beni Hassen,2025-12-01,2026-04-01,4,783576.3801498031,2.92,h12_v1,2026-05-08 17:00:51.195738
Beni Hassen,Monastir,Beni Hassen,2025-12-01,2026-05-01,5,790242.7205543328,2.92,h12_v1,2026-05-08 17:00:51.195738
Beni Hassen,Monastir,Beni Hassen,2025-12-01,2026-06-01,6,787333.6979922706,2.92,h12_v1,2026-05-08 17:00:51.195738
Beni Hassen,Monastir,Beni Hassen,2025-12-01,2026-07-01,7,790397.6870919773,2.92,h12_v1,2026-05-08 17:00:51.195738
Beni Hassen,Monastir,Beni Hassen,2025-12-01,2026-08-01,8,792912.145925703,2.92,h12_v1,2026-05-08 17:00:51.195738
Beni Hassen,Monastir,Beni Hassen,2025-12-01,2026-09-01,9,787048.8629224229,2.92,h12_v1,2026-05-08 17:00:51.195738
Beni Hassen,Monastir,Beni Hassen,2025-12-01,2026-10-01,10,790289.626121425,2.92,h12_v1,2026-05-08 17:00:51.195738
Beni Hassen,Monastir,Beni Hassen,2025-12-01,2026-11-01,11,787242.1816592996,2.92,h12_v1,2026-05-08 17:00:51.195738
Beni Hassen,Monastir,Beni Hassen,2025-12-01,2026-12-01,12,781735.7618329908,2.92,h12_v1,2026-05-08 17:00:51.195738
Beni Khedache,Médenine,Beni Khedache,2025-12-01,2026-01-01,1,423608.3344885582,2.92,h12_v1,2026-05-08 17:00:51.195738
Beni Khedache,Médenine,Beni Khedache,2025-12-01,2026-02-01,2,426706.0768955448,2.92,h12_v1,2026-05-08 17:00:51.195738
Beni Khedache,Médenine,Beni Khedache,2025-12-01,2026-03-01,3,426832.4213822996,2.92,h12_v1,2026-05-08 17:00:51.195738
Beni Khedache,Médenine,Beni Khedache,2025-12-01,2026-04-01,4,423200.80512103444,2.92,h12_v1,2026-05-08 17:00:51.195738
Beni Khedache,Médenine,Beni Khedache,2025-12-01,2026-05-01,5,423024.5307552978,2.92,h12_v1,2026-05-08 17:00:51.195738
Beni Khedache,Médenine,Beni Khedache,2025-12-01,2026-06-01,6,425595.253449923,2.92,h12_v1,2026-05-08 17:00:51.195738
Beni Khedache,Médenine,Beni Khedache,2025-12-01,2026-07-01,7,427647.1484895441,2.92,h12_v1,2026-05-08 17:00:51.200533
Beni Khedache,Médenine,Beni Khedache,2025-12-01,2026-08-01,8,427802.5535848143,2.92,h12_v1,2026-05-08 17:00:51.200533
Beni Khedache,Médenine,Beni Khedache,2025-12-01,2026-09-01,9,425530.6188440766,2.92,h12_v1,2026-05-08 17:00:51.200533
Beni Khedache,Médenine,Beni Khedache,2025-12-01,2026-10-01,10,427390.0847718328,2.92,h12_v1,2026-05-08 17:00:51.200533
Beni Khedache,Médenine,Beni Khedache,2025-12-01,2026-11-01,11,424233.1028748514,2.92,h12_v1,2026-05-08 17:00:51.200533
Beni Khedache,Médenine,Beni Khedache,2025-12-01,2026-12-01,12,427733.25406859466,2.92,h12_v1,2026-05-08 17:00:51.200533
Beni Mhira,Tataouine,Beni Mhira,2025-12-01,2026-01-01,1,355243.72760730906,2.92,h12_v1,2026-05-08 17:00:51.200533
Beni Mhira,Tataouine,Beni Mhira,2025-12-01,2026-02-01,2,352882.92932173144,2.92,h12_v1,2026-05-08 17:00:51.200533
Beni Mhira,Tataouine,Beni Mhira,2025-12-01,2026-03-01,3,352730.7395390225,2.92,h12_v1,2026-05-08 17:00:51.200533
Beni Mhira,Tataouine,Beni Mhira,2025-12-01,2026-04-01,4,355060.574921754,2.92,h12_v1,2026-05-08 17:00:51.200533
Beni Mhira,Tataouine,Beni Mhira,2025-12-01,2026-05-01,5,355025.74699106166,2.92,h12_v1,2026-05-08 17:00:51.200533
Beni Mhira,Tataouine,Beni Mhira,2025-12-01,2026-06-01,6,352900.83004297974,2.92,h12_v1,2026-05-08 17:00:51.200533
Beni Mhira,Tataouine,Beni Mhira,2025-12-01,2026-07-01,7,352697.72428559454,2.92,h12_v1,2026-05-08 17:00:51.200533
Beni Mhira,Tataouine,Beni Mhira,2025-12-01,2026-08-01,8,353481.1935984782,2.92,h12_v1,2026-05-08 17:00:51.202786
Beni Mhira,Tataouine,Beni Mhira,2025-12-01,2026-09-01,9,354946.01125467446,2.92,h12_v1,2026-05-08 17:00:51.202786
Beni Mhira,Tataouine,Beni Mhira,2025-12-01,2026-10-01,10,353815.98098423955,2.92,h12_v1,2026-05-08 17:00:51.202786
Beni Mhira,Tataouine,Beni Mhira,2025-12-01,2026-11-01,11,355614.9405619226,2.92,h12_v1,2026-05-08 17:00:51.202786
Beni Mhira,Tataouine,Beni Mhira,2025-12-01,2026-12-01,12,352152.9919618569,2.92,h12_v1,2026-05-08 17:00:51.202786
Bir Ali Ben Khalifa,Sfax,Bir Ali Ben Khalifa,2025-12-01,2026-01-01,1,672788.0967304966,2.92,h12_v1,2026-05-08 17:00:51.202786
Bir Ali Ben Khalifa,Sfax,Bir Ali Ben Khalifa,2025-12-01,2026-02-01,2,672507.9380037176,2.92,h12_v1,2026-05-08 17:00:51.202786
Bir Ali Ben Khalifa,Sfax,Bir Ali Ben Khalifa,2025-12-01,2026-03-01,3,676489.1520968729,2.92,h12_v1,2026-05-08 17:00:51.202786
Bir Ali Ben Khalifa,Sfax,Bir Ali Ben Khalifa,2025-12-01,2026-04-01,4,676311.0258002152,2.92,h12_v1,2026-05-08 17:00:51.202786
Bir Ali Ben Khalifa,Sfax,Bir Ali Ben Khalifa,2025-12-01,2026-05-01,5,681578.791849338,2.92,h12_v1,2026-05-08 17:00:51.202786
Bir Ali Ben Khalifa,Sfax,Bir Ali Ben Khalifa,2025-12-01,2026-06-01,6,675102.4779226553,2.92,h12_v1,2026-05-08 17:00:51.202786
Bir Ali Ben Khalifa,Sfax,Bir Ali Ben Khalifa,2025-12-01,2026-07-01,7,667227.0431706525,2.92,h12_v1,2026-05-08 17:00:51.202786
Bir Ali Ben Khalifa,Sfax,Bir Ali Ben Khalifa,2025-12-01,2026-08-01,8,675072.6036747032,2.92,h12_v1,2026-05-08 17:00:51.202786
Bir Ali Ben Khalifa,Sfax,Bir Ali Ben Khalifa,2025-12-01,2026-09-01,9,671694.8340402987,2.92,h12_v1,2026-05-08 17:00:51.202786
Bir Ali Ben Khalifa,Sfax,Bir Ali Ben Khalifa,2025-12-01,2026-10-01,10,672949.959235819,2.92,h12_v1,2026-05-08 17:00:51.202786
Bir Ali Ben Khalifa,Sfax,Bir Ali Ben Khalifa,2025-12-01,2026-11-01,11,668830.54218977,2.92,h12_v1,2026-05-08 17:00:51.202786
Bir Ali Ben Khalifa,Sfax,Bir Ali Ben Khalifa,2025-12-01,2026-12-01,12,669410.8105288229,2.92,h12_v1,2026-05-08 17:00:51.202786
Bir El Hafey,Sidi Bouzid,Bir El Hafey,2025-12-01,2026-01-01,1,419943.4463664084,2.92,h12_v1,2026-05-08 17:00:51.202786
Bir El Hafey,Sidi Bouzid,Bir El Hafey,2025-12-01,2026-02-01,2,420265.9965428938,2.92,h12_v1,2026-05-08 17:00:51.202786
Bir El Hafey,Sidi Bouzid,Bir El Hafey,2025-12-01,2026-03-01,3,417805.33122417465,2.92,h12_v1,2026-05-08 17:00:51.202786
Bir El Hafey,Sidi Bouzid,Bir El Hafey,2025-12-01,2026-04-01,4,415941.7560890598,2.92,h12_v1,2026-05-08 17:00:51.202786
Bir El Hafey,Sidi Bouzid,Bir El Hafey,2025-12-01,2026-05-01,5,417767.6011909225,2.92,h12_v1,2026-05-08 17:00:51.202786
Bir El Hafey,Sidi Bouzid,Bir El Hafey,2025-12-01,2026-06-01,6,418926.2292233578,2.92,h12_v1,2026-05-08 17:00:51.202786
Bir El Hafey,Sidi Bouzid,Bir El Hafey,2025-12-01,2026-07-01,7,421997.2184841381,2.92,h12_v1,2026-05-08 17:00:51.202786
Bir El Hafey,Sidi Bouzid,Bir El Hafey,2025-12-01,2026-08-01,8,423072.8837320627,2.92,h12_v1,2026-05-08 17:00:51.202786
Bir El Hafey,Sidi Bouzid,Bir El Hafey,2025-12-01,2026-09-01,9,418854.64725712565,2.92,h12_v1,2026-05-08 17:00:51.202786
Bir El Hafey,Sidi Bouzid,Bir El Hafey,2025-12-01,2026-10-01,10,419513.23253616015,2.92,h12_v1,2026-05-08 17:00:51.202786
Bir El Hafey,Sidi Bouzid,Bir El Hafey,2025-12-01,2026-11-01,11,420075.92458095844,2.92,h12_v1,2026-05-08 17:00:51.202786
Bir El Hafey,Sidi Bouzid,Bir El Hafey,2025-12-01,2026-12-01,12,423004.8951796645,2.92,h12_v1,2026-05-08 17:00:51.202786
Bir Lahmar,Tataouine,Bir Lahmar,2025-12-01,2026-01-01,1,392011.5955219829,2.92,h12_v1,2026-05-08 17:00:51.202786
Bir Lahmar,Tataouine,Bir Lahmar,2025-12-01,2026-02-01,2,387603.4621904564,2.92,h12_v1,2026-05-08 17:00:51.202786
Bir Lahmar,Tataouine,Bir Lahmar,2025-12-01,2026-03-01,3,390879.77700840746,2.92,h12_v1,2026-05-08 17:00:51.202786
Bir Lahmar,Tataouine,Bir Lahmar,2025-12-01,2026-04-01,4,386749.2414006266,2.92,h12_v1,2026-05-08 17:00:51.202786
Bir Lahmar,Tataouine,Bir Lahmar,2025-12-01,2026-05-01,5,389332.42378910584,2.92,h12_v1,2026-05-08 17:00:51.202786
Bir Lahmar,Tataouine,Bir Lahmar,2025-12-01,2026-06-01,6,388313.9191406007,2.92,h12_v1,2026-05-08 17:00:51.203814
Bir Lahmar,Tataouine,Bir Lahmar,2025-12-01,2026-07-01,7,388629.997070206,2.92,h12_v1,2026-05-08 17:00:51.203814
Bir Lahmar,Tataouine,Bir Lahmar,2025-12-01,2026-08-01,8,386295.4987760723,2.92,h12_v1,2026-05-08 17:00:51.203814
Bir Lahmar,Tataouine,Bir Lahmar,2025-12-01,2026-09-01,9,390187.496683421,2.92,h12_v1,2026-05-08 17:00:51.203814
Bir Lahmar,Tataouine,Bir Lahmar,2025-12-01,2026-10-01,10,386748.92454995663,2.92,h12_v1,2026-05-08 17:00:51.203814
Bir Lahmar,Tataouine,Bir Lahmar,2025-12-01,2026-11-01,11,388577.5594603698,2.92,h12_v1,2026-05-08 17:00:51.203814
Bir Lahmar,Tataouine,Bir Lahmar,2025-12-01,2026-12-01,12,384583.9340838625,2.92,h12_v1,2026-05-08 17:00:51.203814
Bir Mcherga,Zaghouan,Bir Mcherga,2025-12-01,2026-01-01,1,481201.5676355533,2.92,h12_v1,2026-05-08 17:00:51.203814
Bir Mcherga,Zaghouan,Bir Mcherga,2025-12-01,2026-02-01,2,484775.4511636455,2.92,h12_v1,2026-05-08 17:00:51.203814
Bir Mcherga,Zaghouan,Bir Mcherga,2025-12-01,2026-03-01,3,482705.3213024195,2.92,h12_v1,2026-05-08 17:00:51.203814
Bir Mcherga,Zaghouan,Bir Mcherga,2025-12-01,2026-04-01,4,483699.7452156329,2.92,h12_v1,2026-05-08 17:00:51.203814
Bir Mcherga,Zaghouan,Bir Mcherga,2025-12-01,2026-05-01,5,485628.5950093431,2.92,h12_v1,2026-05-08 17:00:51.203814
Bir Mcherga,Zaghouan,Bir Mcherga,2025-12-01,2026-06-01,6,484954.0000038495,2.92,h12_v1,2026-05-08 17:00:51.203814
Bir Mcherga,Zaghouan,Bir Mcherga,2025-12-01,2026-07-01,7,482344.7430805912,2.92,h12_v1,2026-05-08 17:00:51.203814
Bir Mcherga,Zaghouan,Bir Mcherga,2025-12-01,2026-08-01,8,480710.1097446649,2.92,h12_v1,2026-05-08 17:00:51.203814
Bir Mcherga,Zaghouan,Bir Mcherga,2025-12-01,2026-09-01,9,480252.0465357754,2.92,h12_v1,2026-05-08 17:00:51.203814
Bir Mcherga,Zaghouan,Bir Mcherga,2025-12-01,2026-10-01,10,483037.1242486372,2.92,h12_v1,2026-05-08 17:00:51.203814
Bir Mcherga,Zaghouan,Bir Mcherga,2025-12-01,2026-11-01,11,480680.49089661665,2.92,h12_v1,2026-05-08 17:00:51.203814
Bir Mcherga,Zaghouan,Bir Mcherga,2025-12-01,2026-12-01,12,477688.689137011,2.92,h12_v1,2026-05-08 17:00:51.203814
Bizerte Nord,Bizerte,Bizerte Nord,2025-12-01,2026-01-01,1,875571.5434607302,2.92,h12_v1,2026-05-08 17:00:51.203814
Bizerte Nord,Bizerte,Bizerte Nord,2025-12-01,2026-02-01,2,874081.9882458001,2.92,h12_v1,2026-05-08 17:00:51.203814
Bizerte Nord,Bizerte,Bizerte Nord,2025-12-01,2026-03-01,3,874275.3472793888,2.92,h12_v1,2026-05-08 17:00:51.203814
Bizerte Nord,Bizerte,Bizerte Nord,2025-12-01,2026-04-01,4,872928.108026403,2.92,h12_v1,2026-05-08 17:00:51.203814
Bizerte Nord,Bizerte,Bizerte Nord,2025-12-01,2026-05-01,5,886027.5503109767,2.92,h12_v1,2026-05-08 17:00:51.203814
Bizerte Nord,Bizerte,Bizerte Nord,2025-12-01,2026-06-01,6,876048.0442117399,2.92,h12_v1,2026-05-08 17:00:51.203814
Bizerte Nord,Bizerte,Bizerte Nord,2025-12-01,2026-07-01,7,874781.9732252322,2.92,h12_v1,2026-05-08 17:00:51.203814
Bizerte Nord,Bizerte,Bizerte Nord,2025-12-01,2026-08-01,8,872366.3350034287,2.92,h12_v1,2026-05-08 17:00:51.203814
Bizerte Nord,Bizerte,Bizerte Nord,2025-12-01,2026-09-01,9,868793.2197265304,2.92,h12_v1,2026-05-08 17:00:51.203814
Bizerte Nord,Bizerte,Bizerte Nord,2025-12-01,2026-10-01,10,878545.3302595281,2.92,h12_v1,2026-05-08 17:00:51.203814
Bizerte Nord,Bizerte,Bizerte Nord,2025-12-01,2026-11-01,11,877014.927429292,2.92,h12_v1,2026-05-08 17:00:51.203814
Bizerte Nord,Bizerte,Bizerte Nord,2025-12-01,2026-12-01,12,873691.0824806665,2.92,h12_v1,2026-05-08 17:00:51.203814
Bizerte Sud,Bizerte,Bizerte Sud,2025-12-01,2026-01-01,1,489218.67668398574,2.92,h12_v1,2026-05-08 17:00:51.203814
Bizerte Sud,Bizerte,Bizerte Sud,2025-12-01,2026-02-01,2,490737.73871020664,2.92,h12_v1,2026-05-08 17:00:51.203814
Bizerte Sud,Bizerte,Bizerte Sud,2025-12-01,2026-03-01,3,487233.56175677566,2.92,h12_v1,2026-05-08 17:00:51.203814
Bizerte Sud,Bizerte,Bizerte Sud,2025-12-01,2026-04-01,4,492270.7769085077,2.92,h12_v1,2026-05-08 17:00:51.203814
Bizerte Sud,Bizerte,Bizerte Sud,2025-12-01,2026-05-01,5,491454.5286922199,2.92,h12_v1,2026-05-08 17:00:51.203814
Bizerte Sud,Bizerte,Bizerte Sud,2025-12-01,2026-06-01,6,488427.2838643368,2.92,h12_v1,2026-05-08 17:00:51.203814
Bizerte Sud,Bizerte,Bizerte Sud,2025-12-01,2026-07-01,7,488652.81200093497,2.92,h12_v1,2026-05-08 17:00:51.203814
Bizerte Sud,Bizerte,Bizerte Sud,2025-12-01,2026-08-01,8,493203.9135480325,2.92,h12_v1,2026-05-08 17:00:51.203814
Bizerte Sud,Bizerte,Bizerte Sud,2025-12-01,2026-09-01,9,490842.39066324,2.92,h12_v1,2026-05-08 17:00:51.203814
Bizerte Sud,Bizerte,Bizerte Sud,2025-12-01,2026-10-01,10,489908.35022571305,2.92,h12_v1,2026-05-08 17:00:51.203814
Bizerte Sud,Bizerte,Bizerte Sud,2025-12-01,2026-11-01,11,491947.58575671975,2.92,h12_v1,2026-05-08 17:00:51.203814
Bizerte Sud,Bizerte,Bizerte Sud,2025-12-01,2026-12-01,12,487701.53541840776,2.92,h12_v1,2026-05-08 17:00:51.203814
Borj El Amri,La Manouba,Borj El Amri,2025-12-01,2026-01-01,1,411456.5609159625,2.92,h12_v1,2026-05-08 17:00:51.203814
Borj El Amri,La Manouba,Borj El Amri,2025-12-01,2026-02-01,2,416063.7832610941,2.92,h12_v1,2026-05-08 17:00:51.203814
Borj El Amri,La Manouba,Borj El Amri,2025-12-01,2026-03-01,3,411151.1721382025,2.92,h12_v1,2026-05-08 17:00:51.203814
Borj El Amri,La Manouba,Borj El Amri,2025-12-01,2026-04-01,4,410107.0980398809,2.92,h12_v1,2026-05-08 17:00:51.203814
Borj El Amri,La Manouba,Borj El Amri,2025-12-01,2026-05-01,5,414844.3479856883,2.92,h12_v1,2026-05-08 17:00:51.203814
Borj El Amri,La Manouba,Borj El Amri,2025-12-01,2026-06-01,6,411347.49093063944,2.92,h12_v1,2026-05-08 17:00:51.203814
Borj El Amri,La Manouba,Borj El Amri,2025-12-01,2026-07-01,7,414650.6256787565,2.92,h12_v1,2026-05-08 17:00:51.203814
Borj El Amri,La Manouba,Borj El Amri,2025-12-01,2026-08-01,8,414160.6993576329,2.92,h12_v1,2026-05-08 17:00:51.203814
Borj El Amri,La Manouba,Borj El Amri,2025-12-01,2026-09-01,9,412103.70796929154,2.92,h12_v1,2026-05-08 17:00:51.203814
Borj El Amri,La Manouba,Borj El Amri,2025-12-01,2026-10-01,10,413174.4539499244,2.92,h12_v1,2026-05-08 17:00:51.207879
Borj El Amri,La Manouba,Borj El Amri,2025-12-01,2026-11-01,11,416202.8691287381,2.92,h12_v1,2026-05-08 17:00:51.207879
Borj El Amri,La Manouba,Borj El Amri,2025-12-01,2026-12-01,12,416408.483370828,2.92,h12_v1,2026-05-08 17:00:51.207879
Bou Arada,Siliana,Bou Arada,2025-12-01,2026-01-01,1,436881.5914150717,2.92,h12_v1,2026-05-08 17:00:51.207879
Bou Arada,Siliana,Bou Arada,2025-12-01,2026-02-01,2,434316.0685842436,2.92,h12_v1,2026-05-08 17:00:51.207879
Bou Arada,Siliana,Bou Arada,2025-12-01,2026-03-01,3,438281.05366468214,2.92,h12_v1,2026-05-08 17:00:51.207879
Bou Arada,Siliana,Bou Arada,2025-12-01,2026-04-01,4,431469.93255847273,2.92,h12_v1,2026-05-08 17:00:51.207879
Bou Arada,Siliana,Bou Arada,2025-12-01,2026-05-01,5,432134.74212878896,2.92,h12_v1,2026-05-08 17:00:51.207879
Bou Arada,Siliana,Bou Arada,2025-12-01,2026-06-01,6,435625.2050201142,2.92,h12_v1,2026-05-08 17:00:51.207879
Bou Arada,Siliana,Bou Arada,2025-12-01,2026-07-01,7,431515.9544320224,2.92,h12_v1,2026-05-08 17:00:51.207879
Bou Arada,Siliana,Bou Arada,2025-12-01,2026-08-01,8,432911.6533765803,2.92,h12_v1,2026-05-08 17:00:51.207879
Bou Arada,Siliana,Bou Arada,2025-12-01,2026-09-01,9,438433.80442196026,2.92,h12_v1,2026-05-08 17:00:51.207879
Bou Arada,Siliana,Bou Arada,2025-12-01,2026-10-01,10,434295.9132984999,2.92,h12_v1,2026-05-08 17:00:51.207879
Bou Arada,Siliana,Bou Arada,2025-12-01,2026-11-01,11,436071.7977169316,2.92,h12_v1,2026-05-08 17:00:51.207879
Bou Arada,Siliana,Bou Arada,2025-12-01,2026-12-01,12,433240.6730740056,2.92,h12_v1,2026-05-08 17:00:51.207879
Bou Argoub,Nabeul,Bou Argoub,2025-12-01,2026-01-01,1,722723.8769915318,2.92,h12_v1,2026-05-08 17:00:51.207879
Bou Argoub,Nabeul,Bou Argoub,2025-12-01,2026-02-01,2,722641.7391034703,2.92,h12_v1,2026-05-08 17:00:51.207879
Bou Argoub,Nabeul,Bou Argoub,2025-12-01,2026-03-01,3,722220.1415732565,2.92,h12_v1,2026-05-08 17:00:51.207879
Bou Argoub,Nabeul,Bou Argoub,2025-12-01,2026-04-01,4,727755.7758385385,2.92,h12_v1,2026-05-08 17:00:51.207879
Bou Argoub,Nabeul,Bou Argoub,2025-12-01,2026-05-01,5,727451.3216079084,2.92,h12_v1,2026-05-08 17:00:51.207879
Bou Argoub,Nabeul,Bou Argoub,2025-12-01,2026-06-01,6,731157.9850163911,2.92,h12_v1,2026-05-08 17:00:51.207879
Bou Argoub,Nabeul,Bou Argoub,2025-12-01,2026-07-01,7,723878.5329945327,2.92,h12_v1,2026-05-08 17:00:51.207879
Bou Argoub,Nabeul,Bou Argoub,2025-12-01,2026-08-01,8,724855.6999085998,2.92,h12_v1,2026-05-08 17:00:51.207879
Bou Argoub,Nabeul,Bou Argoub,2025-12-01,2026-09-01,9,729385.3011273382,2.92,h12_v1,2026-05-08 17:00:51.207879
Bou Argoub,Nabeul,Bou Argoub,2025-12-01,2026-10-01,10,718528.3477294511,2.92,h12_v1,2026-05-08 17:00:51.207879
Bou Argoub,Nabeul,Bou Argoub,2025-12-01,2026-11-01,11,727795.6840784583,2.92,h12_v1,2026-05-08 17:00:51.207879
Bou Argoub,Nabeul,Bou Argoub,2025-12-01,2026-12-01,12,720002.1822680252,2.92,h12_v1,2026-05-08 17:00:51.207879
Bou Hajla,Kairouan,Bou Hajla,2025-12-01,2026-01-01,1,612809.4509076276,2.92,h12_v1,2026-05-08 17:00:51.207879
Bou Hajla,Kairouan,Bou Hajla,2025-12-01,2026-02-01,2,618572.5001495967,2.92,h12_v1,2026-05-08 17:00:51.207879
Bou Hajla,Kairouan,Bou Hajla,2025-12-01,2026-03-01,3,612501.6965062881,2.92,h12_v1,2026-05-08 17:00:51.209761
Bou Hajla,Kairouan,Bou Hajla,2025-12-01,2026-04-01,4,619515.7015719884,2.92,h12_v1,2026-05-08 17:00:51.209761
Bou Hajla,Kairouan,Bou Hajla,2025-12-01,2026-05-01,5,611855.4137374702,2.92,h12_v1,2026-05-08 17:00:51.209761
Bou Hajla,Kairouan,Bou Hajla,2025-12-01,2026-06-01,6,617855.2266308198,2.92,h12_v1,2026-05-08 17:00:51.209761
Bou Hajla,Kairouan,Bou Hajla,2025-12-01,2026-07-01,7,614106.5928568299,2.92,h12_v1,2026-05-08 17:00:51.209761
Bou Hajla,Kairouan,Bou Hajla,2025-12-01,2026-08-01,8,613199.0508998154,2.92,h12_v1,2026-05-08 17:00:51.209761
Bou Hajla,Kairouan,Bou Hajla,2025-12-01,2026-09-01,9,610066.741686928,2.92,h12_v1,2026-05-08 17:00:51.209761
Bou Hajla,Kairouan,Bou Hajla,2025-12-01,2026-10-01,10,613103.2430576987,2.92,h12_v1,2026-05-08 17:00:51.209761
Bou Hajla,Kairouan,Bou Hajla,2025-12-01,2026-11-01,11,612462.7065208736,2.92,h12_v1,2026-05-08 17:00:51.209761
Bou Hajla,Kairouan,Bou Hajla,2025-12-01,2026-12-01,12,614023.3130929605,2.92,h12_v1,2026-05-08 17:00:51.209761
Bou Merdes,Mahdia,Bou Merdes,2025-12-01,2026-01-01,1,639193.1831603092,2.92,h12_v1,2026-05-08 17:00:51.209761
Bou Merdes,Mahdia,Bou Merdes,2025-12-01,2026-02-01,2,626157.6850113607,2.92,h12_v1,2026-05-08 17:00:51.209761
Bou Merdes,Mahdia,Bou Merdes,2025-12-01,2026-03-01,3,633970.0870696543,2.92,h12_v1,2026-05-08 17:00:51.209761
Bou Merdes,Mahdia,Bou Merdes,2025-12-01,2026-04-01,4,631143.4155495034,2.92,h12_v1,2026-05-08 17:00:51.209761
Bou Merdes,Mahdia,Bou Merdes,2025-12-01,2026-05-01,5,633827.8188872642,2.92,h12_v1,2026-05-08 17:00:51.209761
Bou Merdes,Mahdia,Bou Merdes,2025-12-01,2026-06-01,6,630317.0014453452,2.92,h12_v1,2026-05-08 17:00:51.209761
Bou Merdes,Mahdia,Bou Merdes,2025-12-01,2026-07-01,7,626959.1906110011,2.92,h12_v1,2026-05-08 17:00:51.209761
Bou Merdes,Mahdia,Bou Merdes,2025-12-01,2026-08-01,8,627175.7613603445,2.92,h12_v1,2026-05-08 17:00:51.209761
Bou Merdes,Mahdia,Bou Merdes,2025-12-01,2026-09-01,9,635533.5108322947,2.92,h12_v1,2026-05-08 17:00:51.209761
Bou Merdes,Mahdia,Bou Merdes,2025-12-01,2026-10-01,10,629402.1659003324,2.92,h12_v1,2026-05-08 17:00:51.209761
Bou Merdes,Mahdia,Bou Merdes,2025-12-01,2026-11-01,11,632760.3756412514,2.92,h12_v1,2026-05-08 17:00:51.209761
Bou Merdes,Mahdia,Bou Merdes,2025-12-01,2026-12-01,12,633975.0244381875,2.92,h12_v1,2026-05-08 17:00:51.209761
Bou Mhel el-Bassatine,Ben Arous,Bou Mhel el-Bassatine,2025-12-01,2026-01-01,1,882980.7633814397,2.92,h12_v1,2026-05-08 17:00:51.209761
Bou Mhel el-Bassatine,Ben Arous,Bou Mhel el-Bassatine,2025-12-01,2026-02-01,2,897719.7866016361,2.92,h12_v1,2026-05-08 17:00:51.209761
Bou Mhel el-Bassatine,Ben Arous,Bou Mhel el-Bassatine,2025-12-01,2026-03-01,3,899427.5138401729,2.92,h12_v1,2026-05-08 17:00:51.209761
Bou Mhel el-Bassatine,Ben Arous,Bou Mhel el-Bassatine,2025-12-01,2026-04-01,4,889985.6547787273,2.92,h12_v1,2026-05-08 17:00:51.209761
Bou Mhel el-Bassatine,Ben Arous,Bou Mhel el-Bassatine,2025-12-01,2026-05-01,5,904792.5583539827,2.92,h12_v1,2026-05-08 17:00:51.209761
Bou Mhel el-Bassatine,Ben Arous,Bou Mhel el-Bassatine,2025-12-01,2026-06-01,6,899535.4918770577,2.92,h12_v1,2026-05-08 17:00:51.209761
Bou Mhel el-Bassatine,Ben Arous,Bou Mhel el-Bassatine,2025-12-01,2026-07-01,7,886935.4665942198,2.92,h12_v1,2026-05-08 17:00:51.209761
Bou Mhel el-Bassatine,Ben Arous,Bou Mhel el-Bassatine,2025-12-01,2026-08-01,8,897865.3866629545,2.92,h12_v1,2026-05-08 17:00:51.209761
Bou Mhel el-Bassatine,Ben Arous,Bou Mhel el-Bassatine,2025-12-01,2026-09-01,9,902281.8332007262,2.92,h12_v1,2026-05-08 17:00:51.209761
Bou Mhel el-Bassatine,Ben Arous,Bou Mhel el-Bassatine,2025-12-01,2026-10-01,10,893019.5189665146,2.92,h12_v1,2026-05-08 17:00:51.209761
Bou Mhel el-Bassatine,Ben Arous,Bou Mhel el-Bassatine,2025-12-01,2026-11-01,11,898714.798768712,2.92,h12_v1,2026-05-08 17:00:51.209761
Bou Mhel el-Bassatine,Ben Arous,Bou Mhel el-Bassatine,2025-12-01,2026-12-01,12,899830.8850750852,2.92,h12_v1,2026-05-08 17:00:51.209761
Bou Salem,Jendouba,Bou Salem,2025-12-01,2026-01-01,1,471183.80179387383,2.92,h12_v1,2026-05-08 17:00:51.209761
Bou Salem,Jendouba,Bou Salem,2025-12-01,2026-02-01,2,473559.39747198386,2.92,h12_v1,2026-05-08 17:00:51.209761
Bou Salem,Jendouba,Bou Salem,2025-12-01,2026-03-01,3,474983.4282963794,2.92,h12_v1,2026-05-08 17:00:51.209761
Bou Salem,Jendouba,Bou Salem,2025-12-01,2026-04-01,4,470927.24730003794,2.92,h12_v1,2026-05-08 17:00:51.209761
Bou Salem,Jendouba,Bou Salem,2025-12-01,2026-05-01,5,473258.45909386687,2.92,h12_v1,2026-05-08 17:00:51.209761
Bou Salem,Jendouba,Bou Salem,2025-12-01,2026-06-01,6,470558.4392190726,2.92,h12_v1,2026-05-08 17:00:51.209761
Bou Salem,Jendouba,Bou Salem,2025-12-01,2026-07-01,7,466053.0366669958,2.92,h12_v1,2026-05-08 17:00:51.209761
Bou Salem,Jendouba,Bou Salem,2025-12-01,2026-08-01,8,469986.501995416,2.92,h12_v1,2026-05-08 17:00:51.209761
Bou Salem,Jendouba,Bou Salem,2025-12-01,2026-09-01,9,470347.6651485147,2.92,h12_v1,2026-05-08 17:00:51.209761
Bou Salem,Jendouba,Bou Salem,2025-12-01,2026-10-01,10,471707.9954860722,2.92,h12_v1,2026-05-08 17:00:51.209761
Bou Salem,Jendouba,Bou Salem,2025-12-01,2026-11-01,11,475260.71231055993,2.92,h12_v1,2026-05-08 17:00:51.209761
Bou Salem,Jendouba,Bou Salem,2025-12-01,2026-12-01,12,470827.13735434896,2.92,h12_v1,2026-05-08 17:00:51.209761
Bouficha,Sousse,Bouficha,2025-12-01,2026-01-01,1,713816.1587408166,2.92,h12_v1,2026-05-08 17:00:51.209761
Bouficha,Sousse,Bouficha,2025-12-01,2026-02-01,2,722813.313861727,2.92,h12_v1,2026-05-08 17:00:51.209761
Bouficha,Sousse,Bouficha,2025-12-01,2026-03-01,3,719515.1687567349,2.92,h12_v1,2026-05-08 17:00:51.209761
Bouficha,Sousse,Bouficha,2025-12-01,2026-04-01,4,715373.4800407176,2.92,h12_v1,2026-05-08 17:00:51.209761
Bouficha,Sousse,Bouficha,2025-12-01,2026-05-01,5,722386.4669588408,2.92,h12_v1,2026-05-08 17:00:51.209761
Bouficha,Sousse,Bouficha,2025-12-01,2026-06-01,6,716640.7190069045,2.92,h12_v1,2026-05-08 17:00:51.209761
Bouficha,Sousse,Bouficha,2025-12-01,2026-07-01,7,720488.8511728068,2.92,h12_v1,2026-05-08 17:00:51.209761
Bouficha,Sousse,Bouficha,2025-12-01,2026-08-01,8,721120.126360985,2.92,h12_v1,2026-05-08 17:00:51.209761
Bouficha,Sousse,Bouficha,2025-12-01,2026-09-01,9,719586.8539371483,2.92,h12_v1,2026-05-08 17:00:51.209761
Bouficha,Sousse,Bouficha,2025-12-01,2026-10-01,10,716633.19380886,2.92,h12_v1,2026-05-08 17:00:51.209761
Bouficha,Sousse,Bouficha,2025-12-01,2026-11-01,11,724723.2843480936,2.92,h12_v1,2026-05-08 17:00:51.209761
Bouficha,Sousse,Bouficha,2025-12-01,2026-12-01,12,718511.7202455179,2.92,h12_v1,2026-05-08 17:00:51.209761
Béja Nord,Béja,Béja Nord,2025-12-01,2026-01-01,1,375507.97559933946,2.92,h12_v1,2026-05-08 17:00:51.209761
Béja Nord,Béja,Béja Nord,2025-12-01,2026-02-01,2,375227.57252532116,2.92,h12_v1,2026-05-08 17:00:51.209761
Béja Nord,Béja,Béja Nord,2025-12-01,2026-03-01,3,375847.6589779507,2.92,h12_v1,2026-05-08 17:00:51.209761
Béja Nord,Béja,Béja Nord,2025-12-01,2026-04-01,4,374455.12854512327,2.92,h12_v1,2026-05-08 17:00:51.209761
Béja Nord,Béja,Béja Nord,2025-12-01,2026-05-01,5,371061.38137393224,2.92,h12_v1,2026-05-08 17:00:51.209761
Béja Nord,Béja,Béja Nord,2025-12-01,2026-06-01,6,373867.27916506684,2.92,h12_v1,2026-05-08 17:00:51.209761
Béja Nord,Béja,Béja Nord,2025-12-01,2026-07-01,7,372994.61190870596,2.92,h12_v1,2026-05-08 17:00:51.209761
Béja Nord,Béja,Béja Nord,2025-12-01,2026-08-01,8,375118.934411687,2.92,h12_v1,2026-05-08 17:00:51.209761
Béja Nord,Béja,Béja Nord,2025-12-01,2026-09-01,9,368204.4428257556,2.92,h12_v1,2026-05-08 17:00:51.209761
Béja Nord,Béja,Béja Nord,2025-12-01,2026-10-01,10,370091.083164026,2.92,h12_v1,2026-05-08 17:00:51.209761
Béja Nord,Béja,Béja Nord,2025-12-01,2026-11-01,11,375416.3497086671,2.92,h12_v1,2026-05-08 17:00:51.209761
Béja Nord,Béja,Béja Nord,2025-12-01,2026-12-01,12,369886.26419064484,2.92,h12_v1,2026-05-08 17:00:51.209761
Béja Sud,Béja,Béja Sud,2025-12-01,2026-01-01,1,361285.0454502299,2.92,h12_v1,2026-05-08 17:00:51.213746
Béja Sud,Béja,Béja Sud,2025-12-01,2026-02-01,2,363014.58967417397,2.92,h12_v1,2026-05-08 17:00:51.213746
Béja Sud,Béja,Béja Sud,2025-12-01,2026-03-01,3,363191.55267292314,2.92,h12_v1,2026-05-08 17:00:51.213746
Béja Sud,Béja,Béja Sud,2025-12-01,2026-04-01,4,362977.65681667125,2.92,h12_v1,2026-05-08 17:00:51.213746
Béja Sud,Béja,Béja Sud,2025-12-01,2026-05-01,5,357659.930425403,2.92,h12_v1,2026-05-08 17:00:51.213746
Béja Sud,Béja,Béja Sud,2025-12-01,2026-06-01,6,359028.2375881129,2.92,h12_v1,2026-05-08 17:00:51.213746
Béja Sud,Béja,Béja Sud,2025-12-01,2026-07-01,7,360660.38964637055,2.92,h12_v1,2026-05-08 17:00:51.213746
Béja Sud,Béja,Béja Sud,2025-12-01,2026-08-01,8,357252.62194774474,2.92,h12_v1,2026-05-08 17:00:51.213746
Béja Sud,Béja,Béja Sud,2025-12-01,2026-09-01,9,358903.0315331999,2.92,h12_v1,2026-05-08 17:00:51.213746
Béja Sud,Béja,Béja Sud,2025-12-01,2026-10-01,10,356370.0210961537,2.92,h12_v1,2026-05-08 17:00:51.213746
Béja Sud,Béja,Béja Sud,2025-12-01,2026-11-01,11,359426.966804447,2.92,h12_v1,2026-05-08 17:00:51.213746
Béja Sud,Béja,Béja Sud,2025-12-01,2026-12-01,12,357738.7923191672,2.92,h12_v1,2026-05-08 17:00:51.213746
Béni Khalled,Nabeul,Béni Khalled,2025-12-01,2026-01-01,1,873718.0017651031,2.92,h12_v1,2026-05-08 17:00:51.213746
Béni Khalled,Nabeul,Béni Khalled,2025-12-01,2026-02-01,2,869506.6457279489,2.92,h12_v1,2026-05-08 17:00:51.213746
Béni Khalled,Nabeul,Béni Khalled,2025-12-01,2026-03-01,3,868839.6027141655,2.92,h12_v1,2026-05-08 17:00:51.213746
Béni Khalled,Nabeul,Béni Khalled,2025-12-01,2026-04-01,4,875547.9655312371,2.92,h12_v1,2026-05-08 17:00:51.213746
Béni Khalled,Nabeul,Béni Khalled,2025-12-01,2026-05-01,5,868135.4311378101,2.92,h12_v1,2026-05-08 17:00:51.213746
Béni Khalled,Nabeul,Béni Khalled,2025-12-01,2026-06-01,6,874800.4707341035,2.92,h12_v1,2026-05-08 17:00:51.213746
Béni Khalled,Nabeul,Béni Khalled,2025-12-01,2026-07-01,7,870041.7136871209,2.92,h12_v1,2026-05-08 17:00:51.213746
Béni Khalled,Nabeul,Béni Khalled,2025-12-01,2026-08-01,8,873182.8055748123,2.92,h12_v1,2026-05-08 17:00:51.213746
Béni Khalled,Nabeul,Béni Khalled,2025-12-01,2026-09-01,9,865891.9924457193,2.92,h12_v1,2026-05-08 17:00:51.213746
Béni Khalled,Nabeul,Béni Khalled,2025-12-01,2026-10-01,10,868613.262039143,2.92,h12_v1,2026-05-08 17:00:51.213746
Béni Khalled,Nabeul,Béni Khalled,2025-12-01,2026-11-01,11,869826.6922872288,2.92,h12_v1,2026-05-08 17:00:51.213746
Béni Khalled,Nabeul,Béni Khalled,2025-12-01,2026-12-01,12,865497.0055555635,2.92,h12_v1,2026-05-08 17:00:51.213746
Béni Khiar,Nabeul,Béni Khiar,2025-12-01,2026-01-01,1,823579.824611924,2.92,h12_v1,2026-05-08 17:00:51.213746
Béni Khiar,Nabeul,Béni Khiar,2025-12-01,2026-02-01,2,826633.9936619845,2.92,h12_v1,2026-05-08 17:00:51.213746
Béni Khiar,Nabeul,Béni Khiar,2025-12-01,2026-03-01,3,825865.9817201415,2.92,h12_v1,2026-05-08 17:00:51.213746
Béni Khiar,Nabeul,Béni Khiar,2025-12-01,2026-04-01,4,818425.2899740761,2.92,h12_v1,2026-05-08 17:00:51.213746
Béni Khiar,Nabeul,Béni Khiar,2025-12-01,2026-05-01,5,818295.5116570763,2.92,h12_v1,2026-05-08 17:00:51.213746
Béni Khiar,Nabeul,Béni Khiar,2025-12-01,2026-06-01,6,819765.3100408594,2.92,h12_v1,2026-05-08 17:00:51.213746
Béni Khiar,Nabeul,Béni Khiar,2025-12-01,2026-07-01,7,832692.9540928501,2.92,h12_v1,2026-05-08 17:00:51.213746
Béni Khiar,Nabeul,Béni Khiar,2025-12-01,2026-08-01,8,823483.6923768882,2.92,h12_v1,2026-05-08 17:00:51.213746
Béni Khiar,Nabeul,Béni Khiar,2025-12-01,2026-09-01,9,824471.5130112744,2.92,h12_v1,2026-05-08 17:00:51.213746
Béni Khiar,Nabeul,Béni Khiar,2025-12-01,2026-10-01,10,822143.8628352865,2.92,h12_v1,2026-05-08 17:00:51.213746
Béni Khiar,Nabeul,Béni Khiar,2025-12-01,2026-11-01,11,831689.006213626,2.92,h12_v1,2026-05-08 17:00:51.213746
Béni Khiar,Nabeul,Béni Khiar,2025-12-01,2026-12-01,12,832601.5814854057,2.92,h12_v1,2026-05-08 17:00:51.213746
Carthage,Tunis,Carthage,2025-12-01,2026-01-01,1,1254686.2770299953,2.92,h12_v1,2026-05-08 17:00:51.213746
Carthage,Tunis,Carthage,2025-12-01,2026-02-01,2,1272739.6161370075,2.92,h12_v1,2026-05-08 17:00:51.213746
Carthage,Tunis,Carthage,2025-12-01,2026-03-01,3,1274069.9300017923,2.92,h12_v1,2026-05-08 17:00:51.213746
Carthage,Tunis,Carthage,2025-12-01,2026-04-01,4,1278620.043644303,2.92,h12_v1,2026-05-08 17:00:51.213746
Carthage,Tunis,Carthage,2025-12-01,2026-05-01,5,1309160.2605095434,2.92,h12_v1,2026-05-08 17:00:51.213746
Carthage,Tunis,Carthage,2025-12-01,2026-06-01,6,1281800.4020841976,2.92,h12_v1,2026-05-08 17:00:51.215395
Carthage,Tunis,Carthage,2025-12-01,2026-07-01,7,1278300.3790779726,2.92,h12_v1,2026-05-08 17:00:51.215395
Carthage,Tunis,Carthage,2025-12-01,2026-08-01,8,1277605.8105492748,2.92,h12_v1,2026-05-08 17:00:51.215395
Carthage,Tunis,Carthage,2025-12-01,2026-09-01,9,1297901.106127319,2.92,h12_v1,2026-05-08 17:00:51.215395
Carthage,Tunis,Carthage,2025-12-01,2026-10-01,10,1284627.8418510517,2.92,h12_v1,2026-05-08 17:00:51.215395
Carthage,Tunis,Carthage,2025-12-01,2026-11-01,11,1288162.0319869278,2.92,h12_v1,2026-05-08 17:00:51.215395
Carthage,Tunis,Carthage,2025-12-01,2026-12-01,12,1268165.795417576,2.92,h12_v1,2026-05-08 17:00:51.215395
Cebbala Ouled Asker,Sidi Bouzid,Cebbala Ouled Asker,2025-12-01,2026-01-01,1,410886.096917702,2.92,h12_v1,2026-05-08 17:00:51.215395
Cebbala Ouled Asker,Sidi Bouzid,Cebbala Ouled Asker,2025-12-01,2026-02-01,2,408933.0620341523,2.92,h12_v1,2026-05-08 17:00:51.215395
Cebbala Ouled Asker,Sidi Bouzid,Cebbala Ouled Asker,2025-12-01,2026-03-01,3,413292.50210096396,2.92,h12_v1,2026-05-08 17:00:51.215395
Cebbala Ouled Asker,Sidi Bouzid,Cebbala Ouled Asker,2025-12-01,2026-04-01,4,412733.81016517576,2.92,h12_v1,2026-05-08 17:00:51.215987
Cebbala Ouled Asker,Sidi Bouzid,Cebbala Ouled Asker,2025-12-01,2026-05-01,5,411309.61866200366,2.92,h12_v1,2026-05-08 17:00:51.215987
Cebbala Ouled Asker,Sidi Bouzid,Cebbala Ouled Asker,2025-12-01,2026-06-01,6,409183.63083500473,2.92,h12_v1,2026-05-08 17:00:51.215987
Cebbala Ouled Asker,Sidi Bouzid,Cebbala Ouled Asker,2025-12-01,2026-07-01,7,410528.3749198245,2.92,h12_v1,2026-05-08 17:00:51.215987
Cebbala Ouled Asker,Sidi Bouzid,Cebbala Ouled Asker,2025-12-01,2026-08-01,8,407929.2721535225,2.92,h12_v1,2026-05-08 17:00:51.215987
Cebbala Ouled Asker,Sidi Bouzid,Cebbala Ouled Asker,2025-12-01,2026-09-01,9,412627.01377623883,2.92,h12_v1,2026-05-08 17:00:51.215987
Cebbala Ouled Asker,Sidi Bouzid,Cebbala Ouled Asker,2025-12-01,2026-10-01,10,409173.14550090657,2.92,h12_v1,2026-05-08 17:00:51.215987
Cebbala Ouled Asker,Sidi Bouzid,Cebbala Ouled Asker,2025-12-01,2026-11-01,11,408366.65690463764,2.92,h12_v1,2026-05-08 17:00:51.216359
Cebbala Ouled Asker,Sidi Bouzid,Cebbala Ouled Asker,2025-12-01,2026-12-01,12,410733.1461155516,2.92,h12_v1,2026-05-08 17:00:51.216359
Chebba,Mahdia,Chebba,2025-12-01,2026-01-01,1,826437.3611597945,2.92,h12_v1,2026-05-08 17:00:51.216359
Chebba,Mahdia,Chebba,2025-12-01,2026-02-01,2,825290.5451426542,2.92,h12_v1,2026-05-08 17:00:51.216359
Chebba,Mahdia,Chebba,2025-12-01,2026-03-01,3,827777.0413954215,2.92,h12_v1,2026-05-08 17:00:51.216359
Chebba,Mahdia,Chebba,2025-12-01,2026-04-01,4,822788.128764024,2.92,h12_v1,2026-05-08 17:00:51.216359
Chebba,Mahdia,Chebba,2025-12-01,2026-05-01,5,828634.7350660379,2.92,h12_v1,2026-05-08 17:00:51.216359
Chebba,Mahdia,Chebba,2025-12-01,2026-06-01,6,822613.1946761194,2.92,h12_v1,2026-05-08 17:00:51.216359
Chebba,Mahdia,Chebba,2025-12-01,2026-07-01,7,831044.2853328334,2.92,h12_v1,2026-05-08 17:00:51.216359
Chebba,Mahdia,Chebba,2025-12-01,2026-08-01,8,825138.3567132781,2.92,h12_v1,2026-05-08 17:00:51.216359
Chebba,Mahdia,Chebba,2025-12-01,2026-09-01,9,831586.9490874991,2.92,h12_v1,2026-05-08 17:00:51.216359
Chebba,Mahdia,Chebba,2025-12-01,2026-10-01,10,832205.9459452287,2.92,h12_v1,2026-05-08 17:00:51.216359
Chebba,Mahdia,Chebba,2025-12-01,2026-11-01,11,827828.8142042848,2.92,h12_v1,2026-05-08 17:00:51.216359
Chebba,Mahdia,Chebba,2025-12-01,2026-12-01,12,828484.3265651824,2.92,h12_v1,2026-05-08 17:00:51.216359
Chebika,Kairouan,Chebika,2025-12-01,2026-01-01,1,620029.8895601429,2.92,h12_v1,2026-05-08 17:00:51.216359
Chebika,Kairouan,Chebika,2025-12-01,2026-02-01,2,626869.6157428236,2.92,h12_v1,2026-05-08 17:00:51.216359
Chebika,Kairouan,Chebika,2025-12-01,2026-03-01,3,626162.8847916822,2.92,h12_v1,2026-05-08 17:00:51.216359
Chebika,Kairouan,Chebika,2025-12-01,2026-04-01,4,623577.6792623211,2.92,h12_v1,2026-05-08 17:00:51.216359
Chebika,Kairouan,Chebika,2025-12-01,2026-05-01,5,626556.0019514646,2.92,h12_v1,2026-05-08 17:00:51.216359
Chebika,Kairouan,Chebika,2025-12-01,2026-06-01,6,624642.9818817541,2.92,h12_v1,2026-05-08 17:00:51.216359
Chebika,Kairouan,Chebika,2025-12-01,2026-07-01,7,622225.1046795169,2.92,h12_v1,2026-05-08 17:00:51.216359
Chebika,Kairouan,Chebika,2025-12-01,2026-08-01,8,628199.3631101941,2.92,h12_v1,2026-05-08 17:00:51.216359
Chebika,Kairouan,Chebika,2025-12-01,2026-09-01,9,622014.426596593,2.92,h12_v1,2026-05-08 17:00:51.216359
Chebika,Kairouan,Chebika,2025-12-01,2026-10-01,10,626709.6360468339,2.92,h12_v1,2026-05-08 17:00:51.216359
Chebika,Kairouan,Chebika,2025-12-01,2026-11-01,11,617384.9542298173,2.92,h12_v1,2026-05-08 17:00:51.216359
Chebika,Kairouan,Chebika,2025-12-01,2026-12-01,12,616383.4480440688,2.92,h12_v1,2026-05-08 17:00:51.216359
Chorbane,Mahdia,Chorbane,2025-12-01,2026-01-01,1,614421.061498185,2.92,h12_v1,2026-05-08 17:00:51.216359
Chorbane,Mahdia,Chorbane,2025-12-01,2026-02-01,2,603912.3986679818,2.92,h12_v1,2026-05-08 17:00:51.216359
Chorbane,Mahdia,Chorbane,2025-12-01,2026-03-01,3,613412.1552086988,2.92,h12_v1,2026-05-08 17:00:51.216359
Chorbane,Mahdia,Chorbane,2025-12-01,2026-04-01,4,607513.7774582776,2.92,h12_v1,2026-05-08 17:00:51.216359
Chorbane,Mahdia,Chorbane,2025-12-01,2026-05-01,5,611419.6187391836,2.92,h12_v1,2026-05-08 17:00:51.216359
Chorbane,Mahdia,Chorbane,2025-12-01,2026-06-01,6,603941.8696005495,2.92,h12_v1,2026-05-08 17:00:51.216359
Chorbane,Mahdia,Chorbane,2025-12-01,2026-07-01,7,611057.3414364054,2.92,h12_v1,2026-05-08 17:00:51.217355
Chorbane,Mahdia,Chorbane,2025-12-01,2026-08-01,8,606430.1669479975,2.92,h12_v1,2026-05-08 17:00:51.217355
Chorbane,Mahdia,Chorbane,2025-12-01,2026-09-01,9,612859.7832645519,2.92,h12_v1,2026-05-08 17:00:51.217355
Chorbane,Mahdia,Chorbane,2025-12-01,2026-10-01,10,609555.9898760878,2.92,h12_v1,2026-05-08 17:00:51.217355
Chorbane,Mahdia,Chorbane,2025-12-01,2026-11-01,11,607198.1237187602,2.92,h12_v1,2026-05-08 17:00:51.217355
Chorbane,Mahdia,Chorbane,2025-12-01,2026-12-01,12,605398.6796546885,2.92,h12_v1,2026-05-08 17:00:51.217355
Cité El Khadra,Tunis,Cité El Khadra,2025-12-01,2026-01-01,1,1164089.5464178564,2.92,h12_v1,2026-05-08 17:00:51.217355
Cité El Khadra,Tunis,Cité El Khadra,2025-12-01,2026-02-01,2,1168094.720019108,2.92,h12_v1,2026-05-08 17:00:51.217355
Cité El Khadra,Tunis,Cité El Khadra,2025-12-01,2026-03-01,3,1165097.5778193108,2.92,h12_v1,2026-05-08 17:00:51.217355
Cité El Khadra,Tunis,Cité El Khadra,2025-12-01,2026-04-01,4,1164034.9740174026,2.92,h12_v1,2026-05-08 17:00:51.221908
Cité El Khadra,Tunis,Cité El Khadra,2025-12-01,2026-05-01,5,1164549.4407696992,2.92,h12_v1,2026-05-08 17:00:51.221908
Cité El Khadra,Tunis,Cité El Khadra,2025-12-01,2026-06-01,6,1174045.4238444583,2.92,h12_v1,2026-05-08 17:00:51.221908
Cité El Khadra,Tunis,Cité El Khadra,2025-12-01,2026-07-01,7,1161153.5857217188,2.92,h12_v1,2026-05-08 17:00:51.221908
Cité El Khadra,Tunis,Cité El Khadra,2025-12-01,2026-08-01,8,1160414.890019941,2.92,h12_v1,2026-05-08 17:00:51.221908
Cité El Khadra,Tunis,Cité El Khadra,2025-12-01,2026-09-01,9,1171732.240403245,2.92,h12_v1,2026-05-08 17:00:51.221908
Cité El Khadra,Tunis,Cité El Khadra,2025-12-01,2026-10-01,10,1174056.059069211,2.92,h12_v1,2026-05-08 17:00:51.221908
Cité El Khadra,Tunis,Cité El Khadra,2025-12-01,2026-11-01,11,1169384.716356012,2.92,h12_v1,2026-05-08 17:00:51.221908
Cité El Khadra,Tunis,Cité El Khadra,2025-12-01,2026-12-01,12,1163202.100675278,2.92,h12_v1,2026-05-08 17:00:51.221908
Dahmani,Le Kef,Dahmani,2025-12-01,2026-01-01,1,429875.43374271435,2.92,h12_v1,2026-05-08 17:00:51.221908
Dahmani,Le Kef,Dahmani,2025-12-01,2026-02-01,2,432331.65607016865,2.92,h12_v1,2026-05-08 17:00:51.221908
Dahmani,Le Kef,Dahmani,2025-12-01,2026-03-01,3,432504.14925309195,2.92,h12_v1,2026-05-08 17:00:51.221908
Dahmani,Le Kef,Dahmani,2025-12-01,2026-04-01,4,430624.33512344223,2.92,h12_v1,2026-05-08 17:00:51.221908
Dahmani,Le Kef,Dahmani,2025-12-01,2026-05-01,5,430038.6420342957,2.92,h12_v1,2026-05-08 17:00:51.221908
Dahmani,Le Kef,Dahmani,2025-12-01,2026-06-01,6,432152.7918990587,2.92,h12_v1,2026-05-08 17:00:51.221908
Dahmani,Le Kef,Dahmani,2025-12-01,2026-07-01,7,432237.97898480843,2.92,h12_v1,2026-05-08 17:00:51.221908
Dahmani,Le Kef,Dahmani,2025-12-01,2026-08-01,8,428942.5606640103,2.92,h12_v1,2026-05-08 17:00:51.221908
Dahmani,Le Kef,Dahmani,2025-12-01,2026-09-01,9,432569.83501360036,2.92,h12_v1,2026-05-08 17:00:51.221908
Dahmani,Le Kef,Dahmani,2025-12-01,2026-10-01,10,432159.6534492555,2.92,h12_v1,2026-05-08 17:00:51.221908
Dahmani,Le Kef,Dahmani,2025-12-01,2026-11-01,11,433443.6144792514,2.92,h12_v1,2026-05-08 17:00:51.221908
Dahmani,Le Kef,Dahmani,2025-12-01,2026-12-01,12,432137.2642118705,2.92,h12_v1,2026-05-08 17:00:51.221908
Dar Chaâbane El Fehri,Nabeul,Dar Chaâbane El Fehri,2025-12-01,2026-01-01,1,791211.4592438983,2.92,h12_v1,2026-05-08 17:00:51.221908
Dar Chaâbane El Fehri,Nabeul,Dar Chaâbane El Fehri,2025-12-01,2026-02-01,2,783572.502400294,2.92,h12_v1,2026-05-08 17:00:51.221908
Dar Chaâbane El Fehri,Nabeul,Dar Chaâbane El Fehri,2025-12-01,2026-03-01,3,788854.0407784026,2.92,h12_v1,2026-05-08 17:00:51.221908
Dar Chaâbane El Fehri,Nabeul,Dar Chaâbane El Fehri,2025-12-01,2026-04-01,4,784263.9607557902,2.92,h12_v1,2026-05-08 17:00:51.221908
Dar Chaâbane El Fehri,Nabeul,Dar Chaâbane El Fehri,2025-12-01,2026-05-01,5,791079.991738574,2.92,h12_v1,2026-05-08 17:00:51.221908
Dar Chaâbane El Fehri,Nabeul,Dar Chaâbane El Fehri,2025-12-01,2026-06-01,6,791810.553605816,2.92,h12_v1,2026-05-08 17:00:51.221908
Dar Chaâbane El Fehri,Nabeul,Dar Chaâbane El Fehri,2025-12-01,2026-07-01,7,782807.0125771571,2.92,h12_v1,2026-05-08 17:00:51.221908
Dar Chaâbane El Fehri,Nabeul,Dar Chaâbane El Fehri,2025-12-01,2026-08-01,8,780638.1682170812,2.92,h12_v1,2026-05-08 17:00:51.221908
Dar Chaâbane El Fehri,Nabeul,Dar Chaâbane El Fehri,2025-12-01,2026-09-01,9,785829.74847092,2.92,h12_v1,2026-05-08 17:00:51.221908
Dar Chaâbane El Fehri,Nabeul,Dar Chaâbane El Fehri,2025-12-01,2026-10-01,10,785017.217181096,2.92,h12_v1,2026-05-08 17:00:51.221908
Dar Chaâbane El Fehri,Nabeul,Dar Chaâbane El Fehri,2025-12-01,2026-11-01,11,786976.1938855578,2.92,h12_v1,2026-05-08 17:00:51.221908
Dar Chaâbane El Fehri,Nabeul,Dar Chaâbane El Fehri,2025-12-01,2026-12-01,12,786524.3296949618,2.92,h12_v1,2026-05-08 17:00:51.221908
Degache,Tozeur,Degache,2025-12-01,2026-01-01,1,515060.24626042467,2.92,h12_v1,2026-05-08 17:00:51.221908
Degache,Tozeur,Degache,2025-12-01,2026-02-01,2,516438.46326571447,2.92,h12_v1,2026-05-08 17:00:51.221908
Degache,Tozeur,Degache,2025-12-01,2026-03-01,3,516888.35085425235,2.92,h12_v1,2026-05-08 17:00:51.221908
Degache,Tozeur,Degache,2025-12-01,2026-04-01,4,516153.33699212887,2.92,h12_v1,2026-05-08 17:00:51.221908
Degache,Tozeur,Degache,2025-12-01,2026-05-01,5,517036.5564604544,2.92,h12_v1,2026-05-08 17:00:51.221908
Degache,Tozeur,Degache,2025-12-01,2026-06-01,6,518151.6952941796,2.92,h12_v1,2026-05-08 17:00:51.221908
Degache,Tozeur,Degache,2025-12-01,2026-07-01,7,517787.4718454362,2.92,h12_v1,2026-05-08 17:00:51.221908
Degache,Tozeur,Degache,2025-12-01,2026-08-01,8,513576.2842897841,2.92,h12_v1,2026-05-08 17:00:51.221908
Degache,Tozeur,Degache,2025-12-01,2026-09-01,9,517870.5010390924,2.92,h12_v1,2026-05-08 17:00:51.221908
Degache,Tozeur,Degache,2025-12-01,2026-10-01,10,518584.20531381713,2.92,h12_v1,2026-05-08 17:00:51.221908
Degache,Tozeur,Degache,2025-12-01,2026-11-01,11,517045.69180278375,2.92,h12_v1,2026-05-08 17:00:51.221908
Degache,Tozeur,Degache,2025-12-01,2026-12-01,12,512229.450249814,2.92,h12_v1,2026-05-08 17:00:51.221908
Dehiba,Tataouine,Dehiba,2025-12-01,2026-01-01,1,404675.91744153283,2.92,h12_v1,2026-05-08 17:00:51.221908
Dehiba,Tataouine,Dehiba,2025-12-01,2026-02-01,2,403469.2023499209,2.92,h12_v1,2026-05-08 17:00:51.221908
Dehiba,Tataouine,Dehiba,2025-12-01,2026-03-01,3,405796.4011593568,2.92,h12_v1,2026-05-08 17:00:51.221908
Dehiba,Tataouine,Dehiba,2025-12-01,2026-04-01,4,400840.30100780056,2.92,h12_v1,2026-05-08 17:00:51.221908
Dehiba,Tataouine,Dehiba,2025-12-01,2026-05-01,5,403375.0304079104,2.92,h12_v1,2026-05-08 17:00:51.221908
Dehiba,Tataouine,Dehiba,2025-12-01,2026-06-01,6,404158.99130300514,2.92,h12_v1,2026-05-08 17:00:51.221908
Dehiba,Tataouine,Dehiba,2025-12-01,2026-07-01,7,404644.64831746166,2.92,h12_v1,2026-05-08 17:00:51.221908
Dehiba,Tataouine,Dehiba,2025-12-01,2026-08-01,8,402913.3781983807,2.92,h12_v1,2026-05-08 17:00:51.221908
Dehiba,Tataouine,Dehiba,2025-12-01,2026-09-01,9,401024.55023749126,2.92,h12_v1,2026-05-08 17:00:51.221908
Dehiba,Tataouine,Dehiba,2025-12-01,2026-10-01,10,400800.745634414,2.92,h12_v1,2026-05-08 17:00:51.221908
Dehiba,Tataouine,Dehiba,2025-12-01,2026-11-01,11,405798.7345238052,2.92,h12_v1,2026-05-08 17:00:51.221908
Dehiba,Tataouine,Dehiba,2025-12-01,2026-12-01,12,402389.2040857328,2.92,h12_v1,2026-05-08 17:00:51.221908
Djebel Jelloud,Tunis,Djebel Jelloud,2025-12-01,2026-01-01,1,1172670.5613405888,2.92,h12_v1,2026-05-08 17:00:51.221908
Djebel Jelloud,Tunis,Djebel Jelloud,2025-12-01,2026-02-01,2,1137869.0812237686,2.92,h12_v1,2026-05-08 17:00:51.221908
Djebel Jelloud,Tunis,Djebel Jelloud,2025-12-01,2026-03-01,3,1143183.626745373,2.92,h12_v1,2026-05-08 17:00:51.221908
Djebel Jelloud,Tunis,Djebel Jelloud,2025-12-01,2026-04-01,4,1150276.0711600645,2.92,h12_v1,2026-05-08 17:00:51.221908
Djebel Jelloud,Tunis,Djebel Jelloud,2025-12-01,2026-05-01,5,1148482.1648721683,2.92,h12_v1,2026-05-08 17:00:51.221908
Djebel Jelloud,Tunis,Djebel Jelloud,2025-12-01,2026-06-01,6,1144466.5629817203,2.92,h12_v1,2026-05-08 17:00:51.221908
Djebel Jelloud,Tunis,Djebel Jelloud,2025-12-01,2026-07-01,7,1157816.1730530318,2.92,h12_v1,2026-05-08 17:00:51.221908
Djebel Jelloud,Tunis,Djebel Jelloud,2025-12-01,2026-08-01,8,1162559.812128141,2.92,h12_v1,2026-05-08 17:00:51.221908
Djebel Jelloud,Tunis,Djebel Jelloud,2025-12-01,2026-09-01,9,1163163.0035262292,2.92,h12_v1,2026-05-08 17:00:51.221908
Djebel Jelloud,Tunis,Djebel Jelloud,2025-12-01,2026-10-01,10,1151484.303471257,2.92,h12_v1,2026-05-08 17:00:51.221908
Djebel Jelloud,Tunis,Djebel Jelloud,2025-12-01,2026-11-01,11,1157482.4905539812,2.92,h12_v1,2026-05-08 17:00:51.221908
Djebel Jelloud,Tunis,Djebel Jelloud,2025-12-01,2026-12-01,12,1154012.1541690254,2.92,h12_v1,2026-05-08 17:00:51.221908
Djedeida,La Manouba,Djedeida,2025-12-01,2026-01-01,1,485962.62555282965,2.92,h12_v1,2026-05-08 17:00:51.221908
Djedeida,La Manouba,Djedeida,2025-12-01,2026-02-01,2,483430.857437664,2.92,h12_v1,2026-05-08 17:00:51.221908
Djedeida,La Manouba,Djedeida,2025-12-01,2026-03-01,3,488278.83009436866,2.92,h12_v1,2026-05-08 17:00:51.221908
Djedeida,La Manouba,Djedeida,2025-12-01,2026-04-01,4,482143.1851693664,2.92,h12_v1,2026-05-08 17:00:51.221908
Djedeida,La Manouba,Djedeida,2025-12-01,2026-05-01,5,487031.0208979657,2.92,h12_v1,2026-05-08 17:00:51.221908
Djedeida,La Manouba,Djedeida,2025-12-01,2026-06-01,6,485866.7228140034,2.92,h12_v1,2026-05-08 17:00:51.221908
Djedeida,La Manouba,Djedeida,2025-12-01,2026-07-01,7,486316.2517305669,2.92,h12_v1,2026-05-08 17:00:51.221908
Djedeida,La Manouba,Djedeida,2025-12-01,2026-08-01,8,481829.6006146468,2.92,h12_v1,2026-05-08 17:00:51.221908
Djedeida,La Manouba,Djedeida,2025-12-01,2026-09-01,9,488403.6483774189,2.92,h12_v1,2026-05-08 17:00:51.221908
Djedeida,La Manouba,Djedeida,2025-12-01,2026-10-01,10,482645.1554905784,2.92,h12_v1,2026-05-08 17:00:51.221908
Djedeida,La Manouba,Djedeida,2025-12-01,2026-11-01,11,491647.3797363649,2.92,h12_v1,2026-05-08 17:00:51.221908
Djedeida,La Manouba,Djedeida,2025-12-01,2026-12-01,12,487092.6565510174,2.92,h12_v1,2026-05-08 17:00:51.223914
Djerba - Ajim,Médenine,Djerba - Ajim,2025-12-01,2026-01-01,1,433780.77682090754,2.92,h12_v1,2026-05-08 17:00:51.223914
Djerba - Ajim,Médenine,Djerba - Ajim,2025-12-01,2026-02-01,2,431727.32794267,2.92,h12_v1,2026-05-08 17:00:51.223914
Djerba - Ajim,Médenine,Djerba - Ajim,2025-12-01,2026-03-01,3,431446.8801230024,2.92,h12_v1,2026-05-08 17:00:51.223914
Djerba - Ajim,Médenine,Djerba - Ajim,2025-12-01,2026-04-01,4,430048.253415673,2.92,h12_v1,2026-05-08 17:00:51.223914
Djerba - Ajim,Médenine,Djerba - Ajim,2025-12-01,2026-05-01,5,430500.78628171823,2.92,h12_v1,2026-05-08 17:00:51.223914
Djerba - Ajim,Médenine,Djerba - Ajim,2025-12-01,2026-06-01,6,432724.6277482556,2.92,h12_v1,2026-05-08 17:00:51.223914
Djerba - Ajim,Médenine,Djerba - Ajim,2025-12-01,2026-07-01,7,430856.9518589911,2.92,h12_v1,2026-05-08 17:00:51.223914
Djerba - Ajim,Médenine,Djerba - Ajim,2025-12-01,2026-08-01,8,431988.39934728737,2.92,h12_v1,2026-05-08 17:00:51.223914
Djerba - Ajim,Médenine,Djerba - Ajim,2025-12-01,2026-09-01,9,432492.3830573859,2.92,h12_v1,2026-05-08 17:00:51.223914
Djerba - Ajim,Médenine,Djerba - Ajim,2025-12-01,2026-10-01,10,434392.7198448174,2.92,h12_v1,2026-05-08 17:00:51.223914
Djerba - Ajim,Médenine,Djerba - Ajim,2025-12-01,2026-11-01,11,433221.97759390407,2.92,h12_v1,2026-05-08 17:00:51.223914
Djerba - Ajim,Médenine,Djerba - Ajim,2025-12-01,2026-12-01,12,431840.74378642376,2.92,h12_v1,2026-05-08 17:00:51.223914
Djerba - Houmt Souk,Médenine,Djerba - Houmt Souk,2025-12-01,2026-01-01,1,401866.135827457,2.92,h12_v1,2026-05-08 17:00:51.223914
Djerba - Houmt Souk,Médenine,Djerba - Houmt Souk,2025-12-01,2026-02-01,2,403064.49927528674,2.92,h12_v1,2026-05-08 17:00:51.223914
Djerba - Houmt Souk,Médenine,Djerba - Houmt Souk,2025-12-01,2026-03-01,3,402365.5162199951,2.92,h12_v1,2026-05-08 17:00:51.223914
Djerba - Houmt Souk,Médenine,Djerba - Houmt Souk,2025-12-01,2026-04-01,4,405156.3151450191,2.92,h12_v1,2026-05-08 17:00:51.223914
Djerba - Houmt Souk,Médenine,Djerba - Houmt Souk,2025-12-01,2026-05-01,5,406271.431493765,2.92,h12_v1,2026-05-08 17:00:51.223914
Djerba - Houmt Souk,Médenine,Djerba - Houmt Souk,2025-12-01,2026-06-01,6,397478.62811846915,2.92,h12_v1,2026-05-08 17:00:51.223914
Djerba - Houmt Souk,Médenine,Djerba - Houmt Souk,2025-12-01,2026-07-01,7,397797.3413169654,2.92,h12_v1,2026-05-08 17:00:51.225761
Djerba - Houmt Souk,Médenine,Djerba - Houmt Souk,2025-12-01,2026-08-01,8,407288.60472026374,2.92,h12_v1,2026-05-08 17:00:51.225761
Djerba - Houmt Souk,Médenine,Djerba - Houmt Souk,2025-12-01,2026-09-01,9,407561.5129234214,2.92,h12_v1,2026-05-08 17:00:51.225761
Djerba - Houmt Souk,Médenine,Djerba - Houmt Souk,2025-12-01,2026-10-01,10,402927.47386321786,2.92,h12_v1,2026-05-08 17:00:51.225761
Djerba - Houmt Souk,Médenine,Djerba - Houmt Souk,2025-12-01,2026-11-01,11,398323.02617375256,2.92,h12_v1,2026-05-08 17:00:51.225761
Djerba - Houmt Souk,Médenine,Djerba - Houmt Souk,2025-12-01,2026-12-01,12,396564.66223009734,2.92,h12_v1,2026-05-08 17:00:51.225761
Djerba - Midoun,Médenine,Djerba - Midoun,2025-12-01,2026-01-01,1,408154.5558134005,2.92,h12_v1,2026-05-08 17:00:51.225761
Djerba - Midoun,Médenine,Djerba - Midoun,2025-12-01,2026-02-01,2,410482.62794030074,2.92,h12_v1,2026-05-08 17:00:51.225761
Djerba - Midoun,Médenine,Djerba - Midoun,2025-12-01,2026-03-01,3,408838.5549974559,2.92,h12_v1,2026-05-08 17:00:51.225761
Djerba - Midoun,Médenine,Djerba - Midoun,2025-12-01,2026-04-01,4,409812.93738642853,2.92,h12_v1,2026-05-08 17:00:51.227722
Djerba - Midoun,Médenine,Djerba - Midoun,2025-12-01,2026-05-01,5,408348.48721307516,2.92,h12_v1,2026-05-08 17:00:51.227722
Djerba - Midoun,Médenine,Djerba - Midoun,2025-12-01,2026-06-01,6,408823.07353243517,2.92,h12_v1,2026-05-08 17:00:51.227722
Djerba - Midoun,Médenine,Djerba - Midoun,2025-12-01,2026-07-01,7,410765.7695672424,2.92,h12_v1,2026-05-08 17:00:51.227722
Djerba - Midoun,Médenine,Djerba - Midoun,2025-12-01,2026-08-01,8,411069.96183492214,2.92,h12_v1,2026-05-08 17:00:51.227722
Djerba - Midoun,Médenine,Djerba - Midoun,2025-12-01,2026-09-01,9,408123.44038170006,2.92,h12_v1,2026-05-08 17:00:51.227722
Djerba - Midoun,Médenine,Djerba - Midoun,2025-12-01,2026-10-01,10,408721.6134713481,2.92,h12_v1,2026-05-08 17:00:51.227722
Djerba - Midoun,Médenine,Djerba - Midoun,2025-12-01,2026-11-01,11,408917.24481610185,2.92,h12_v1,2026-05-08 17:00:51.227722
Djerba - Midoun,Médenine,Djerba - Midoun,2025-12-01,2026-12-01,12,407489.92211280373,2.92,h12_v1,2026-05-08 17:00:51.227722
Douar Hicher,La Manouba,Douar Hicher,2025-12-01,2026-01-01,1,518378.0660289613,2.92,h12_v1,2026-05-08 17:00:51.227722
Douar Hicher,La Manouba,Douar Hicher,2025-12-01,2026-02-01,2,522660.7605672587,2.92,h12_v1,2026-05-08 17:00:51.227722
Douar Hicher,La Manouba,Douar Hicher,2025-12-01,2026-03-01,3,524922.4240966549,2.92,h12_v1,2026-05-08 17:00:51.227722
Douar Hicher,La Manouba,Douar Hicher,2025-12-01,2026-04-01,4,519896.4264296334,2.92,h12_v1,2026-05-08 17:00:51.227722
Douar Hicher,La Manouba,Douar Hicher,2025-12-01,2026-05-01,5,528310.4370798926,2.92,h12_v1,2026-05-08 17:00:51.227722
Douar Hicher,La Manouba,Douar Hicher,2025-12-01,2026-06-01,6,523294.02266267216,2.92,h12_v1,2026-05-08 17:00:51.227722
Douar Hicher,La Manouba,Douar Hicher,2025-12-01,2026-07-01,7,525528.6961979914,2.92,h12_v1,2026-05-08 17:00:51.227722
Douar Hicher,La Manouba,Douar Hicher,2025-12-01,2026-08-01,8,527654.7584922018,2.92,h12_v1,2026-05-08 17:00:51.227722
Douar Hicher,La Manouba,Douar Hicher,2025-12-01,2026-09-01,9,523833.76389262115,2.92,h12_v1,2026-05-08 17:00:51.227722
Douar Hicher,La Manouba,Douar Hicher,2025-12-01,2026-10-01,10,526392.2848267527,2.92,h12_v1,2026-05-08 17:00:51.227722
Douar Hicher,La Manouba,Douar Hicher,2025-12-01,2026-11-01,11,525982.3013482424,2.92,h12_v1,2026-05-08 17:00:51.227722
Douar Hicher,La Manouba,Douar Hicher,2025-12-01,2026-12-01,12,529388.0622788349,2.92,h12_v1,2026-05-08 17:00:51.227722
Douz Nord,Kébili,Douz Nord,2025-12-01,2026-01-01,1,426161.44398137316,2.92,h12_v1,2026-05-08 17:00:51.227722
Douz Nord,Kébili,Douz Nord,2025-12-01,2026-02-01,2,427213.8669648508,2.92,h12_v1,2026-05-08 17:00:51.227722
Douz Nord,Kébili,Douz Nord,2025-12-01,2026-03-01,3,427701.15072767256,2.92,h12_v1,2026-05-08 17:00:51.227722
Douz Nord,Kébili,Douz Nord,2025-12-01,2026-04-01,4,427400.2999418047,2.92,h12_v1,2026-05-08 17:00:51.227722
Douz Nord,Kébili,Douz Nord,2025-12-01,2026-05-01,5,425033.07814861304,2.92,h12_v1,2026-05-08 17:00:51.227722
Douz Nord,Kébili,Douz Nord,2025-12-01,2026-06-01,6,428453.1508019367,2.92,h12_v1,2026-05-08 17:00:51.227722
Douz Nord,Kébili,Douz Nord,2025-12-01,2026-07-01,7,426550.22067422146,2.92,h12_v1,2026-05-08 17:00:51.227722
Douz Nord,Kébili,Douz Nord,2025-12-01,2026-08-01,8,428082.1515086037,2.92,h12_v1,2026-05-08 17:00:51.227722
Douz Nord,Kébili,Douz Nord,2025-12-01,2026-09-01,9,428323.80547496106,2.92,h12_v1,2026-05-08 17:00:51.227722
Douz Nord,Kébili,Douz Nord,2025-12-01,2026-10-01,10,426928.674816733,2.92,h12_v1,2026-05-08 17:00:51.227722
Douz Nord,Kébili,Douz Nord,2025-12-01,2026-11-01,11,424948.3207139009,2.92,h12_v1,2026-05-08 17:00:51.227722
Douz Nord,Kébili,Douz Nord,2025-12-01,2026-12-01,12,424594.8636143757,2.92,h12_v1,2026-05-08 17:00:51.227722
Douz Sud,Kébili,Douz Sud,2025-12-01,2026-01-01,1,442501.83501169365,2.92,h12_v1,2026-05-08 17:00:51.227722
Douz Sud,Kébili,Douz Sud,2025-12-01,2026-02-01,2,436910.55129180657,2.92,h12_v1,2026-05-08 17:00:51.227722
Douz Sud,Kébili,Douz Sud,2025-12-01,2026-03-01,3,439666.1914573125,2.92,h12_v1,2026-05-08 17:00:51.227722
Douz Sud,Kébili,Douz Sud,2025-12-01,2026-04-01,4,442619.4271847759,2.92,h12_v1,2026-05-08 17:00:51.227722
Douz Sud,Kébili,Douz Sud,2025-12-01,2026-05-01,5,446778.4310327856,2.92,h12_v1,2026-05-08 17:00:51.227722
Douz Sud,Kébili,Douz Sud,2025-12-01,2026-06-01,6,445242.71349509404,2.92,h12_v1,2026-05-08 17:00:51.227722
Douz Sud,Kébili,Douz Sud,2025-12-01,2026-07-01,7,445292.2351507424,2.92,h12_v1,2026-05-08 17:00:51.227722
Douz Sud,Kébili,Douz Sud,2025-12-01,2026-08-01,8,445884.43236107717,2.92,h12_v1,2026-05-08 17:00:51.227722
Douz Sud,Kébili,Douz Sud,2025-12-01,2026-09-01,9,443283.9218331813,2.92,h12_v1,2026-05-08 17:00:51.227722
Douz Sud,Kébili,Douz Sud,2025-12-01,2026-10-01,10,445593.06756211695,2.92,h12_v1,2026-05-08 17:00:51.227722
Douz Sud,Kébili,Douz Sud,2025-12-01,2026-11-01,11,444449.5447234449,2.92,h12_v1,2026-05-08 17:00:51.227722
Douz Sud,Kébili,Douz Sud,2025-12-01,2026-12-01,12,446000.8486707379,2.92,h12_v1,2026-05-08 17:00:51.227722
Echrarda,Kairouan,Echrarda,2025-12-01,2026-01-01,1,486055.35350384284,2.92,h12_v1,2026-05-08 17:00:51.227722
Echrarda,Kairouan,Echrarda,2025-12-01,2026-02-01,2,487021.0488944025,2.92,h12_v1,2026-05-08 17:00:51.227722
Echrarda,Kairouan,Echrarda,2025-12-01,2026-03-01,3,488752.6185285501,2.92,h12_v1,2026-05-08 17:00:51.227722
Echrarda,Kairouan,Echrarda,2025-12-01,2026-04-01,4,487397.3943575809,2.92,h12_v1,2026-05-08 17:00:51.227722
Echrarda,Kairouan,Echrarda,2025-12-01,2026-05-01,5,489191.7745918499,2.92,h12_v1,2026-05-08 17:00:51.227722
Echrarda,Kairouan,Echrarda,2025-12-01,2026-06-01,6,486258.6399590829,2.92,h12_v1,2026-05-08 17:00:51.227722
Echrarda,Kairouan,Echrarda,2025-12-01,2026-07-01,7,483469.6445113904,2.92,h12_v1,2026-05-08 17:00:51.227722
Echrarda,Kairouan,Echrarda,2025-12-01,2026-08-01,8,485282.2568917027,2.92,h12_v1,2026-05-08 17:00:51.227722
Echrarda,Kairouan,Echrarda,2025-12-01,2026-09-01,9,487447.363459985,2.92,h12_v1,2026-05-08 17:00:51.227722
Echrarda,Kairouan,Echrarda,2025-12-01,2026-10-01,10,487536.9621150957,2.92,h12_v1,2026-05-08 17:00:51.227722
Echrarda,Kairouan,Echrarda,2025-12-01,2026-11-01,11,490360.6633144428,2.92,h12_v1,2026-05-08 17:00:51.227722
Echrarda,Kairouan,Echrarda,2025-12-01,2026-12-01,12,482168.7359534808,2.92,h12_v1,2026-05-08 17:00:51.227722
El Alia,Bizerte,El Alia,2025-12-01,2026-01-01,1,788208.4033212451,2.92,h12_v1,2026-05-08 17:00:51.227722
El Alia,Bizerte,El Alia,2025-12-01,2026-02-01,2,789591.7504555385,2.92,h12_v1,2026-05-08 17:00:51.227722
El Alia,Bizerte,El Alia,2025-12-01,2026-03-01,3,796750.3093893854,2.92,h12_v1,2026-05-08 17:00:51.227722
El Alia,Bizerte,El Alia,2025-12-01,2026-04-01,4,785590.3024970505,2.92,h12_v1,2026-05-08 17:00:51.227722
El Alia,Bizerte,El Alia,2025-12-01,2026-05-01,5,788828.2791180039,2.92,h12_v1,2026-05-08 17:00:51.227722
El Alia,Bizerte,El Alia,2025-12-01,2026-06-01,6,791923.1805837759,2.92,h12_v1,2026-05-08 17:00:51.227722
El Alia,Bizerte,El Alia,2025-12-01,2026-07-01,7,793001.144920049,2.92,h12_v1,2026-05-08 17:00:51.227722
El Alia,Bizerte,El Alia,2025-12-01,2026-08-01,8,786201.7690015046,2.92,h12_v1,2026-05-08 17:00:51.227722
El Alia,Bizerte,El Alia,2025-12-01,2026-09-01,9,794805.7811346315,2.92,h12_v1,2026-05-08 17:00:51.227722
El Alia,Bizerte,El Alia,2025-12-01,2026-10-01,10,792326.2719790257,2.92,h12_v1,2026-05-08 17:00:51.227722
El Alia,Bizerte,El Alia,2025-12-01,2026-11-01,11,796523.1456241115,2.92,h12_v1,2026-05-08 17:00:51.227722
El Alia,Bizerte,El Alia,2025-12-01,2026-12-01,12,792828.7096864507,2.92,h12_v1,2026-05-08 17:00:51.227722
El Alâa,Kairouan,El Alâa,2025-12-01,2026-01-01,1,492764.71426471876,2.92,h12_v1,2026-05-08 17:00:51.227722
El Alâa,Kairouan,El Alâa,2025-12-01,2026-02-01,2,488485.9004145285,2.92,h12_v1,2026-05-08 17:00:51.227722
El Alâa,Kairouan,El Alâa,2025-12-01,2026-03-01,3,488967.82610777166,2.92,h12_v1,2026-05-08 17:00:51.227722
El Alâa,Kairouan,El Alâa,2025-12-01,2026-04-01,4,487434.5763437868,2.92,h12_v1,2026-05-08 17:00:51.227722
El Alâa,Kairouan,El Alâa,2025-12-01,2026-05-01,5,487652.8784227914,2.92,h12_v1,2026-05-08 17:00:51.227722
El Alâa,Kairouan,El Alâa,2025-12-01,2026-06-01,6,488637.06688322674,2.92,h12_v1,2026-05-08 17:00:51.227722
El Alâa,Kairouan,El Alâa,2025-12-01,2026-07-01,7,485033.66153598507,2.92,h12_v1,2026-05-08 17:00:51.227722
El Alâa,Kairouan,El Alâa,2025-12-01,2026-08-01,8,488889.3138426114,2.92,h12_v1,2026-05-08 17:00:51.227722
El Alâa,Kairouan,El Alâa,2025-12-01,2026-09-01,9,486096.3725371381,2.92,h12_v1,2026-05-08 17:00:51.227722
El Alâa,Kairouan,El Alâa,2025-12-01,2026-10-01,10,488088.42583300016,2.92,h12_v1,2026-05-08 17:00:51.227722
El Alâa,Kairouan,El Alâa,2025-12-01,2026-11-01,11,485939.23084690626,2.92,h12_v1,2026-05-08 17:00:51.227722
El Alâa,Kairouan,El Alâa,2025-12-01,2026-12-01,12,488607.71819828433,2.92,h12_v1,2026-05-08 17:00:51.227722
El Amra,Sfax,El Amra,2025-12-01,2026-01-01,1,901379.4883522912,2.92,h12_v1,2026-05-08 17:00:51.227722
El Amra,Sfax,El Amra,2025-12-01,2026-02-01,2,896144.7634297918,2.92,h12_v1,2026-05-08 17:00:51.227722
El Amra,Sfax,El Amra,2025-12-01,2026-03-01,3,901372.0374100462,2.92,h12_v1,2026-05-08 17:00:51.227722
El Amra,Sfax,El Amra,2025-12-01,2026-04-01,4,903011.3589590107,2.92,h12_v1,2026-05-08 17:00:51.227722
El Amra,Sfax,El Amra,2025-12-01,2026-05-01,5,904541.9425171828,2.92,h12_v1,2026-05-08 17:00:51.227722
El Amra,Sfax,El Amra,2025-12-01,2026-06-01,6,893786.0309830746,2.92,h12_v1,2026-05-08 17:00:51.227722
El Amra,Sfax,El Amra,2025-12-01,2026-07-01,7,901280.9275473469,2.92,h12_v1,2026-05-08 17:00:51.227722
El Amra,Sfax,El Amra,2025-12-01,2026-08-01,8,896827.9936764265,2.92,h12_v1,2026-05-08 17:00:51.227722
El Amra,Sfax,El Amra,2025-12-01,2026-09-01,9,904957.2349025821,2.92,h12_v1,2026-05-08 17:00:51.227722
El Amra,Sfax,El Amra,2025-12-01,2026-10-01,10,909136.8304645236,2.92,h12_v1,2026-05-08 17:00:51.233156
El Amra,Sfax,El Amra,2025-12-01,2026-11-01,11,909261.8561171098,2.92,h12_v1,2026-05-08 17:00:51.233156
El Amra,Sfax,El Amra,2025-12-01,2026-12-01,12,905063.2437469068,2.92,h12_v1,2026-05-08 17:00:51.233156
El Aroussa,Siliana,El Aroussa,2025-12-01,2026-01-01,1,342787.6214947772,2.92,h12_v1,2026-05-08 17:00:51.233156
El Aroussa,Siliana,El Aroussa,2025-12-01,2026-02-01,2,345782.86676124856,2.92,h12_v1,2026-05-08 17:00:51.233156
El Aroussa,Siliana,El Aroussa,2025-12-01,2026-03-01,3,344735.8239979292,2.92,h12_v1,2026-05-08 17:00:51.233156
El Aroussa,Siliana,El Aroussa,2025-12-01,2026-04-01,4,346483.6800857536,2.92,h12_v1,2026-05-08 17:00:51.233156
El Aroussa,Siliana,El Aroussa,2025-12-01,2026-05-01,5,343986.1701621894,2.92,h12_v1,2026-05-08 17:00:51.233156
El Aroussa,Siliana,El Aroussa,2025-12-01,2026-06-01,6,346479.6175068582,2.92,h12_v1,2026-05-08 17:00:51.233156
El Aroussa,Siliana,El Aroussa,2025-12-01,2026-07-01,7,345882.2105319783,2.92,h12_v1,2026-05-08 17:00:51.233156
El Aroussa,Siliana,El Aroussa,2025-12-01,2026-08-01,8,344697.61535938503,2.92,h12_v1,2026-05-08 17:00:51.233156
El Aroussa,Siliana,El Aroussa,2025-12-01,2026-09-01,9,345785.5909846412,2.92,h12_v1,2026-05-08 17:00:51.233156
El Aroussa,Siliana,El Aroussa,2025-12-01,2026-10-01,10,340211.35461411695,2.92,h12_v1,2026-05-08 17:00:51.233156
El Aroussa,Siliana,El Aroussa,2025-12-01,2026-11-01,11,345413.6199657652,2.92,h12_v1,2026-05-08 17:00:51.233156
El Aroussa,Siliana,El Aroussa,2025-12-01,2026-12-01,12,341891.6271692292,2.92,h12_v1,2026-05-08 17:00:51.233156
El Ayoun,Kasserine,El Ayoun,2025-12-01,2026-01-01,1,324203.7377077271,2.92,h12_v1,2026-05-08 17:00:51.233156
El Ayoun,Kasserine,El Ayoun,2025-12-01,2026-02-01,2,320033.77699538117,2.92,h12_v1,2026-05-08 17:00:51.234167
El Ayoun,Kasserine,El Ayoun,2025-12-01,2026-03-01,3,322468.7895404599,2.92,h12_v1,2026-05-08 17:00:51.234167
El Ayoun,Kasserine,El Ayoun,2025-12-01,2026-04-01,4,319740.9328576301,2.92,h12_v1,2026-05-08 17:00:51.234167
El Ayoun,Kasserine,El Ayoun,2025-12-01,2026-05-01,5,320215.767990913,2.92,h12_v1,2026-05-08 17:00:51.234167
El Ayoun,Kasserine,El Ayoun,2025-12-01,2026-06-01,6,320484.01352670655,2.92,h12_v1,2026-05-08 17:00:51.234167
El Ayoun,Kasserine,El Ayoun,2025-12-01,2026-07-01,7,320864.2717304439,2.92,h12_v1,2026-05-08 17:00:51.234167
El Ayoun,Kasserine,El Ayoun,2025-12-01,2026-08-01,8,319181.9371346313,2.92,h12_v1,2026-05-08 17:00:51.234167
El Ayoun,Kasserine,El Ayoun,2025-12-01,2026-09-01,9,322577.1355559201,2.92,h12_v1,2026-05-08 17:00:51.234167
El Ayoun,Kasserine,El Ayoun,2025-12-01,2026-10-01,10,321213.3254834804,2.92,h12_v1,2026-05-08 17:00:51.234167
El Ayoun,Kasserine,El Ayoun,2025-12-01,2026-11-01,11,321141.65613949066,2.92,h12_v1,2026-05-08 17:00:51.234167
El Ayoun,Kasserine,El Ayoun,2025-12-01,2026-12-01,12,320286.2882012509,2.92,h12_v1,2026-05-08 17:00:51.234167
El Batan,La Manouba,El Batan,2025-12-01,2026-01-01,1,540945.5031545269,2.92,h12_v1,2026-05-08 17:00:51.234546
El Batan,La Manouba,El Batan,2025-12-01,2026-02-01,2,540470.8852721548,2.92,h12_v1,2026-05-08 17:00:51.234546
El Batan,La Manouba,El Batan,2025-12-01,2026-03-01,3,540367.5711132792,2.92,h12_v1,2026-05-08 17:00:51.234546
El Batan,La Manouba,El Batan,2025-12-01,2026-04-01,4,536717.8277292274,2.92,h12_v1,2026-05-08 17:00:51.234546
El Batan,La Manouba,El Batan,2025-12-01,2026-05-01,5,534632.23517228,2.92,h12_v1,2026-05-08 17:00:51.234546
El Batan,La Manouba,El Batan,2025-12-01,2026-06-01,6,537672.7666538967,2.92,h12_v1,2026-05-08 17:00:51.234546
El Batan,La Manouba,El Batan,2025-12-01,2026-07-01,7,537357.6662388631,2.92,h12_v1,2026-05-08 17:00:51.234546
El Batan,La Manouba,El Batan,2025-12-01,2026-08-01,8,536518.3719056254,2.92,h12_v1,2026-05-08 17:00:51.234546
El Batan,La Manouba,El Batan,2025-12-01,2026-09-01,9,539297.3627275167,2.92,h12_v1,2026-05-08 17:00:51.234546
El Batan,La Manouba,El Batan,2025-12-01,2026-10-01,10,535966.1073200044,2.92,h12_v1,2026-05-08 17:00:51.234546
El Batan,La Manouba,El Batan,2025-12-01,2026-11-01,11,537010.4436450985,2.92,h12_v1,2026-05-08 17:00:51.234546
El Batan,La Manouba,El Batan,2025-12-01,2026-12-01,12,536000.3350159469,2.92,h12_v1,2026-05-08 17:00:51.234546
El Bradâa,Mahdia,El Bradâa,2025-12-01,2026-01-01,1,628541.6260384396,2.92,h12_v1,2026-05-08 17:00:51.234546
El Bradâa,Mahdia,El Bradâa,2025-12-01,2026-02-01,2,625509.0599856247,2.92,h12_v1,2026-05-08 17:00:51.234546
El Bradâa,Mahdia,El Bradâa,2025-12-01,2026-03-01,3,631419.0094269732,2.92,h12_v1,2026-05-08 17:00:51.234546
El Bradâa,Mahdia,El Bradâa,2025-12-01,2026-04-01,4,622065.9031823293,2.92,h12_v1,2026-05-08 17:00:51.234546
El Bradâa,Mahdia,El Bradâa,2025-12-01,2026-05-01,5,623709.0185426688,2.92,h12_v1,2026-05-08 17:00:51.234546
El Bradâa,Mahdia,El Bradâa,2025-12-01,2026-06-01,6,624503.480800969,2.92,h12_v1,2026-05-08 17:00:51.234546
El Bradâa,Mahdia,El Bradâa,2025-12-01,2026-07-01,7,623749.0487859763,2.92,h12_v1,2026-05-08 17:00:51.234546
El Bradâa,Mahdia,El Bradâa,2025-12-01,2026-08-01,8,624288.9646079701,2.92,h12_v1,2026-05-08 17:00:51.234546
El Bradâa,Mahdia,El Bradâa,2025-12-01,2026-09-01,9,622892.7579122301,2.92,h12_v1,2026-05-08 17:00:51.234546
El Bradâa,Mahdia,El Bradâa,2025-12-01,2026-10-01,10,619993.227981449,2.92,h12_v1,2026-05-08 17:00:51.234546
El Bradâa,Mahdia,El Bradâa,2025-12-01,2026-11-01,11,625116.0701167682,2.92,h12_v1,2026-05-08 17:00:51.234546
El Bradâa,Mahdia,El Bradâa,2025-12-01,2026-12-01,12,628985.8812628998,2.92,h12_v1,2026-05-08 17:00:51.234546
El Fahs,Zaghouan,El Fahs,2025-12-01,2026-01-01,1,396210.77655888756,2.92,h12_v1,2026-05-08 17:00:51.234546
El Fahs,Zaghouan,El Fahs,2025-12-01,2026-02-01,2,396789.56059423235,2.92,h12_v1,2026-05-08 17:00:51.234546
El Fahs,Zaghouan,El Fahs,2025-12-01,2026-03-01,3,399223.7754541795,2.92,h12_v1,2026-05-08 17:00:51.234546
El Fahs,Zaghouan,El Fahs,2025-12-01,2026-04-01,4,398063.52607182105,2.92,h12_v1,2026-05-08 17:00:51.234546
El Fahs,Zaghouan,El Fahs,2025-12-01,2026-05-01,5,398700.92652513547,2.92,h12_v1,2026-05-08 17:00:51.234546
El Fahs,Zaghouan,El Fahs,2025-12-01,2026-06-01,6,399603.37412142404,2.92,h12_v1,2026-05-08 17:00:51.234546
El Fahs,Zaghouan,El Fahs,2025-12-01,2026-07-01,7,396740.9974906555,2.92,h12_v1,2026-05-08 17:00:51.234546
El Fahs,Zaghouan,El Fahs,2025-12-01,2026-08-01,8,398378.73733900656,2.92,h12_v1,2026-05-08 17:00:51.234546
El Fahs,Zaghouan,El Fahs,2025-12-01,2026-09-01,9,398044.1836712157,2.92,h12_v1,2026-05-08 17:00:51.234546
El Fahs,Zaghouan,El Fahs,2025-12-01,2026-10-01,10,401484.0942305429,2.92,h12_v1,2026-05-08 17:00:51.234546
El Fahs,Zaghouan,El Fahs,2025-12-01,2026-11-01,11,398286.65309873363,2.92,h12_v1,2026-05-08 17:00:51.234546
El Fahs,Zaghouan,El Fahs,2025-12-01,2026-12-01,12,393075.1254597856,2.92,h12_v1,2026-05-08 17:00:51.234546
El Guettar,Gafsa,El Guettar,2025-12-01,2026-01-01,1,404471.0550374229,2.92,h12_v1,2026-05-08 17:00:51.234546
El Guettar,Gafsa,El Guettar,2025-12-01,2026-02-01,2,403799.9211206715,2.92,h12_v1,2026-05-08 17:00:51.234546
El Guettar,Gafsa,El Guettar,2025-12-01,2026-03-01,3,406406.25975661975,2.92,h12_v1,2026-05-08 17:00:51.234546
El Guettar,Gafsa,El Guettar,2025-12-01,2026-04-01,4,405330.1312987899,2.92,h12_v1,2026-05-08 17:00:51.234546
El Guettar,Gafsa,El Guettar,2025-12-01,2026-05-01,5,406118.97964460694,2.92,h12_v1,2026-05-08 17:00:51.234546
El Guettar,Gafsa,El Guettar,2025-12-01,2026-06-01,6,401634.6459946802,2.92,h12_v1,2026-05-08 17:00:51.234546
El Guettar,Gafsa,El Guettar,2025-12-01,2026-07-01,7,399473.61721375084,2.92,h12_v1,2026-05-08 17:00:51.234546
El Guettar,Gafsa,El Guettar,2025-12-01,2026-08-01,8,394955.0042621658,2.92,h12_v1,2026-05-08 17:00:51.234546
El Guettar,Gafsa,El Guettar,2025-12-01,2026-09-01,9,397231.82584359846,2.92,h12_v1,2026-05-08 17:00:51.234546
El Guettar,Gafsa,El Guettar,2025-12-01,2026-10-01,10,401851.2944738231,2.92,h12_v1,2026-05-08 17:00:51.234546
El Guettar,Gafsa,El Guettar,2025-12-01,2026-11-01,11,401590.12301368394,2.92,h12_v1,2026-05-08 17:00:51.234546
El Guettar,Gafsa,El Guettar,2025-12-01,2026-12-01,12,399937.3062373526,2.92,h12_v1,2026-05-08 17:00:51.234546
El Hamma,Gabès,El Hamma,2025-12-01,2026-01-01,1,677208.149935336,2.92,h12_v1,2026-05-08 17:00:51.234546
El Hamma,Gabès,El Hamma,2025-12-01,2026-02-01,2,682832.0560190048,2.92,h12_v1,2026-05-08 17:00:51.236083
El Hamma,Gabès,El Hamma,2025-12-01,2026-03-01,3,679896.0026921522,2.92,h12_v1,2026-05-08 17:00:51.236083
El Hamma,Gabès,El Hamma,2025-12-01,2026-04-01,4,681439.6566728745,2.92,h12_v1,2026-05-08 17:00:51.236083
El Hamma,Gabès,El Hamma,2025-12-01,2026-05-01,5,682624.3801684219,2.92,h12_v1,2026-05-08 17:00:51.236083
El Hamma,Gabès,El Hamma,2025-12-01,2026-06-01,6,682061.3528631754,2.92,h12_v1,2026-05-08 17:00:51.236083
El Hamma,Gabès,El Hamma,2025-12-01,2026-07-01,7,682725.2634815647,2.92,h12_v1,2026-05-08 17:00:51.236083
El Hamma,Gabès,El Hamma,2025-12-01,2026-08-01,8,682217.2367659478,2.92,h12_v1,2026-05-08 17:00:51.236083
El Hamma,Gabès,El Hamma,2025-12-01,2026-09-01,9,685821.87793948,2.92,h12_v1,2026-05-08 17:00:51.236083
El Hamma,Gabès,El Hamma,2025-12-01,2026-10-01,10,680435.6765117617,2.92,h12_v1,2026-05-08 17:00:51.236083
El Hamma,Gabès,El Hamma,2025-12-01,2026-11-01,11,686729.893210597,2.92,h12_v1,2026-05-08 17:00:51.236083
El Hamma,Gabès,El Hamma,2025-12-01,2026-12-01,12,677493.4705146343,2.92,h12_v1,2026-05-08 17:00:51.236083
El Hamma Ouest,Gabès,El Hamma Ouest,2025-12-01,2026-01-01,1,483327.3204125519,2.92,h12_v1,2026-05-08 17:00:51.236083
El Hamma Ouest,Gabès,El Hamma Ouest,2025-12-01,2026-02-01,2,483469.8749470114,2.92,h12_v1,2026-05-08 17:00:51.236083
El Hamma Ouest,Gabès,El Hamma Ouest,2025-12-01,2026-03-01,3,481409.8395241544,2.92,h12_v1,2026-05-08 17:00:51.236083
El Hamma Ouest,Gabès,El Hamma Ouest,2025-12-01,2026-04-01,4,482429.435165311,2.92,h12_v1,2026-05-08 17:00:51.236083
El Hamma Ouest,Gabès,El Hamma Ouest,2025-12-01,2026-05-01,5,484528.79517287295,2.92,h12_v1,2026-05-08 17:00:51.236083
El Hamma Ouest,Gabès,El Hamma Ouest,2025-12-01,2026-06-01,6,483971.0033110093,2.92,h12_v1,2026-05-08 17:00:51.236577
El Hamma Ouest,Gabès,El Hamma Ouest,2025-12-01,2026-07-01,7,485031.5014143606,2.92,h12_v1,2026-05-08 17:00:51.236577
El Hamma Ouest,Gabès,El Hamma Ouest,2025-12-01,2026-08-01,8,482445.7283969995,2.92,h12_v1,2026-05-08 17:00:51.236577
El Hamma Ouest,Gabès,El Hamma Ouest,2025-12-01,2026-09-01,9,481483.997657315,2.92,h12_v1,2026-05-08 17:00:51.236577
El Hamma Ouest,Gabès,El Hamma Ouest,2025-12-01,2026-10-01,10,485274.3377443188,2.92,h12_v1,2026-05-08 17:00:51.236577
El Hamma Ouest,Gabès,El Hamma Ouest,2025-12-01,2026-11-01,11,485651.8081583503,2.92,h12_v1,2026-05-08 17:00:51.236577
El Hamma Ouest,Gabès,El Hamma Ouest,2025-12-01,2026-12-01,12,479060.84232097794,2.92,h12_v1,2026-05-08 17:00:51.236577
El Hamma du Jérid,Tozeur,El Hamma du Jérid,2025-12-01,2026-01-01,1,613513.4430145503,2.92,h12_v1,2026-05-08 17:00:51.238028
El Hamma du Jérid,Tozeur,El Hamma du Jérid,2025-12-01,2026-02-01,2,613722.7163758617,2.92,h12_v1,2026-05-08 17:00:51.238028
El Hamma du Jérid,Tozeur,El Hamma du Jérid,2025-12-01,2026-03-01,3,612931.306543049,2.92,h12_v1,2026-05-08 17:00:51.238028
El Hamma du Jérid,Tozeur,El Hamma du Jérid,2025-12-01,2026-04-01,4,609873.3852839773,2.92,h12_v1,2026-05-08 17:00:51.238028
El Hamma du Jérid,Tozeur,El Hamma du Jérid,2025-12-01,2026-05-01,5,608581.6723222939,2.92,h12_v1,2026-05-08 17:00:51.238028
El Hamma du Jérid,Tozeur,El Hamma du Jérid,2025-12-01,2026-06-01,6,608362.7035978757,2.92,h12_v1,2026-05-08 17:00:51.238028
El Hamma du Jérid,Tozeur,El Hamma du Jérid,2025-12-01,2026-07-01,7,610109.1435433245,2.92,h12_v1,2026-05-08 17:00:51.238028
El Hamma du Jérid,Tozeur,El Hamma du Jérid,2025-12-01,2026-08-01,8,608612.3579154736,2.92,h12_v1,2026-05-08 17:00:51.238028
El Hamma du Jérid,Tozeur,El Hamma du Jérid,2025-12-01,2026-09-01,9,606178.6457968863,2.92,h12_v1,2026-05-08 17:00:51.238028
El Hamma du Jérid,Tozeur,El Hamma du Jérid,2025-12-01,2026-10-01,10,608689.8581457747,2.92,h12_v1,2026-05-08 17:00:51.238028
El Hamma du Jérid,Tozeur,El Hamma du Jérid,2025-12-01,2026-11-01,11,609629.0732218005,2.92,h12_v1,2026-05-08 17:00:51.238028
El Hamma du Jérid,Tozeur,El Hamma du Jérid,2025-12-01,2026-12-01,12,612227.6694004204,2.92,h12_v1,2026-05-08 17:00:51.238028
El Haouaria,Nabeul,El Haouaria,2025-12-01,2026-01-01,1,893329.1340551305,2.92,h12_v1,2026-05-08 17:00:51.238028
El Haouaria,Nabeul,El Haouaria,2025-12-01,2026-02-01,2,917394.4869142157,2.92,h12_v1,2026-05-08 17:00:51.238028
El Haouaria,Nabeul,El Haouaria,2025-12-01,2026-03-01,3,909312.2877146233,2.92,h12_v1,2026-05-08 17:00:51.238028
El Haouaria,Nabeul,El Haouaria,2025-12-01,2026-04-01,4,916023.3600732127,2.92,h12_v1,2026-05-08 17:00:51.238028
El Haouaria,Nabeul,El Haouaria,2025-12-01,2026-05-01,5,913080.2639059031,2.92,h12_v1,2026-05-08 17:00:51.238028
El Haouaria,Nabeul,El Haouaria,2025-12-01,2026-06-01,6,908054.9959882736,2.92,h12_v1,2026-05-08 17:00:51.238028
El Haouaria,Nabeul,El Haouaria,2025-12-01,2026-07-01,7,905792.4929801851,2.92,h12_v1,2026-05-08 17:00:51.238028
El Haouaria,Nabeul,El Haouaria,2025-12-01,2026-08-01,8,911379.2611224338,2.92,h12_v1,2026-05-08 17:00:51.238028
El Haouaria,Nabeul,El Haouaria,2025-12-01,2026-09-01,9,903538.1678725797,2.92,h12_v1,2026-05-08 17:00:51.238028
El Haouaria,Nabeul,El Haouaria,2025-12-01,2026-10-01,10,905236.2565817165,2.92,h12_v1,2026-05-08 17:00:51.238028
El Haouaria,Nabeul,El Haouaria,2025-12-01,2026-11-01,11,912287.4667074888,2.92,h12_v1,2026-05-08 17:00:51.238028
El Haouaria,Nabeul,El Haouaria,2025-12-01,2026-12-01,12,903772.017900897,2.92,h12_v1,2026-05-08 17:00:51.238028
El Hencha,Sfax,El Hencha,2025-12-01,2026-01-01,1,754774.4076672896,2.92,h12_v1,2026-05-08 17:00:51.238028
El Hencha,Sfax,El Hencha,2025-12-01,2026-02-01,2,754755.2432309744,2.92,h12_v1,2026-05-08 17:00:51.238028
El Hencha,Sfax,El Hencha,2025-12-01,2026-03-01,3,754392.853270036,2.92,h12_v1,2026-05-08 17:00:51.238028
El Hencha,Sfax,El Hencha,2025-12-01,2026-04-01,4,764559.8497702345,2.92,h12_v1,2026-05-08 17:00:51.238028
El Hencha,Sfax,El Hencha,2025-12-01,2026-05-01,5,761852.2007102454,2.92,h12_v1,2026-05-08 17:00:51.238028
El Hencha,Sfax,El Hencha,2025-12-01,2026-06-01,6,758849.8676139753,2.92,h12_v1,2026-05-08 17:00:51.238028
El Hencha,Sfax,El Hencha,2025-12-01,2026-07-01,7,753413.4792374951,2.92,h12_v1,2026-05-08 17:00:51.238028
El Hencha,Sfax,El Hencha,2025-12-01,2026-08-01,8,764812.9912066266,2.92,h12_v1,2026-05-08 17:00:51.238028
El Hencha,Sfax,El Hencha,2025-12-01,2026-09-01,9,767149.540442555,2.92,h12_v1,2026-05-08 17:00:51.238028
El Hencha,Sfax,El Hencha,2025-12-01,2026-10-01,10,763180.0755499902,2.92,h12_v1,2026-05-08 17:00:51.238028
El Hencha,Sfax,El Hencha,2025-12-01,2026-11-01,11,765957.9097928014,2.92,h12_v1,2026-05-08 17:00:51.238028
El Hencha,Sfax,El Hencha,2025-12-01,2026-12-01,12,768290.8806922112,2.92,h12_v1,2026-05-08 17:00:51.238028
El Jem,Mahdia,El Jem,2025-12-01,2026-01-01,1,595274.09687822,2.92,h12_v1,2026-05-08 17:00:51.238028
El Jem,Mahdia,El Jem,2025-12-01,2026-02-01,2,591896.2910397765,2.92,h12_v1,2026-05-08 17:00:51.238028
El Jem,Mahdia,El Jem,2025-12-01,2026-03-01,3,594038.6182226404,2.92,h12_v1,2026-05-08 17:00:51.238028
El Jem,Mahdia,El Jem,2025-12-01,2026-04-01,4,593583.765199136,2.92,h12_v1,2026-05-08 17:00:51.238028
El Jem,Mahdia,El Jem,2025-12-01,2026-05-01,5,597279.2862161846,2.92,h12_v1,2026-05-08 17:00:51.238028
El Jem,Mahdia,El Jem,2025-12-01,2026-06-01,6,599225.0877712962,2.92,h12_v1,2026-05-08 17:00:51.238028
El Jem,Mahdia,El Jem,2025-12-01,2026-07-01,7,600120.5603839203,2.92,h12_v1,2026-05-08 17:00:51.238028
El Jem,Mahdia,El Jem,2025-12-01,2026-08-01,8,597720.9596035501,2.92,h12_v1,2026-05-08 17:00:51.238028
El Jem,Mahdia,El Jem,2025-12-01,2026-09-01,9,595249.0881876808,2.92,h12_v1,2026-05-08 17:00:51.238028
El Jem,Mahdia,El Jem,2025-12-01,2026-10-01,10,597857.0916121855,2.92,h12_v1,2026-05-08 17:00:51.238028
El Jem,Mahdia,El Jem,2025-12-01,2026-11-01,11,596348.0567335034,2.92,h12_v1,2026-05-08 17:00:51.238028
El Jem,Mahdia,El Jem,2025-12-01,2026-12-01,12,593760.1386865169,2.92,h12_v1,2026-05-08 17:00:51.238028
El Kabaria,Tunis,El Kabaria,2025-12-01,2026-01-01,1,1247811.4663511915,2.92,h12_v1,2026-05-08 17:00:51.238028
El Kabaria,Tunis,El Kabaria,2025-12-01,2026-02-01,2,1263229.8199230388,2.92,h12_v1,2026-05-08 17:00:51.238028
El Kabaria,Tunis,El Kabaria,2025-12-01,2026-03-01,3,1262655.5752805646,2.92,h12_v1,2026-05-08 17:00:51.238028
El Kabaria,Tunis,El Kabaria,2025-12-01,2026-04-01,4,1271146.327042227,2.92,h12_v1,2026-05-08 17:00:51.238028
El Kabaria,Tunis,El Kabaria,2025-12-01,2026-05-01,5,1276509.917034995,2.92,h12_v1,2026-05-08 17:00:51.238028
El Kabaria,Tunis,El Kabaria,2025-12-01,2026-06-01,6,1242128.8469806681,2.92,h12_v1,2026-05-08 17:00:51.238028
El Kabaria,Tunis,El Kabaria,2025-12-01,2026-07-01,7,1269737.802315936,2.92,h12_v1,2026-05-08 17:00:51.238028
El Kabaria,Tunis,El Kabaria,2025-12-01,2026-08-01,8,1254962.279611758,2.92,h12_v1,2026-05-08 17:00:51.238028
El Kabaria,Tunis,El Kabaria,2025-12-01,2026-09-01,9,1252738.0251274325,2.92,h12_v1,2026-05-08 17:00:51.238028
El Kabaria,Tunis,El Kabaria,2025-12-01,2026-10-01,10,1244807.9828756046,2.92,h12_v1,2026-05-08 17:00:51.238028
El Kabaria,Tunis,El Kabaria,2025-12-01,2026-11-01,11,1269121.3349131146,2.92,h12_v1,2026-05-08 17:00:51.238028
El Kabaria,Tunis,El Kabaria,2025-12-01,2026-12-01,12,1264667.5848291954,2.92,h12_v1,2026-05-08 17:00:51.238028
El Krib,Siliana,El Krib,2025-12-01,2026-01-01,1,452006.6880551504,2.92,h12_v1,2026-05-08 17:00:51.238028
El Krib,Siliana,El Krib,2025-12-01,2026-02-01,2,450038.755889039,2.92,h12_v1,2026-05-08 17:00:51.238028
El Krib,Siliana,El Krib,2025-12-01,2026-03-01,3,452938.25752737536,2.92,h12_v1,2026-05-08 17:00:51.238028
El Krib,Siliana,El Krib,2025-12-01,2026-04-01,4,449036.92873400345,2.92,h12_v1,2026-05-08 17:00:51.238028
El Krib,Siliana,El Krib,2025-12-01,2026-05-01,5,452060.9385484115,2.92,h12_v1,2026-05-08 17:00:51.238028
El Krib,Siliana,El Krib,2025-12-01,2026-06-01,6,453258.5046254236,2.92,h12_v1,2026-05-08 17:00:51.238028
El Krib,Siliana,El Krib,2025-12-01,2026-07-01,7,454524.3442271479,2.92,h12_v1,2026-05-08 17:00:51.238028
El Krib,Siliana,El Krib,2025-12-01,2026-08-01,8,452016.3240115341,2.92,h12_v1,2026-05-08 17:00:51.238028
El Krib,Siliana,El Krib,2025-12-01,2026-09-01,9,452850.91620265914,2.92,h12_v1,2026-05-08 17:00:51.238028
El Krib,Siliana,El Krib,2025-12-01,2026-10-01,10,452469.7133771061,2.92,h12_v1,2026-05-08 17:00:51.238028
El Krib,Siliana,El Krib,2025-12-01,2026-11-01,11,455987.9595790156,2.92,h12_v1,2026-05-08 17:00:51.238028
El Krib,Siliana,El Krib,2025-12-01,2026-12-01,12,456264.75965186453,2.92,h12_v1,2026-05-08 17:00:51.238028
El Ksar,Gafsa,El Ksar,2025-12-01,2026-01-01,1,484545.65079440986,2.92,h12_v1,2026-05-08 17:00:51.238028
El Ksar,Gafsa,El Ksar,2025-12-01,2026-02-01,2,482568.39874879573,2.92,h12_v1,2026-05-08 17:00:51.238028
El Ksar,Gafsa,El Ksar,2025-12-01,2026-03-01,3,486054.97751012514,2.92,h12_v1,2026-05-08 17:00:51.238028
El Ksar,Gafsa,El Ksar,2025-12-01,2026-04-01,4,480549.77956785815,2.92,h12_v1,2026-05-08 17:00:51.238028
El Ksar,Gafsa,El Ksar,2025-12-01,2026-05-01,5,484013.4716363708,2.92,h12_v1,2026-05-08 17:00:51.238028
El Ksar,Gafsa,El Ksar,2025-12-01,2026-06-01,6,482914.72599417646,2.92,h12_v1,2026-05-08 17:00:51.238028
El Ksar,Gafsa,El Ksar,2025-12-01,2026-07-01,7,486079.34594607796,2.92,h12_v1,2026-05-08 17:00:51.238028
El Ksar,Gafsa,El Ksar,2025-12-01,2026-08-01,8,488467.9166950124,2.92,h12_v1,2026-05-08 17:00:51.238028
El Ksar,Gafsa,El Ksar,2025-12-01,2026-09-01,9,486409.4585507285,2.92,h12_v1,2026-05-08 17:00:51.238028
El Ksar,Gafsa,El Ksar,2025-12-01,2026-10-01,10,488097.62834927556,2.92,h12_v1,2026-05-08 17:00:51.238028
El Ksar,Gafsa,El Ksar,2025-12-01,2026-11-01,11,487292.56988664053,2.92,h12_v1,2026-05-08 17:00:51.238028
El Ksar,Gafsa,El Ksar,2025-12-01,2026-12-01,12,485488.68152184045,2.92,h12_v1,2026-05-08 17:00:51.238028
El Ksour,Le Kef,El Ksour,2025-12-01,2026-01-01,1,613120.6442410878,2.92,h12_v1,2026-05-08 17:00:51.238028
El Ksour,Le Kef,El Ksour,2025-12-01,2026-02-01,2,615847.8657628614,2.92,h12_v1,2026-05-08 17:00:51.238028
El Ksour,Le Kef,El Ksour,2025-12-01,2026-03-01,3,609738.2044532697,2.92,h12_v1,2026-05-08 17:00:51.238028
El Ksour,Le Kef,El Ksour,2025-12-01,2026-04-01,4,612737.5269416743,2.92,h12_v1,2026-05-08 17:00:51.238028
El Ksour,Le Kef,El Ksour,2025-12-01,2026-05-01,5,615461.2048291534,2.92,h12_v1,2026-05-08 17:00:51.238028
El Ksour,Le Kef,El Ksour,2025-12-01,2026-06-01,6,610181.7854916058,2.92,h12_v1,2026-05-08 17:00:51.238028
El Ksour,Le Kef,El Ksour,2025-12-01,2026-07-01,7,607011.4879502057,2.92,h12_v1,2026-05-08 17:00:51.238028
El Ksour,Le Kef,El Ksour,2025-12-01,2026-08-01,8,613180.5692999726,2.92,h12_v1,2026-05-08 17:00:51.238028
El Ksour,Le Kef,El Ksour,2025-12-01,2026-09-01,9,607581.9257457854,2.92,h12_v1,2026-05-08 17:00:51.238028
El Ksour,Le Kef,El Ksour,2025-12-01,2026-10-01,10,611960.6942402355,2.92,h12_v1,2026-05-08 17:00:51.238028
El Ksour,Le Kef,El Ksour,2025-12-01,2026-11-01,11,609851.9044648721,2.92,h12_v1,2026-05-08 17:00:51.238028
El Ksour,Le Kef,El Ksour,2025-12-01,2026-12-01,12,610621.9241408274,2.92,h12_v1,2026-05-08 17:00:51.238028
El Menzah,Tunis,El Menzah,2025-12-01,2026-01-01,1,1099921.310218946,2.92,h12_v1,2026-05-08 17:00:51.238028
El Menzah,Tunis,El Menzah,2025-12-01,2026-02-01,2,1100097.815276432,2.92,h12_v1,2026-05-08 17:00:51.238028
El Menzah,Tunis,El Menzah,2025-12-01,2026-03-01,3,1093667.049329189,2.92,h12_v1,2026-05-08 17:00:51.238028
El Menzah,Tunis,El Menzah,2025-12-01,2026-04-01,4,1099900.959955129,2.92,h12_v1,2026-05-08 17:00:51.244324
El Menzah,Tunis,El Menzah,2025-12-01,2026-05-01,5,1090453.5276347576,2.92,h12_v1,2026-05-08 17:00:51.244324
El Menzah,Tunis,El Menzah,2025-12-01,2026-06-01,6,1118326.3459459844,2.92,h12_v1,2026-05-08 17:00:51.244324
El Menzah,Tunis,El Menzah,2025-12-01,2026-07-01,7,1090497.8502888076,2.92,h12_v1,2026-05-08 17:00:51.244324
El Menzah,Tunis,El Menzah,2025-12-01,2026-08-01,8,1100456.40050872,2.92,h12_v1,2026-05-08 17:00:51.244324
El Menzah,Tunis,El Menzah,2025-12-01,2026-09-01,9,1099981.7753652462,2.92,h12_v1,2026-05-08 17:00:51.244324
El Menzah,Tunis,El Menzah,2025-12-01,2026-10-01,10,1088784.5065031168,2.92,h12_v1,2026-05-08 17:00:51.244324
El Menzah,Tunis,El Menzah,2025-12-01,2026-11-01,11,1087637.0551590035,2.92,h12_v1,2026-05-08 17:00:51.244324
El Menzah,Tunis,El Menzah,2025-12-01,2026-12-01,12,1087562.8588473191,2.92,h12_v1,2026-05-08 17:00:51.244324
El Mida,Nabeul,El Mida,2025-12-01,2026-01-01,1,864673.9563689933,2.92,h12_v1,2026-05-08 17:00:51.244324
El Mida,Nabeul,El Mida,2025-12-01,2026-02-01,2,872619.0594740584,2.92,h12_v1,2026-05-08 17:00:51.244324
El Mida,Nabeul,El Mida,2025-12-01,2026-03-01,3,863377.525758491,2.92,h12_v1,2026-05-08 17:00:51.244324
El Mida,Nabeul,El Mida,2025-12-01,2026-04-01,4,860578.7121064176,2.92,h12_v1,2026-05-08 17:00:51.244324
El Mida,Nabeul,El Mida,2025-12-01,2026-05-01,5,856473.9980701491,2.92,h12_v1,2026-05-08 17:00:51.244324
El Mida,Nabeul,El Mida,2025-12-01,2026-06-01,6,864845.5722064383,2.92,h12_v1,2026-05-08 17:00:51.244324
El Mida,Nabeul,El Mida,2025-12-01,2026-07-01,7,856879.3140795497,2.92,h12_v1,2026-05-08 17:00:51.244324
El Mida,Nabeul,El Mida,2025-12-01,2026-08-01,8,871166.7967535738,2.92,h12_v1,2026-05-08 17:00:51.244324
El Mida,Nabeul,El Mida,2025-12-01,2026-09-01,9,857943.2101660261,2.92,h12_v1,2026-05-08 17:00:51.244324
El Mida,Nabeul,El Mida,2025-12-01,2026-10-01,10,857897.0118498433,2.92,h12_v1,2026-05-08 17:00:51.244324
El Mida,Nabeul,El Mida,2025-12-01,2026-11-01,11,851668.758838585,2.92,h12_v1,2026-05-08 17:00:51.244324
El Mida,Nabeul,El Mida,2025-12-01,2026-12-01,12,862866.1165943025,2.92,h12_v1,2026-05-08 17:00:51.244324
El Mourouj,Ben Arous,El Mourouj,2025-12-01,2026-01-01,1,817490.7542189875,2.92,h12_v1,2026-05-08 17:00:51.244324
El Mourouj,Ben Arous,El Mourouj,2025-12-01,2026-02-01,2,827238.9986670386,2.92,h12_v1,2026-05-08 17:00:51.244324
El Mourouj,Ben Arous,El Mourouj,2025-12-01,2026-03-01,3,823368.1270052417,2.92,h12_v1,2026-05-08 17:00:51.244324
El Mourouj,Ben Arous,El Mourouj,2025-12-01,2026-04-01,4,822039.5889434402,2.92,h12_v1,2026-05-08 17:00:51.244324
El Mourouj,Ben Arous,El Mourouj,2025-12-01,2026-05-01,5,831759.6580550994,2.92,h12_v1,2026-05-08 17:00:51.244324
El Mourouj,Ben Arous,El Mourouj,2025-12-01,2026-06-01,6,823463.2717460196,2.92,h12_v1,2026-05-08 17:00:51.244324
El Mourouj,Ben Arous,El Mourouj,2025-12-01,2026-07-01,7,824445.9080881908,2.92,h12_v1,2026-05-08 17:00:51.244324
El Mourouj,Ben Arous,El Mourouj,2025-12-01,2026-08-01,8,826895.219070549,2.92,h12_v1,2026-05-08 17:00:51.244324
El Mourouj,Ben Arous,El Mourouj,2025-12-01,2026-09-01,9,825536.9094847813,2.92,h12_v1,2026-05-08 17:00:51.244324
El Mourouj,Ben Arous,El Mourouj,2025-12-01,2026-10-01,10,828982.6496079057,2.92,h12_v1,2026-05-08 17:00:51.244324
El Mourouj,Ben Arous,El Mourouj,2025-12-01,2026-11-01,11,828577.4055942856,2.92,h12_v1,2026-05-08 17:00:51.244324
El Mourouj,Ben Arous,El Mourouj,2025-12-01,2026-12-01,12,824629.5965900595,2.92,h12_v1,2026-05-08 17:00:51.244324
El Omrane,Tunis,El Omrane,2025-12-01,2026-01-01,1,1232463.234659992,2.92,h12_v1,2026-05-08 17:00:51.244324
El Omrane,Tunis,El Omrane,2025-12-01,2026-02-01,2,1227035.8822559707,2.92,h12_v1,2026-05-08 17:00:51.244324
El Omrane,Tunis,El Omrane,2025-12-01,2026-03-01,3,1233900.3997872984,2.92,h12_v1,2026-05-08 17:00:51.244324
El Omrane,Tunis,El Omrane,2025-12-01,2026-04-01,4,1210391.835962639,2.92,h12_v1,2026-05-08 17:00:51.244324
El Omrane,Tunis,El Omrane,2025-12-01,2026-05-01,5,1231917.4067610318,2.92,h12_v1,2026-05-08 17:00:51.244324
El Omrane,Tunis,El Omrane,2025-12-01,2026-06-01,6,1220464.9017164137,2.92,h12_v1,2026-05-08 17:00:51.244324
El Omrane,Tunis,El Omrane,2025-12-01,2026-07-01,7,1214152.3184822134,2.92,h12_v1,2026-05-08 17:00:51.244324
El Omrane,Tunis,El Omrane,2025-12-01,2026-08-01,8,1222852.608401769,2.92,h12_v1,2026-05-08 17:00:51.244324
El Omrane,Tunis,El Omrane,2025-12-01,2026-09-01,9,1208948.402856353,2.92,h12_v1,2026-05-08 17:00:51.244324
El Omrane,Tunis,El Omrane,2025-12-01,2026-10-01,10,1214383.5471273635,2.92,h12_v1,2026-05-08 17:00:51.244324
El Omrane,Tunis,El Omrane,2025-12-01,2026-11-01,11,1209366.3048312382,2.92,h12_v1,2026-05-08 17:00:51.244324
El Omrane,Tunis,El Omrane,2025-12-01,2026-12-01,12,1215505.0278795026,2.92,h12_v1,2026-05-08 17:00:51.244324
El Omrane supérieur,Tunis,El Omrane supérieur,2025-12-01,2026-01-01,1,1152724.1324760562,2.92,h12_v1,2026-05-08 17:00:51.244324
El Omrane supérieur,Tunis,El Omrane supérieur,2025-12-01,2026-02-01,2,1159463.215114286,2.92,h12_v1,2026-05-08 17:00:51.244324
El Omrane supérieur,Tunis,El Omrane supérieur,2025-12-01,2026-03-01,3,1160708.5017730054,2.92,h12_v1,2026-05-08 17:00:51.244324
El Omrane supérieur,Tunis,El Omrane supérieur,2025-12-01,2026-04-01,4,1157028.8674910613,2.92,h12_v1,2026-05-08 17:00:51.244324
El Omrane supérieur,Tunis,El Omrane supérieur,2025-12-01,2026-05-01,5,1158005.9418461302,2.92,h12_v1,2026-05-08 17:00:51.244324
El Omrane supérieur,Tunis,El Omrane supérieur,2025-12-01,2026-06-01,6,1154560.5646686272,2.92,h12_v1,2026-05-08 17:00:51.244324
El Omrane supérieur,Tunis,El Omrane supérieur,2025-12-01,2026-07-01,7,1153143.145745846,2.92,h12_v1,2026-05-08 17:00:51.244324
El Omrane supérieur,Tunis,El Omrane supérieur,2025-12-01,2026-08-01,8,1160120.528458256,2.92,h12_v1,2026-05-08 17:00:51.244324
El Omrane supérieur,Tunis,El Omrane supérieur,2025-12-01,2026-09-01,9,1169762.258229756,2.92,h12_v1,2026-05-08 17:00:51.244324
El Omrane supérieur,Tunis,El Omrane supérieur,2025-12-01,2026-10-01,10,1170910.7519509972,2.92,h12_v1,2026-05-08 17:00:51.244324
El Omrane supérieur,Tunis,El Omrane supérieur,2025-12-01,2026-11-01,11,1165604.7295528185,2.92,h12_v1,2026-05-08 17:00:51.244324
El Omrane supérieur,Tunis,El Omrane supérieur,2025-12-01,2026-12-01,12,1168630.526801353,2.92,h12_v1,2026-05-08 17:00:51.244324
El Ouardia,Tunis,El Ouardia,2025-12-01,2026-01-01,1,1689154.2107651648,2.92,h12_v1,2026-05-08 17:00:51.244324
El Ouardia,Tunis,El Ouardia,2025-12-01,2026-02-01,2,1680016.040255089,2.92,h12_v1,2026-05-08 17:00:51.244324
El Ouardia,Tunis,El Ouardia,2025-12-01,2026-03-01,3,1674992.5018825664,2.92,h12_v1,2026-05-08 17:00:51.244324
El Ouardia,Tunis,El Ouardia,2025-12-01,2026-04-01,4,1670948.7830960578,2.92,h12_v1,2026-05-08 17:00:51.244324
El Ouardia,Tunis,El Ouardia,2025-12-01,2026-05-01,5,1662038.269117994,2.92,h12_v1,2026-05-08 17:00:51.244324
El Ouardia,Tunis,El Ouardia,2025-12-01,2026-06-01,6,1681348.490628557,2.92,h12_v1,2026-05-08 17:00:51.244324
El Ouardia,Tunis,El Ouardia,2025-12-01,2026-07-01,7,1688957.2283877877,2.92,h12_v1,2026-05-08 17:00:51.244324
El Ouardia,Tunis,El Ouardia,2025-12-01,2026-08-01,8,1687119.8973747138,2.92,h12_v1,2026-05-08 17:00:51.244324
El Ouardia,Tunis,El Ouardia,2025-12-01,2026-09-01,9,1671416.4433308993,2.92,h12_v1,2026-05-08 17:00:51.244324
El Ouardia,Tunis,El Ouardia,2025-12-01,2026-10-01,10,1704864.238028958,2.92,h12_v1,2026-05-08 17:00:51.244324
El Ouardia,Tunis,El Ouardia,2025-12-01,2026-11-01,11,1690539.8227542015,2.92,h12_v1,2026-05-08 17:00:51.244324
El Ouardia,Tunis,El Ouardia,2025-12-01,2026-12-01,12,1690768.308080245,2.92,h12_v1,2026-05-08 17:00:51.244324
Enfida,Sousse,Enfida,2025-12-01,2026-01-01,1,594737.7953573527,2.92,h12_v1,2026-05-08 17:00:51.244324
Enfida,Sousse,Enfida,2025-12-01,2026-02-01,2,602376.247069839,2.92,h12_v1,2026-05-08 17:00:51.244324
Enfida,Sousse,Enfida,2025-12-01,2026-03-01,3,599142.29176802,2.92,h12_v1,2026-05-08 17:00:51.244324
Enfida,Sousse,Enfida,2025-12-01,2026-04-01,4,598443.0051682006,2.92,h12_v1,2026-05-08 17:00:51.244324
Enfida,Sousse,Enfida,2025-12-01,2026-05-01,5,600021.0768998071,2.92,h12_v1,2026-05-08 17:00:51.244324
Enfida,Sousse,Enfida,2025-12-01,2026-06-01,6,600274.7836252328,2.92,h12_v1,2026-05-08 17:00:51.244324
Enfida,Sousse,Enfida,2025-12-01,2026-07-01,7,597877.3692766315,2.92,h12_v1,2026-05-08 17:00:51.244324
Enfida,Sousse,Enfida,2025-12-01,2026-08-01,8,599139.2615179551,2.92,h12_v1,2026-05-08 17:00:51.244324
Enfida,Sousse,Enfida,2025-12-01,2026-09-01,9,598294.0085054724,2.92,h12_v1,2026-05-08 17:00:51.244324
Enfida,Sousse,Enfida,2025-12-01,2026-10-01,10,598858.6096161025,2.92,h12_v1,2026-05-08 17:00:51.244324
Enfida,Sousse,Enfida,2025-12-01,2026-11-01,11,601732.6583878195,2.92,h12_v1,2026-05-08 17:00:51.244324
Enfida,Sousse,Enfida,2025-12-01,2026-12-01,12,598555.5254475882,2.92,h12_v1,2026-05-08 17:00:51.244324
Essaïda,Sidi Bouzid,Essaïda,2025-12-01,2026-01-01,1,276257.68709467415,2.92,h12_v1,2026-05-08 17:00:51.244324
Essaïda,Sidi Bouzid,Essaïda,2025-12-01,2026-02-01,2,277768.3981029901,2.92,h12_v1,2026-05-08 17:00:51.244324
Essaïda,Sidi Bouzid,Essaïda,2025-12-01,2026-03-01,3,276719.70770103135,2.92,h12_v1,2026-05-08 17:00:51.244324
Essaïda,Sidi Bouzid,Essaïda,2025-12-01,2026-04-01,4,274904.6469303071,2.92,h12_v1,2026-05-08 17:00:51.244324
Essaïda,Sidi Bouzid,Essaïda,2025-12-01,2026-05-01,5,276285.7046926171,2.92,h12_v1,2026-05-08 17:00:51.244324
Essaïda,Sidi Bouzid,Essaïda,2025-12-01,2026-06-01,6,279672.380511419,2.92,h12_v1,2026-05-08 17:00:51.244324
Essaïda,Sidi Bouzid,Essaïda,2025-12-01,2026-07-01,7,279995.4373001295,2.92,h12_v1,2026-05-08 17:00:51.244324
Essaïda,Sidi Bouzid,Essaïda,2025-12-01,2026-08-01,8,276265.6770570302,2.92,h12_v1,2026-05-08 17:00:51.244324
Essaïda,Sidi Bouzid,Essaïda,2025-12-01,2026-09-01,9,279478.1703771199,2.92,h12_v1,2026-05-08 17:00:51.244324
Essaïda,Sidi Bouzid,Essaïda,2025-12-01,2026-10-01,10,278328.1238070985,2.92,h12_v1,2026-05-08 17:00:51.244324
Essaïda,Sidi Bouzid,Essaïda,2025-12-01,2026-11-01,11,280539.7909457832,2.92,h12_v1,2026-05-08 17:00:51.244324
Essaïda,Sidi Bouzid,Essaïda,2025-12-01,2026-12-01,12,278005.95477227506,2.92,h12_v1,2026-05-08 17:00:51.244324
Essouassi,Mahdia,Essouassi,2025-12-01,2026-01-01,1,669113.7379205254,2.92,h12_v1,2026-05-08 17:00:51.244324
Essouassi,Mahdia,Essouassi,2025-12-01,2026-02-01,2,674309.7946465918,2.92,h12_v1,2026-05-08 17:00:51.244324
Essouassi,Mahdia,Essouassi,2025-12-01,2026-03-01,3,673498.4328308204,2.92,h12_v1,2026-05-08 17:00:51.244324
Essouassi,Mahdia,Essouassi,2025-12-01,2026-04-01,4,667353.6878529094,2.92,h12_v1,2026-05-08 17:00:51.244324
Essouassi,Mahdia,Essouassi,2025-12-01,2026-05-01,5,670374.2396876104,2.92,h12_v1,2026-05-08 17:00:51.244324
Essouassi,Mahdia,Essouassi,2025-12-01,2026-06-01,6,670572.4527264726,2.92,h12_v1,2026-05-08 17:00:51.244324
Essouassi,Mahdia,Essouassi,2025-12-01,2026-07-01,7,672946.0980123582,2.92,h12_v1,2026-05-08 17:00:51.244324
Essouassi,Mahdia,Essouassi,2025-12-01,2026-08-01,8,669192.20076701,2.92,h12_v1,2026-05-08 17:00:51.244324
Essouassi,Mahdia,Essouassi,2025-12-01,2026-09-01,9,668571.2605553115,2.92,h12_v1,2026-05-08 17:00:51.252743
Essouassi,Mahdia,Essouassi,2025-12-01,2026-10-01,10,668231.6711724201,2.92,h12_v1,2026-05-08 17:00:51.252743
Essouassi,Mahdia,Essouassi,2025-12-01,2026-11-01,11,669546.291184319,2.92,h12_v1,2026-05-08 17:00:51.252743
Essouassi,Mahdia,Essouassi,2025-12-01,2026-12-01,12,666111.3461933536,2.92,h12_v1,2026-05-08 17:00:51.252743
Ettadhamen,Ariana,Ettadhamen,2025-12-01,2026-01-01,1,1066400.2328294858,2.92,h12_v1,2026-05-08 17:00:51.252743
Ettadhamen,Ariana,Ettadhamen,2025-12-01,2026-02-01,2,1064466.892698406,2.92,h12_v1,2026-05-08 17:00:51.252743
Ettadhamen,Ariana,Ettadhamen,2025-12-01,2026-03-01,3,1057024.4912198049,2.92,h12_v1,2026-05-08 17:00:51.252743
Ettadhamen,Ariana,Ettadhamen,2025-12-01,2026-04-01,4,1044302.6952377035,2.92,h12_v1,2026-05-08 17:00:51.252743
Ettadhamen,Ariana,Ettadhamen,2025-12-01,2026-05-01,5,1043521.0264423778,2.92,h12_v1,2026-05-08 17:00:51.252743
Ettadhamen,Ariana,Ettadhamen,2025-12-01,2026-06-01,6,1040283.4760718275,2.92,h12_v1,2026-05-08 17:00:51.252743
Ettadhamen,Ariana,Ettadhamen,2025-12-01,2026-07-01,7,1047421.3706373797,2.92,h12_v1,2026-05-08 17:00:51.252743
Ettadhamen,Ariana,Ettadhamen,2025-12-01,2026-08-01,8,1046811.2092476971,2.92,h12_v1,2026-05-08 17:00:51.252743
Ettadhamen,Ariana,Ettadhamen,2025-12-01,2026-09-01,9,1048835.2878680602,2.92,h12_v1,2026-05-08 17:00:51.252743
Ettadhamen,Ariana,Ettadhamen,2025-12-01,2026-10-01,10,1053405.9861045405,2.92,h12_v1,2026-05-08 17:00:51.252743
Ettadhamen,Ariana,Ettadhamen,2025-12-01,2026-11-01,11,1054684.0993045622,2.92,h12_v1,2026-05-08 17:00:51.252743
Ettadhamen,Ariana,Ettadhamen,2025-12-01,2026-12-01,12,1033820.8725442489,2.92,h12_v1,2026-05-08 17:00:51.252743
Ettahrir,Tunis,Ettahrir,2025-12-01,2026-01-01,1,1174375.0336909683,2.92,h12_v1,2026-05-08 17:00:51.252743
Ettahrir,Tunis,Ettahrir,2025-12-01,2026-02-01,2,1176317.31155352,2.92,h12_v1,2026-05-08 17:00:51.252743
Ettahrir,Tunis,Ettahrir,2025-12-01,2026-03-01,3,1177475.0932585504,2.92,h12_v1,2026-05-08 17:00:51.252743
Ettahrir,Tunis,Ettahrir,2025-12-01,2026-04-01,4,1179314.441451091,2.92,h12_v1,2026-05-08 17:00:51.252743
Ettahrir,Tunis,Ettahrir,2025-12-01,2026-05-01,5,1194707.416520078,2.92,h12_v1,2026-05-08 17:00:51.252743
Ettahrir,Tunis,Ettahrir,2025-12-01,2026-06-01,6,1180029.5871288867,2.92,h12_v1,2026-05-08 17:00:51.252743
Ettahrir,Tunis,Ettahrir,2025-12-01,2026-07-01,7,1172379.57395789,2.92,h12_v1,2026-05-08 17:00:51.252743
Ettahrir,Tunis,Ettahrir,2025-12-01,2026-08-01,8,1176158.0913229776,2.92,h12_v1,2026-05-08 17:00:51.252743
Ettahrir,Tunis,Ettahrir,2025-12-01,2026-09-01,9,1181863.8062970822,2.92,h12_v1,2026-05-08 17:00:51.252743
Ettahrir,Tunis,Ettahrir,2025-12-01,2026-10-01,10,1179799.898593669,2.92,h12_v1,2026-05-08 17:00:51.252743
Ettahrir,Tunis,Ettahrir,2025-12-01,2026-11-01,11,1187045.4539220005,2.92,h12_v1,2026-05-08 17:00:51.252743
Ettahrir,Tunis,Ettahrir,2025-12-01,2026-12-01,12,1190287.3932722833,2.92,h12_v1,2026-05-08 17:00:51.252743
Ezzahra,Ben Arous,Ezzahra,2025-12-01,2026-01-01,1,654079.6884431846,2.92,h12_v1,2026-05-08 17:00:51.252743
Ezzahra,Ben Arous,Ezzahra,2025-12-01,2026-02-01,2,653574.4741593832,2.92,h12_v1,2026-05-08 17:00:51.252743
Ezzahra,Ben Arous,Ezzahra,2025-12-01,2026-03-01,3,657316.4484850742,2.92,h12_v1,2026-05-08 17:00:51.252743
Ezzahra,Ben Arous,Ezzahra,2025-12-01,2026-04-01,4,655643.2793541664,2.92,h12_v1,2026-05-08 17:00:51.252743
Ezzahra,Ben Arous,Ezzahra,2025-12-01,2026-05-01,5,653392.503180269,2.92,h12_v1,2026-05-08 17:00:51.252743
Ezzahra,Ben Arous,Ezzahra,2025-12-01,2026-06-01,6,657638.2388355032,2.92,h12_v1,2026-05-08 17:00:51.252743
Ezzahra,Ben Arous,Ezzahra,2025-12-01,2026-07-01,7,654804.763532046,2.92,h12_v1,2026-05-08 17:00:51.252743
Ezzahra,Ben Arous,Ezzahra,2025-12-01,2026-08-01,8,659012.5038314742,2.92,h12_v1,2026-05-08 17:00:51.252743
Ezzahra,Ben Arous,Ezzahra,2025-12-01,2026-09-01,9,662008.2131814254,2.92,h12_v1,2026-05-08 17:00:51.252743
Ezzahra,Ben Arous,Ezzahra,2025-12-01,2026-10-01,10,665045.8765429028,2.92,h12_v1,2026-05-08 17:00:51.252743
Ezzahra,Ben Arous,Ezzahra,2025-12-01,2026-11-01,11,658204.1226261847,2.92,h12_v1,2026-05-08 17:00:51.252743
Ezzahra,Ben Arous,Ezzahra,2025-12-01,2026-12-01,12,651353.2911044707,2.92,h12_v1,2026-05-08 17:00:51.252743
Ezzouhour,Tunis,Ezzouhour,2025-12-01,2026-01-01,1,622586.6047534902,2.92,h12_v1,2026-05-08 17:00:51.252743
Ezzouhour,Tunis,Ezzouhour,2025-12-01,2026-02-01,2,623150.1173746384,2.92,h12_v1,2026-05-08 17:00:51.252743
Ezzouhour,Tunis,Ezzouhour,2025-12-01,2026-03-01,3,623015.6165938894,2.92,h12_v1,2026-05-08 17:00:51.252743
Ezzouhour,Tunis,Ezzouhour,2025-12-01,2026-04-01,4,622747.3292114616,2.92,h12_v1,2026-05-08 17:00:51.252743
Ezzouhour,Tunis,Ezzouhour,2025-12-01,2026-05-01,5,625275.4520294344,2.92,h12_v1,2026-05-08 17:00:51.252743
Ezzouhour,Tunis,Ezzouhour,2025-12-01,2026-06-01,6,625295.359155171,2.92,h12_v1,2026-05-08 17:00:51.252743
Ezzouhour,Tunis,Ezzouhour,2025-12-01,2026-07-01,7,628408.7845127352,2.92,h12_v1,2026-05-08 17:00:51.252743
Ezzouhour,Tunis,Ezzouhour,2025-12-01,2026-08-01,8,621553.2385002038,2.92,h12_v1,2026-05-08 17:00:51.252743
Ezzouhour,Tunis,Ezzouhour,2025-12-01,2026-09-01,9,622185.0399643285,2.92,h12_v1,2026-05-08 17:00:51.252743
Ezzouhour,Tunis,Ezzouhour,2025-12-01,2026-10-01,10,626910.859230308,2.92,h12_v1,2026-05-08 17:00:51.252743
Ezzouhour,Tunis,Ezzouhour,2025-12-01,2026-11-01,11,625564.9346514093,2.92,h12_v1,2026-05-08 17:00:51.252743
Ezzouhour,Tunis,Ezzouhour,2025-12-01,2026-12-01,12,622674.2006992408,2.92,h12_v1,2026-05-08 17:00:51.252743
Faouar,Kébili,Faouar,2025-12-01,2026-01-01,1,448589.98706254177,2.92,h12_v1,2026-05-08 17:00:51.252743
Faouar,Kébili,Faouar,2025-12-01,2026-02-01,2,453226.52786300867,2.92,h12_v1,2026-05-08 17:00:51.252743
Faouar,Kébili,Faouar,2025-12-01,2026-03-01,3,455130.22350579,2.92,h12_v1,2026-05-08 17:00:51.252743
Faouar,Kébili,Faouar,2025-12-01,2026-04-01,4,450023.88864221453,2.92,h12_v1,2026-05-08 17:00:51.252743
Faouar,Kébili,Faouar,2025-12-01,2026-05-01,5,451681.21643612254,2.92,h12_v1,2026-05-08 17:00:51.252743
Faouar,Kébili,Faouar,2025-12-01,2026-06-01,6,451770.1040203123,2.92,h12_v1,2026-05-08 17:00:51.252743
Faouar,Kébili,Faouar,2025-12-01,2026-07-01,7,450776.01403063437,2.92,h12_v1,2026-05-08 17:00:51.252743
Faouar,Kébili,Faouar,2025-12-01,2026-08-01,8,450806.3671789488,2.92,h12_v1,2026-05-08 17:00:51.252743
Faouar,Kébili,Faouar,2025-12-01,2026-09-01,9,452694.80471529864,2.92,h12_v1,2026-05-08 17:00:51.252743
Faouar,Kébili,Faouar,2025-12-01,2026-10-01,10,452039.4336580709,2.92,h12_v1,2026-05-08 17:00:51.252743
Faouar,Kébili,Faouar,2025-12-01,2026-11-01,11,450298.7472657845,2.92,h12_v1,2026-05-08 17:00:51.252743
Faouar,Kébili,Faouar,2025-12-01,2026-12-01,12,451708.8247819917,2.92,h12_v1,2026-05-08 17:00:51.252743
Fernana,Jendouba,Fernana,2025-12-01,2026-01-01,1,474564.0913400293,2.92,h12_v1,2026-05-08 17:00:51.252743
Fernana,Jendouba,Fernana,2025-12-01,2026-02-01,2,477410.2645848715,2.92,h12_v1,2026-05-08 17:00:51.252743
Fernana,Jendouba,Fernana,2025-12-01,2026-03-01,3,473629.7615537806,2.92,h12_v1,2026-05-08 17:00:51.252743
Fernana,Jendouba,Fernana,2025-12-01,2026-04-01,4,472294.0276628576,2.92,h12_v1,2026-05-08 17:00:51.252743
Fernana,Jendouba,Fernana,2025-12-01,2026-05-01,5,475253.90022474184,2.92,h12_v1,2026-05-08 17:00:51.252743
Fernana,Jendouba,Fernana,2025-12-01,2026-06-01,6,477787.541306479,2.92,h12_v1,2026-05-08 17:00:51.252743
Fernana,Jendouba,Fernana,2025-12-01,2026-07-01,7,472965.3746023366,2.92,h12_v1,2026-05-08 17:00:51.252743
Fernana,Jendouba,Fernana,2025-12-01,2026-08-01,8,472862.6394952554,2.92,h12_v1,2026-05-08 17:00:51.252743
Fernana,Jendouba,Fernana,2025-12-01,2026-09-01,9,469880.50946343143,2.92,h12_v1,2026-05-08 17:00:51.252743
Fernana,Jendouba,Fernana,2025-12-01,2026-10-01,10,472024.5723216739,2.92,h12_v1,2026-05-08 17:00:51.252743
Fernana,Jendouba,Fernana,2025-12-01,2026-11-01,11,467696.35910470586,2.92,h12_v1,2026-05-08 17:00:51.252743
Fernana,Jendouba,Fernana,2025-12-01,2026-12-01,12,474864.8835999485,2.92,h12_v1,2026-05-08 17:00:51.252743
Fouchana,Ben Arous,Fouchana,2025-12-01,2026-01-01,1,796178.5587789328,2.92,h12_v1,2026-05-08 17:00:51.252743
Fouchana,Ben Arous,Fouchana,2025-12-01,2026-02-01,2,799364.3692605619,2.92,h12_v1,2026-05-08 17:00:51.252743
Fouchana,Ben Arous,Fouchana,2025-12-01,2026-03-01,3,789649.581143047,2.92,h12_v1,2026-05-08 17:00:51.252743
Fouchana,Ben Arous,Fouchana,2025-12-01,2026-04-01,4,790227.8463840886,2.92,h12_v1,2026-05-08 17:00:51.252743
Fouchana,Ben Arous,Fouchana,2025-12-01,2026-05-01,5,795020.0923433915,2.92,h12_v1,2026-05-08 17:00:51.252743
Fouchana,Ben Arous,Fouchana,2025-12-01,2026-06-01,6,787157.238531203,2.92,h12_v1,2026-05-08 17:00:51.252743
Fouchana,Ben Arous,Fouchana,2025-12-01,2026-07-01,7,802213.1236455524,2.92,h12_v1,2026-05-08 17:00:51.252743
Fouchana,Ben Arous,Fouchana,2025-12-01,2026-08-01,8,801677.8946697027,2.92,h12_v1,2026-05-08 17:00:51.252743
Fouchana,Ben Arous,Fouchana,2025-12-01,2026-09-01,9,793207.3665153906,2.92,h12_v1,2026-05-08 17:00:51.252743
Fouchana,Ben Arous,Fouchana,2025-12-01,2026-10-01,10,797708.1760788651,2.92,h12_v1,2026-05-08 17:00:51.252743
Fouchana,Ben Arous,Fouchana,2025-12-01,2026-11-01,11,792762.0823803215,2.92,h12_v1,2026-05-08 17:00:51.252743
Fouchana,Ben Arous,Fouchana,2025-12-01,2026-12-01,12,792879.8641045109,2.92,h12_v1,2026-05-08 17:00:51.252743
Foussana,Kasserine,Foussana,2025-12-01,2026-01-01,1,370205.8178129846,2.92,h12_v1,2026-05-08 17:00:51.252743
Foussana,Kasserine,Foussana,2025-12-01,2026-02-01,2,369456.98339904187,2.92,h12_v1,2026-05-08 17:00:51.252743
Foussana,Kasserine,Foussana,2025-12-01,2026-03-01,3,366207.75694361445,2.92,h12_v1,2026-05-08 17:00:51.252743
Foussana,Kasserine,Foussana,2025-12-01,2026-04-01,4,366629.20796560484,2.92,h12_v1,2026-05-08 17:00:51.252743
Foussana,Kasserine,Foussana,2025-12-01,2026-05-01,5,367695.54002688016,2.92,h12_v1,2026-05-08 17:00:51.252743
Foussana,Kasserine,Foussana,2025-12-01,2026-06-01,6,367038.7126593849,2.92,h12_v1,2026-05-08 17:00:51.252743
Foussana,Kasserine,Foussana,2025-12-01,2026-07-01,7,367118.3263401258,2.92,h12_v1,2026-05-08 17:00:51.252743
Foussana,Kasserine,Foussana,2025-12-01,2026-08-01,8,365945.559026844,2.92,h12_v1,2026-05-08 17:00:51.252743
Foussana,Kasserine,Foussana,2025-12-01,2026-09-01,9,368044.1022206791,2.92,h12_v1,2026-05-08 17:00:51.252743
Foussana,Kasserine,Foussana,2025-12-01,2026-10-01,10,371205.74148564757,2.92,h12_v1,2026-05-08 17:00:51.252743
Foussana,Kasserine,Foussana,2025-12-01,2026-11-01,11,368331.7691396572,2.92,h12_v1,2026-05-08 17:00:51.252743
Foussana,Kasserine,Foussana,2025-12-01,2026-12-01,12,368225.47861248336,2.92,h12_v1,2026-05-08 17:00:51.252743
Fériana,Kasserine,Fériana,2025-12-01,2026-01-01,1,494185.9054634432,2.92,h12_v1,2026-05-08 17:00:51.252743
Fériana,Kasserine,Fériana,2025-12-01,2026-02-01,2,490849.2465954204,2.92,h12_v1,2026-05-08 17:00:51.252743
Fériana,Kasserine,Fériana,2025-12-01,2026-03-01,3,495965.8130909592,2.92,h12_v1,2026-05-08 17:00:51.252743
Fériana,Kasserine,Fériana,2025-12-01,2026-04-01,4,489790.7795104177,2.92,h12_v1,2026-05-08 17:00:51.252743
Fériana,Kasserine,Fériana,2025-12-01,2026-05-01,5,488882.9906386455,2.92,h12_v1,2026-05-08 17:00:51.252743
Fériana,Kasserine,Fériana,2025-12-01,2026-06-01,6,487116.99171879195,2.92,h12_v1,2026-05-08 17:00:51.252743
Fériana,Kasserine,Fériana,2025-12-01,2026-07-01,7,489627.6777083155,2.92,h12_v1,2026-05-08 17:00:51.252743
Fériana,Kasserine,Fériana,2025-12-01,2026-08-01,8,489406.54540948407,2.92,h12_v1,2026-05-08 17:00:51.252743
Fériana,Kasserine,Fériana,2025-12-01,2026-09-01,9,492171.90842550865,2.92,h12_v1,2026-05-08 17:00:51.252743
Fériana,Kasserine,Fériana,2025-12-01,2026-10-01,10,495852.3498505042,2.92,h12_v1,2026-05-08 17:00:51.252743
Fériana,Kasserine,Fériana,2025-12-01,2026-11-01,11,493322.36345243827,2.92,h12_v1,2026-05-08 17:00:51.252743
Fériana,Kasserine,Fériana,2025-12-01,2026-12-01,12,493211.74176876986,2.92,h12_v1,2026-05-08 17:00:51.252743
Gabès Médina,Gabès,Gabès Médina,2025-12-01,2026-01-01,1,616115.5454684347,2.92,h12_v1,2026-05-08 17:00:51.252743
Gabès Médina,Gabès,Gabès Médina,2025-12-01,2026-02-01,2,612565.9430615957,2.92,h12_v1,2026-05-08 17:00:51.252743
Gabès Médina,Gabès,Gabès Médina,2025-12-01,2026-03-01,3,618905.0299348931,2.92,h12_v1,2026-05-08 17:00:51.252743
Gabès Médina,Gabès,Gabès Médina,2025-12-01,2026-04-01,4,608841.2566862407,2.92,h12_v1,2026-05-08 17:00:51.252743
Gabès Médina,Gabès,Gabès Médina,2025-12-01,2026-05-01,5,612646.1225129633,2.92,h12_v1,2026-05-08 17:00:51.252743
Gabès Médina,Gabès,Gabès Médina,2025-12-01,2026-06-01,6,607947.0550107411,2.92,h12_v1,2026-05-08 17:00:51.252743
Gabès Médina,Gabès,Gabès Médina,2025-12-01,2026-07-01,7,609694.5206242267,2.92,h12_v1,2026-05-08 17:00:51.252743
Gabès Médina,Gabès,Gabès Médina,2025-12-01,2026-08-01,8,607018.5366535434,2.92,h12_v1,2026-05-08 17:00:51.252743
Gabès Médina,Gabès,Gabès Médina,2025-12-01,2026-09-01,9,608727.0445889306,2.92,h12_v1,2026-05-08 17:00:51.252743
Gabès Médina,Gabès,Gabès Médina,2025-12-01,2026-10-01,10,611395.1776734529,2.92,h12_v1,2026-05-08 17:00:51.252743
Gabès Médina,Gabès,Gabès Médina,2025-12-01,2026-11-01,11,613752.4113186598,2.92,h12_v1,2026-05-08 17:00:51.252743
Gabès Médina,Gabès,Gabès Médina,2025-12-01,2026-12-01,12,612325.0302927704,2.92,h12_v1,2026-05-08 17:00:51.252743
Gabès Ouest,Gabès,Gabès Ouest,2025-12-01,2026-01-01,1,628052.5293094453,2.92,h12_v1,2026-05-08 17:00:51.252743
Gabès Ouest,Gabès,Gabès Ouest,2025-12-01,2026-02-01,2,627641.629399622,2.92,h12_v1,2026-05-08 17:00:51.252743
Gabès Ouest,Gabès,Gabès Ouest,2025-12-01,2026-03-01,3,632892.4219606483,2.92,h12_v1,2026-05-08 17:00:51.252743
Gabès Ouest,Gabès,Gabès Ouest,2025-12-01,2026-04-01,4,622290.799480499,2.92,h12_v1,2026-05-08 17:00:51.252743
Gabès Ouest,Gabès,Gabès Ouest,2025-12-01,2026-05-01,5,624878.095709183,2.92,h12_v1,2026-05-08 17:00:51.252743
Gabès Ouest,Gabès,Gabès Ouest,2025-12-01,2026-06-01,6,621365.7459418908,2.92,h12_v1,2026-05-08 17:00:51.252743
Gabès Ouest,Gabès,Gabès Ouest,2025-12-01,2026-07-01,7,628621.345731167,2.92,h12_v1,2026-05-08 17:00:51.252743
Gabès Ouest,Gabès,Gabès Ouest,2025-12-01,2026-08-01,8,627730.6116592967,2.92,h12_v1,2026-05-08 17:00:51.252743
Gabès Ouest,Gabès,Gabès Ouest,2025-12-01,2026-09-01,9,626631.0131848827,2.92,h12_v1,2026-05-08 17:00:51.252743
Gabès Ouest,Gabès,Gabès Ouest,2025-12-01,2026-10-01,10,624991.2617658252,2.92,h12_v1,2026-05-08 17:00:51.252743
Gabès Ouest,Gabès,Gabès Ouest,2025-12-01,2026-11-01,11,629588.8543101101,2.92,h12_v1,2026-05-08 17:00:51.252743
Gabès Ouest,Gabès,Gabès Ouest,2025-12-01,2026-12-01,12,628491.4878246253,2.92,h12_v1,2026-05-08 17:00:51.252743
Gabès Sud,Gabès,Gabès Sud,2025-12-01,2026-01-01,1,586752.764097148,2.92,h12_v1,2026-05-08 17:00:51.252743
Gabès Sud,Gabès,Gabès Sud,2025-12-01,2026-02-01,2,586483.1245936378,2.92,h12_v1,2026-05-08 17:00:51.252743
Gabès Sud,Gabès,Gabès Sud,2025-12-01,2026-03-01,3,585707.1543919118,2.92,h12_v1,2026-05-08 17:00:51.252743
Gabès Sud,Gabès,Gabès Sud,2025-12-01,2026-04-01,4,579140.7062874141,2.92,h12_v1,2026-05-08 17:00:51.252743
Gabès Sud,Gabès,Gabès Sud,2025-12-01,2026-05-01,5,584069.0885050669,2.92,h12_v1,2026-05-08 17:00:51.252743
Gabès Sud,Gabès,Gabès Sud,2025-12-01,2026-06-01,6,591803.9264987225,2.92,h12_v1,2026-05-08 17:00:51.252743
Gabès Sud,Gabès,Gabès Sud,2025-12-01,2026-07-01,7,588891.2250017005,2.92,h12_v1,2026-05-08 17:00:51.252743
Gabès Sud,Gabès,Gabès Sud,2025-12-01,2026-08-01,8,587484.9272604146,2.92,h12_v1,2026-05-08 17:00:51.252743
Gabès Sud,Gabès,Gabès Sud,2025-12-01,2026-09-01,9,585792.4844105224,2.92,h12_v1,2026-05-08 17:00:51.252743
Gabès Sud,Gabès,Gabès Sud,2025-12-01,2026-10-01,10,595816.3601882941,2.92,h12_v1,2026-05-08 17:00:51.252743
Gabès Sud,Gabès,Gabès Sud,2025-12-01,2026-11-01,11,594169.6455703167,2.92,h12_v1,2026-05-08 17:00:51.252743
Gabès Sud,Gabès,Gabès Sud,2025-12-01,2026-12-01,12,590895.8676604345,2.92,h12_v1,2026-05-08 17:00:51.252743
Gafsa Nord,Gafsa,Gafsa Nord,2025-12-01,2026-01-01,1,375139.2029175257,2.92,h12_v1,2026-05-08 17:00:51.252743
Gafsa Nord,Gafsa,Gafsa Nord,2025-12-01,2026-02-01,2,379819.3501716508,2.92,h12_v1,2026-05-08 17:00:51.252743
Gafsa Nord,Gafsa,Gafsa Nord,2025-12-01,2026-03-01,3,377316.9775081707,2.92,h12_v1,2026-05-08 17:00:51.252743
Gafsa Nord,Gafsa,Gafsa Nord,2025-12-01,2026-04-01,4,378281.16620966926,2.92,h12_v1,2026-05-08 17:00:51.252743
Gafsa Nord,Gafsa,Gafsa Nord,2025-12-01,2026-05-01,5,379576.74231159635,2.92,h12_v1,2026-05-08 17:00:51.252743
Gafsa Nord,Gafsa,Gafsa Nord,2025-12-01,2026-06-01,6,376899.25027754955,2.92,h12_v1,2026-05-08 17:00:51.252743
Gafsa Nord,Gafsa,Gafsa Nord,2025-12-01,2026-07-01,7,379320.8843953746,2.92,h12_v1,2026-05-08 17:00:51.252743
Gafsa Nord,Gafsa,Gafsa Nord,2025-12-01,2026-08-01,8,379356.20470842085,2.92,h12_v1,2026-05-08 17:00:51.252743
Gafsa Nord,Gafsa,Gafsa Nord,2025-12-01,2026-09-01,9,380441.2541301913,2.92,h12_v1,2026-05-08 17:00:51.252743
Gafsa Nord,Gafsa,Gafsa Nord,2025-12-01,2026-10-01,10,378620.584140726,2.92,h12_v1,2026-05-08 17:00:51.252743
Gafsa Nord,Gafsa,Gafsa Nord,2025-12-01,2026-11-01,11,375658.722644174,2.92,h12_v1,2026-05-08 17:00:51.252743
Gafsa Nord,Gafsa,Gafsa Nord,2025-12-01,2026-12-01,12,378761.540040375,2.92,h12_v1,2026-05-08 17:00:51.252743
Gafsa Sud,Gafsa,Gafsa Sud,2025-12-01,2026-01-01,1,429340.88439969596,2.92,h12_v1,2026-05-08 17:00:51.252743
Gafsa Sud,Gafsa,Gafsa Sud,2025-12-01,2026-02-01,2,429888.83842069056,2.92,h12_v1,2026-05-08 17:00:51.252743
Gafsa Sud,Gafsa,Gafsa Sud,2025-12-01,2026-03-01,3,427742.15916449303,2.92,h12_v1,2026-05-08 17:00:51.252743
Gafsa Sud,Gafsa,Gafsa Sud,2025-12-01,2026-04-01,4,429570.3868914575,2.92,h12_v1,2026-05-08 17:00:51.260827
Gafsa Sud,Gafsa,Gafsa Sud,2025-12-01,2026-05-01,5,425519.20975879766,2.92,h12_v1,2026-05-08 17:00:51.260827
Gafsa Sud,Gafsa,Gafsa Sud,2025-12-01,2026-06-01,6,426080.643300779,2.92,h12_v1,2026-05-08 17:00:51.260827
Gafsa Sud,Gafsa,Gafsa Sud,2025-12-01,2026-07-01,7,428134.8585320939,2.92,h12_v1,2026-05-08 17:00:51.260827
Gafsa Sud,Gafsa,Gafsa Sud,2025-12-01,2026-08-01,8,433705.4272469323,2.92,h12_v1,2026-05-08 17:00:51.260827
Gafsa Sud,Gafsa,Gafsa Sud,2025-12-01,2026-09-01,9,429432.09257571254,2.92,h12_v1,2026-05-08 17:00:51.260827
Gafsa Sud,Gafsa,Gafsa Sud,2025-12-01,2026-10-01,10,434432.8527942112,2.92,h12_v1,2026-05-08 17:00:51.260827
Gafsa Sud,Gafsa,Gafsa Sud,2025-12-01,2026-11-01,11,430145.7477598221,2.92,h12_v1,2026-05-08 17:00:51.260827
Gafsa Sud,Gafsa,Gafsa Sud,2025-12-01,2026-12-01,12,431613.6629589381,2.92,h12_v1,2026-05-08 17:00:51.260827
Gaâfour,Siliana,Gaâfour,2025-12-01,2026-01-01,1,349561.60213569953,2.92,h12_v1,2026-05-08 17:00:51.260827
Gaâfour,Siliana,Gaâfour,2025-12-01,2026-02-01,2,352771.59814769065,2.92,h12_v1,2026-05-08 17:00:51.260827
Gaâfour,Siliana,Gaâfour,2025-12-01,2026-03-01,3,356095.76129306766,2.92,h12_v1,2026-05-08 17:00:51.260827
Gaâfour,Siliana,Gaâfour,2025-12-01,2026-04-01,4,354477.90855314897,2.92,h12_v1,2026-05-08 17:00:51.260827
Gaâfour,Siliana,Gaâfour,2025-12-01,2026-05-01,5,352201.3644738497,2.92,h12_v1,2026-05-08 17:00:51.260827
Gaâfour,Siliana,Gaâfour,2025-12-01,2026-06-01,6,354025.1777805326,2.92,h12_v1,2026-05-08 17:00:51.260827
Gaâfour,Siliana,Gaâfour,2025-12-01,2026-07-01,7,352200.4739926312,2.92,h12_v1,2026-05-08 17:00:51.260827
Gaâfour,Siliana,Gaâfour,2025-12-01,2026-08-01,8,353337.3677882731,2.92,h12_v1,2026-05-08 17:00:51.260827
Gaâfour,Siliana,Gaâfour,2025-12-01,2026-09-01,9,356999.4861383654,2.92,h12_v1,2026-05-08 17:00:51.260827
Gaâfour,Siliana,Gaâfour,2025-12-01,2026-10-01,10,353259.5366142592,2.92,h12_v1,2026-05-08 17:00:51.260827
Gaâfour,Siliana,Gaâfour,2025-12-01,2026-11-01,11,353877.3715644505,2.92,h12_v1,2026-05-08 17:00:51.260827
Gaâfour,Siliana,Gaâfour,2025-12-01,2026-12-01,12,352809.96594356454,2.92,h12_v1,2026-05-08 17:00:51.260827
Ghannouch,Gabès,Ghannouch,2025-12-01,2026-01-01,1,656194.6129680898,2.92,h12_v1,2026-05-08 17:00:51.260827
Ghannouch,Gabès,Ghannouch,2025-12-01,2026-02-01,2,653591.1613179197,2.92,h12_v1,2026-05-08 17:00:51.260827
Ghannouch,Gabès,Ghannouch,2025-12-01,2026-03-01,3,656948.3665125752,2.92,h12_v1,2026-05-08 17:00:51.260827
Ghannouch,Gabès,Ghannouch,2025-12-01,2026-04-01,4,658229.0168366568,2.92,h12_v1,2026-05-08 17:00:51.260827
Ghannouch,Gabès,Ghannouch,2025-12-01,2026-05-01,5,660379.4599292871,2.92,h12_v1,2026-05-08 17:00:51.260827
Ghannouch,Gabès,Ghannouch,2025-12-01,2026-06-01,6,655724.2778023367,2.92,h12_v1,2026-05-08 17:00:51.260827
Ghannouch,Gabès,Ghannouch,2025-12-01,2026-07-01,7,653514.8284674049,2.92,h12_v1,2026-05-08 17:00:51.260827
Ghannouch,Gabès,Ghannouch,2025-12-01,2026-08-01,8,654324.5330086204,2.92,h12_v1,2026-05-08 17:00:51.260827
Ghannouch,Gabès,Ghannouch,2025-12-01,2026-09-01,9,656493.7055978702,2.92,h12_v1,2026-05-08 17:00:51.260827
Ghannouch,Gabès,Ghannouch,2025-12-01,2026-10-01,10,662345.8214714712,2.92,h12_v1,2026-05-08 17:00:51.260827
Ghannouch,Gabès,Ghannouch,2025-12-01,2026-11-01,11,659808.3733710725,2.92,h12_v1,2026-05-08 17:00:51.260827
Ghannouch,Gabès,Ghannouch,2025-12-01,2026-12-01,12,652481.2682227026,2.92,h12_v1,2026-05-08 17:00:51.260827
Ghar El Melh,Bizerte,Ghar El Melh,2025-12-01,2026-01-01,1,616575.1396128008,2.92,h12_v1,2026-05-08 17:00:51.260827
Ghar El Melh,Bizerte,Ghar El Melh,2025-12-01,2026-02-01,2,622068.6857791466,2.92,h12_v1,2026-05-08 17:00:51.260827
Ghar El Melh,Bizerte,Ghar El Melh,2025-12-01,2026-03-01,3,612156.7680229649,2.92,h12_v1,2026-05-08 17:00:51.260827
Ghar El Melh,Bizerte,Ghar El Melh,2025-12-01,2026-04-01,4,620864.5408885044,2.92,h12_v1,2026-05-08 17:00:51.260827
Ghar El Melh,Bizerte,Ghar El Melh,2025-12-01,2026-05-01,5,616066.7662602107,2.92,h12_v1,2026-05-08 17:00:51.260827
Ghar El Melh,Bizerte,Ghar El Melh,2025-12-01,2026-06-01,6,611791.3998140713,2.92,h12_v1,2026-05-08 17:00:51.260827
Ghar El Melh,Bizerte,Ghar El Melh,2025-12-01,2026-07-01,7,615269.7588025158,2.92,h12_v1,2026-05-08 17:00:51.260827
Ghar El Melh,Bizerte,Ghar El Melh,2025-12-01,2026-08-01,8,624160.3429271703,2.92,h12_v1,2026-05-08 17:00:51.260827
Ghar El Melh,Bizerte,Ghar El Melh,2025-12-01,2026-09-01,9,619138.1626408114,2.92,h12_v1,2026-05-08 17:00:51.260827
Ghar El Melh,Bizerte,Ghar El Melh,2025-12-01,2026-10-01,10,616251.6950020917,2.92,h12_v1,2026-05-08 17:00:51.260827
Ghar El Melh,Bizerte,Ghar El Melh,2025-12-01,2026-11-01,11,611114.6956874494,2.92,h12_v1,2026-05-08 17:00:51.260827
Ghar El Melh,Bizerte,Ghar El Melh,2025-12-01,2026-12-01,12,617087.539763331,2.92,h12_v1,2026-05-08 17:00:51.260827
Ghardimaou,Jendouba,Ghardimaou,2025-12-01,2026-01-01,1,444680.9178094592,2.92,h12_v1,2026-05-08 17:00:51.260827
Ghardimaou,Jendouba,Ghardimaou,2025-12-01,2026-02-01,2,438447.4489417318,2.92,h12_v1,2026-05-08 17:00:51.260827
Ghardimaou,Jendouba,Ghardimaou,2025-12-01,2026-03-01,3,438733.4694306182,2.92,h12_v1,2026-05-08 17:00:51.260827
Ghardimaou,Jendouba,Ghardimaou,2025-12-01,2026-04-01,4,443730.1099448623,2.92,h12_v1,2026-05-08 17:00:51.260827
Ghardimaou,Jendouba,Ghardimaou,2025-12-01,2026-05-01,5,444514.96078903135,2.92,h12_v1,2026-05-08 17:00:51.260827
Ghardimaou,Jendouba,Ghardimaou,2025-12-01,2026-06-01,6,445375.6812727745,2.92,h12_v1,2026-05-08 17:00:51.260827
Ghardimaou,Jendouba,Ghardimaou,2025-12-01,2026-07-01,7,439219.9666711453,2.92,h12_v1,2026-05-08 17:00:51.260827
Ghardimaou,Jendouba,Ghardimaou,2025-12-01,2026-08-01,8,442150.1683551946,2.92,h12_v1,2026-05-08 17:00:51.260827
Ghardimaou,Jendouba,Ghardimaou,2025-12-01,2026-09-01,9,440155.7681703096,2.92,h12_v1,2026-05-08 17:00:51.260827
Ghardimaou,Jendouba,Ghardimaou,2025-12-01,2026-10-01,10,443331.83388056455,2.92,h12_v1,2026-05-08 17:00:51.260827
Ghardimaou,Jendouba,Ghardimaou,2025-12-01,2026-11-01,11,442539.6208251848,2.92,h12_v1,2026-05-08 17:00:51.260827
Ghardimaou,Jendouba,Ghardimaou,2025-12-01,2026-12-01,12,444232.0139239148,2.92,h12_v1,2026-05-08 17:00:51.260827
Ghezala,Bizerte,Ghezala,2025-12-01,2026-01-01,1,645635.6235678088,2.92,h12_v1,2026-05-08 17:00:51.260827
Ghezala,Bizerte,Ghezala,2025-12-01,2026-02-01,2,646156.6773580807,2.92,h12_v1,2026-05-08 17:00:51.260827
Ghezala,Bizerte,Ghezala,2025-12-01,2026-03-01,3,647381.2467017608,2.92,h12_v1,2026-05-08 17:00:51.260827
Ghezala,Bizerte,Ghezala,2025-12-01,2026-04-01,4,642200.1153620397,2.92,h12_v1,2026-05-08 17:00:51.260827
Ghezala,Bizerte,Ghezala,2025-12-01,2026-05-01,5,645468.6409820464,2.92,h12_v1,2026-05-08 17:00:51.260827
Ghezala,Bizerte,Ghezala,2025-12-01,2026-06-01,6,643596.2431793587,2.92,h12_v1,2026-05-08 17:00:51.260827
Ghezala,Bizerte,Ghezala,2025-12-01,2026-07-01,7,638296.3646399197,2.92,h12_v1,2026-05-08 17:00:51.260827
Ghezala,Bizerte,Ghezala,2025-12-01,2026-08-01,8,638384.1374385826,2.92,h12_v1,2026-05-08 17:00:51.260827
Ghezala,Bizerte,Ghezala,2025-12-01,2026-09-01,9,639388.0239506705,2.92,h12_v1,2026-05-08 17:00:51.260827
Ghezala,Bizerte,Ghezala,2025-12-01,2026-10-01,10,641674.1561684744,2.92,h12_v1,2026-05-08 17:00:51.260827
Ghezala,Bizerte,Ghezala,2025-12-01,2026-11-01,11,643645.9027689038,2.92,h12_v1,2026-05-08 17:00:51.260827
Ghezala,Bizerte,Ghezala,2025-12-01,2026-12-01,12,647546.6783271907,2.92,h12_v1,2026-05-08 17:00:51.260827
Ghomrassen,Tataouine,Ghomrassen,2025-12-01,2026-01-01,1,332925.82047106884,2.92,h12_v1,2026-05-08 17:00:51.260827
Ghomrassen,Tataouine,Ghomrassen,2025-12-01,2026-02-01,2,333498.490679955,2.92,h12_v1,2026-05-08 17:00:51.260827
Ghomrassen,Tataouine,Ghomrassen,2025-12-01,2026-03-01,3,332726.35841398314,2.92,h12_v1,2026-05-08 17:00:51.260827
Ghomrassen,Tataouine,Ghomrassen,2025-12-01,2026-04-01,4,334556.1598555645,2.92,h12_v1,2026-05-08 17:00:51.260827
Ghomrassen,Tataouine,Ghomrassen,2025-12-01,2026-05-01,5,332082.2687187886,2.92,h12_v1,2026-05-08 17:00:51.260827
Ghomrassen,Tataouine,Ghomrassen,2025-12-01,2026-06-01,6,331146.0079570606,2.92,h12_v1,2026-05-08 17:00:51.260827
Ghomrassen,Tataouine,Ghomrassen,2025-12-01,2026-07-01,7,332275.3572866771,2.92,h12_v1,2026-05-08 17:00:51.260827
Ghomrassen,Tataouine,Ghomrassen,2025-12-01,2026-08-01,8,331834.6248576184,2.92,h12_v1,2026-05-08 17:00:51.260827
Ghomrassen,Tataouine,Ghomrassen,2025-12-01,2026-09-01,9,335408.8414172173,2.92,h12_v1,2026-05-08 17:00:51.260827
Ghomrassen,Tataouine,Ghomrassen,2025-12-01,2026-10-01,10,332172.89372673444,2.92,h12_v1,2026-05-08 17:00:51.260827
Ghomrassen,Tataouine,Ghomrassen,2025-12-01,2026-11-01,11,331948.74174543226,2.92,h12_v1,2026-05-08 17:00:51.260827
Ghomrassen,Tataouine,Ghomrassen,2025-12-01,2026-12-01,12,332164.7437952563,2.92,h12_v1,2026-05-08 17:00:51.260827
Goubellat,Béja,Goubellat,2025-12-01,2026-01-01,1,337990.6717407799,2.92,h12_v1,2026-05-08 17:00:51.260827
Goubellat,Béja,Goubellat,2025-12-01,2026-02-01,2,337607.44067771605,2.92,h12_v1,2026-05-08 17:00:51.260827
Goubellat,Béja,Goubellat,2025-12-01,2026-03-01,3,338924.7888286388,2.92,h12_v1,2026-05-08 17:00:51.260827
Goubellat,Béja,Goubellat,2025-12-01,2026-04-01,4,336541.0470510676,2.92,h12_v1,2026-05-08 17:00:51.260827
Goubellat,Béja,Goubellat,2025-12-01,2026-05-01,5,338445.10625830677,2.92,h12_v1,2026-05-08 17:00:51.260827
Goubellat,Béja,Goubellat,2025-12-01,2026-06-01,6,338523.018671034,2.92,h12_v1,2026-05-08 17:00:51.260827
Goubellat,Béja,Goubellat,2025-12-01,2026-07-01,7,337560.07750545535,2.92,h12_v1,2026-05-08 17:00:51.260827
Goubellat,Béja,Goubellat,2025-12-01,2026-08-01,8,339509.70627307764,2.92,h12_v1,2026-05-08 17:00:51.260827
Goubellat,Béja,Goubellat,2025-12-01,2026-09-01,9,341097.2223012206,2.92,h12_v1,2026-05-08 17:00:51.260827
Goubellat,Béja,Goubellat,2025-12-01,2026-10-01,10,344013.89354944834,2.92,h12_v1,2026-05-08 17:00:51.260827
Goubellat,Béja,Goubellat,2025-12-01,2026-11-01,11,339572.15073180746,2.92,h12_v1,2026-05-08 17:00:51.260827
Goubellat,Béja,Goubellat,2025-12-01,2026-12-01,12,339703.6808274177,2.92,h12_v1,2026-05-08 17:00:51.260827
Graïba,Sfax,Graïba,2025-12-01,2026-01-01,1,778697.7282770842,2.92,h12_v1,2026-05-08 17:00:51.260827
Graïba,Sfax,Graïba,2025-12-01,2026-02-01,2,779843.6916164747,2.92,h12_v1,2026-05-08 17:00:51.260827
Graïba,Sfax,Graïba,2025-12-01,2026-03-01,3,771045.7327431028,2.92,h12_v1,2026-05-08 17:00:51.260827
Graïba,Sfax,Graïba,2025-12-01,2026-04-01,4,773473.6900262972,2.92,h12_v1,2026-05-08 17:00:51.260827
Graïba,Sfax,Graïba,2025-12-01,2026-05-01,5,773797.4259726843,2.92,h12_v1,2026-05-08 17:00:51.260827
Graïba,Sfax,Graïba,2025-12-01,2026-06-01,6,773414.3687636463,2.92,h12_v1,2026-05-08 17:00:51.260827
Graïba,Sfax,Graïba,2025-12-01,2026-07-01,7,778792.0021245747,2.92,h12_v1,2026-05-08 17:00:51.260827
Graïba,Sfax,Graïba,2025-12-01,2026-08-01,8,780459.9067963441,2.92,h12_v1,2026-05-08 17:00:51.260827
Graïba,Sfax,Graïba,2025-12-01,2026-09-01,9,774120.1443316878,2.92,h12_v1,2026-05-08 17:00:51.260827
Graïba,Sfax,Graïba,2025-12-01,2026-10-01,10,774971.1280648347,2.92,h12_v1,2026-05-08 17:00:51.260827
Graïba,Sfax,Graïba,2025-12-01,2026-11-01,11,771561.7144297841,2.92,h12_v1,2026-05-08 17:00:51.260827
Graïba,Sfax,Graïba,2025-12-01,2026-12-01,12,769429.446559989,2.92,h12_v1,2026-05-08 17:00:51.260827
Grombalia,Nabeul,Grombalia,2025-12-01,2026-01-01,1,767770.7479471124,2.92,h12_v1,2026-05-08 17:00:51.260827
Grombalia,Nabeul,Grombalia,2025-12-01,2026-02-01,2,774018.8497253534,2.92,h12_v1,2026-05-08 17:00:51.260827
Grombalia,Nabeul,Grombalia,2025-12-01,2026-03-01,3,778675.8029568691,2.92,h12_v1,2026-05-08 17:00:51.260827
Grombalia,Nabeul,Grombalia,2025-12-01,2026-04-01,4,771734.4001961505,2.92,h12_v1,2026-05-08 17:00:51.260827
Grombalia,Nabeul,Grombalia,2025-12-01,2026-05-01,5,768499.8409661509,2.92,h12_v1,2026-05-08 17:00:51.260827
Grombalia,Nabeul,Grombalia,2025-12-01,2026-06-01,6,775723.6423174337,2.92,h12_v1,2026-05-08 17:00:51.260827
Grombalia,Nabeul,Grombalia,2025-12-01,2026-07-01,7,770333.0041629912,2.92,h12_v1,2026-05-08 17:00:51.260827
Grombalia,Nabeul,Grombalia,2025-12-01,2026-08-01,8,778822.8589880915,2.92,h12_v1,2026-05-08 17:00:51.260827
Grombalia,Nabeul,Grombalia,2025-12-01,2026-09-01,9,777556.7207577933,2.92,h12_v1,2026-05-08 17:00:51.268395
Grombalia,Nabeul,Grombalia,2025-12-01,2026-10-01,10,777605.6644918703,2.92,h12_v1,2026-05-08 17:00:51.268395
Grombalia,Nabeul,Grombalia,2025-12-01,2026-11-01,11,779155.8353826136,2.92,h12_v1,2026-05-08 17:00:51.268395
Grombalia,Nabeul,Grombalia,2025-12-01,2026-12-01,12,773018.6499518616,2.92,h12_v1,2026-05-08 17:00:51.268395
Haffouz,Kairouan,Haffouz,2025-12-01,2026-01-01,1,458250.4724941098,2.92,h12_v1,2026-05-08 17:00:51.268395
Haffouz,Kairouan,Haffouz,2025-12-01,2026-02-01,2,459643.80594816466,2.92,h12_v1,2026-05-08 17:00:51.268395
Haffouz,Kairouan,Haffouz,2025-12-01,2026-03-01,3,455052.4096490649,2.92,h12_v1,2026-05-08 17:00:51.268395
Haffouz,Kairouan,Haffouz,2025-12-01,2026-04-01,4,460395.1889122061,2.92,h12_v1,2026-05-08 17:00:51.268395
Haffouz,Kairouan,Haffouz,2025-12-01,2026-05-01,5,459357.05141305644,2.92,h12_v1,2026-05-08 17:00:51.268395
Haffouz,Kairouan,Haffouz,2025-12-01,2026-06-01,6,460888.22985623835,2.92,h12_v1,2026-05-08 17:00:51.268395
Haffouz,Kairouan,Haffouz,2025-12-01,2026-07-01,7,459420.3469495904,2.92,h12_v1,2026-05-08 17:00:51.268395
Haffouz,Kairouan,Haffouz,2025-12-01,2026-08-01,8,459489.13557058544,2.92,h12_v1,2026-05-08 17:00:51.268395
Haffouz,Kairouan,Haffouz,2025-12-01,2026-09-01,9,457667.46229706815,2.92,h12_v1,2026-05-08 17:00:51.268395
Haffouz,Kairouan,Haffouz,2025-12-01,2026-10-01,10,457196.7414623427,2.92,h12_v1,2026-05-08 17:00:51.268395
Haffouz,Kairouan,Haffouz,2025-12-01,2026-11-01,11,456491.3045586298,2.92,h12_v1,2026-05-08 17:00:51.268395
Haffouz,Kairouan,Haffouz,2025-12-01,2026-12-01,12,456472.07057492225,2.92,h12_v1,2026-05-08 17:00:51.268395
Hajeb El Ayoun,Kairouan,Hajeb El Ayoun,2025-12-01,2026-01-01,1,534942.3618012483,2.92,h12_v1,2026-05-08 17:00:51.268395
Hajeb El Ayoun,Kairouan,Hajeb El Ayoun,2025-12-01,2026-02-01,2,534880.9745871532,2.92,h12_v1,2026-05-08 17:00:51.268395
Hajeb El Ayoun,Kairouan,Hajeb El Ayoun,2025-12-01,2026-03-01,3,535136.2002722133,2.92,h12_v1,2026-05-08 17:00:51.268395
Hajeb El Ayoun,Kairouan,Hajeb El Ayoun,2025-12-01,2026-04-01,4,535866.892584637,2.92,h12_v1,2026-05-08 17:00:51.268395
Hajeb El Ayoun,Kairouan,Hajeb El Ayoun,2025-12-01,2026-05-01,5,542428.3442330906,2.92,h12_v1,2026-05-08 17:00:51.268395
Hajeb El Ayoun,Kairouan,Hajeb El Ayoun,2025-12-01,2026-06-01,6,537774.8728491769,2.92,h12_v1,2026-05-08 17:00:51.268395
Hajeb El Ayoun,Kairouan,Hajeb El Ayoun,2025-12-01,2026-07-01,7,537523.2489171077,2.92,h12_v1,2026-05-08 17:00:51.268395
Hajeb El Ayoun,Kairouan,Hajeb El Ayoun,2025-12-01,2026-08-01,8,537027.0201540089,2.92,h12_v1,2026-05-08 17:00:51.268395
Hajeb El Ayoun,Kairouan,Hajeb El Ayoun,2025-12-01,2026-09-01,9,535493.2703135227,2.92,h12_v1,2026-05-08 17:00:51.268395
Hajeb El Ayoun,Kairouan,Hajeb El Ayoun,2025-12-01,2026-10-01,10,535221.3827264939,2.92,h12_v1,2026-05-08 17:00:51.268395
Hajeb El Ayoun,Kairouan,Hajeb El Ayoun,2025-12-01,2026-11-01,11,533330.17773595,2.92,h12_v1,2026-05-08 17:00:51.268395
Hajeb El Ayoun,Kairouan,Hajeb El Ayoun,2025-12-01,2026-12-01,12,534669.0397860578,2.92,h12_v1,2026-05-08 17:00:51.268395
Hammam Chott,Ben Arous,Hammam Chott,2025-12-01,2026-01-01,1,750126.4986409784,2.92,h12_v1,2026-05-08 17:00:51.268395
Hammam Chott,Ben Arous,Hammam Chott,2025-12-01,2026-02-01,2,745637.9960249235,2.92,h12_v1,2026-05-08 17:00:51.268395
Hammam Chott,Ben Arous,Hammam Chott,2025-12-01,2026-03-01,3,747105.3359550571,2.92,h12_v1,2026-05-08 17:00:51.268395
Hammam Chott,Ben Arous,Hammam Chott,2025-12-01,2026-04-01,4,739755.640613592,2.92,h12_v1,2026-05-08 17:00:51.268395
Hammam Chott,Ben Arous,Hammam Chott,2025-12-01,2026-05-01,5,748765.1518340396,2.92,h12_v1,2026-05-08 17:00:51.268395
Hammam Chott,Ben Arous,Hammam Chott,2025-12-01,2026-06-01,6,748826.2240877568,2.92,h12_v1,2026-05-08 17:00:51.268395
Hammam Chott,Ben Arous,Hammam Chott,2025-12-01,2026-07-01,7,746082.5818432366,2.92,h12_v1,2026-05-08 17:00:51.268395
Hammam Chott,Ben Arous,Hammam Chott,2025-12-01,2026-08-01,8,749660.5602039149,2.92,h12_v1,2026-05-08 17:00:51.268395
Hammam Chott,Ben Arous,Hammam Chott,2025-12-01,2026-09-01,9,751750.8920705032,2.92,h12_v1,2026-05-08 17:00:51.268395
Hammam Chott,Ben Arous,Hammam Chott,2025-12-01,2026-10-01,10,748127.9133341386,2.92,h12_v1,2026-05-08 17:00:51.268395
Hammam Chott,Ben Arous,Hammam Chott,2025-12-01,2026-11-01,11,752798.4036203577,2.92,h12_v1,2026-05-08 17:00:51.268395
Hammam Chott,Ben Arous,Hammam Chott,2025-12-01,2026-12-01,12,752009.4616799812,2.92,h12_v1,2026-05-08 17:00:51.268395
Hammam Ghezèze,Nabeul,Hammam Ghezèze,2025-12-01,2026-01-01,1,687502.7895649091,2.92,h12_v1,2026-05-08 17:00:51.268395
Hammam Ghezèze,Nabeul,Hammam Ghezèze,2025-12-01,2026-02-01,2,689633.5823000174,2.92,h12_v1,2026-05-08 17:00:51.268395
Hammam Ghezèze,Nabeul,Hammam Ghezèze,2025-12-01,2026-03-01,3,689615.5849717193,2.92,h12_v1,2026-05-08 17:00:51.268395
Hammam Ghezèze,Nabeul,Hammam Ghezèze,2025-12-01,2026-04-01,4,680936.7453635484,2.92,h12_v1,2026-05-08 17:00:51.268395
Hammam Ghezèze,Nabeul,Hammam Ghezèze,2025-12-01,2026-05-01,5,686093.8484895119,2.92,h12_v1,2026-05-08 17:00:51.268395
Hammam Ghezèze,Nabeul,Hammam Ghezèze,2025-12-01,2026-06-01,6,690477.1384425865,2.92,h12_v1,2026-05-08 17:00:51.268395
Hammam Ghezèze,Nabeul,Hammam Ghezèze,2025-12-01,2026-07-01,7,684737.9910043265,2.92,h12_v1,2026-05-08 17:00:51.268395
Hammam Ghezèze,Nabeul,Hammam Ghezèze,2025-12-01,2026-08-01,8,696161.45392759,2.92,h12_v1,2026-05-08 17:00:51.268395
Hammam Ghezèze,Nabeul,Hammam Ghezèze,2025-12-01,2026-09-01,9,689826.2125486238,2.92,h12_v1,2026-05-08 17:00:51.268395
Hammam Ghezèze,Nabeul,Hammam Ghezèze,2025-12-01,2026-10-01,10,694699.1148794302,2.92,h12_v1,2026-05-08 17:00:51.268395
Hammam Ghezèze,Nabeul,Hammam Ghezèze,2025-12-01,2026-11-01,11,694012.7630416568,2.92,h12_v1,2026-05-08 17:00:51.268395
Hammam Ghezèze,Nabeul,Hammam Ghezèze,2025-12-01,2026-12-01,12,691800.2279114415,2.92,h12_v1,2026-05-08 17:00:51.268395
Hammam Lif,Ben Arous,Hammam Lif,2025-12-01,2026-01-01,1,1015488.1191797067,2.92,h12_v1,2026-05-08 17:00:51.268395
Hammam Lif,Ben Arous,Hammam Lif,2025-12-01,2026-02-01,2,1028983.5165048413,2.92,h12_v1,2026-05-08 17:00:51.268395
Hammam Lif,Ben Arous,Hammam Lif,2025-12-01,2026-03-01,3,1049975.9483809257,2.92,h12_v1,2026-05-08 17:00:51.268395
Hammam Lif,Ben Arous,Hammam Lif,2025-12-01,2026-04-01,4,1038540.7659903327,2.92,h12_v1,2026-05-08 17:00:51.268395
Hammam Lif,Ben Arous,Hammam Lif,2025-12-01,2026-05-01,5,1024375.3037969827,2.92,h12_v1,2026-05-08 17:00:51.268395
Hammam Lif,Ben Arous,Hammam Lif,2025-12-01,2026-06-01,6,1007825.2968134811,2.92,h12_v1,2026-05-08 17:00:51.268395
Hammam Lif,Ben Arous,Hammam Lif,2025-12-01,2026-07-01,7,1008372.8362161788,2.92,h12_v1,2026-05-08 17:00:51.268395
Hammam Lif,Ben Arous,Hammam Lif,2025-12-01,2026-08-01,8,1011345.7854634385,2.92,h12_v1,2026-05-08 17:00:51.268395
Hammam Lif,Ben Arous,Hammam Lif,2025-12-01,2026-09-01,9,1036541.4657456815,2.92,h12_v1,2026-05-08 17:00:51.268395
Hammam Lif,Ben Arous,Hammam Lif,2025-12-01,2026-10-01,10,1026732.7937981301,2.92,h12_v1,2026-05-08 17:00:51.268395
Hammam Lif,Ben Arous,Hammam Lif,2025-12-01,2026-11-01,11,1022806.4763136711,2.92,h12_v1,2026-05-08 17:00:51.268395
Hammam Lif,Ben Arous,Hammam Lif,2025-12-01,2026-12-01,12,1015671.6293803825,2.92,h12_v1,2026-05-08 17:00:51.268395
Hammam Sousse,Sousse,Hammam Sousse,2025-12-01,2026-01-01,1,695735.4486167409,2.92,h12_v1,2026-05-08 17:00:51.268395
Hammam Sousse,Sousse,Hammam Sousse,2025-12-01,2026-02-01,2,684883.7861857946,2.92,h12_v1,2026-05-08 17:00:51.268395
Hammam Sousse,Sousse,Hammam Sousse,2025-12-01,2026-03-01,3,691633.4971227288,2.92,h12_v1,2026-05-08 17:00:51.268395
Hammam Sousse,Sousse,Hammam Sousse,2025-12-01,2026-04-01,4,689354.949411152,2.92,h12_v1,2026-05-08 17:00:51.268395
Hammam Sousse,Sousse,Hammam Sousse,2025-12-01,2026-05-01,5,693729.5184726844,2.92,h12_v1,2026-05-08 17:00:51.268395
Hammam Sousse,Sousse,Hammam Sousse,2025-12-01,2026-06-01,6,696602.4189205609,2.92,h12_v1,2026-05-08 17:00:51.268395
Hammam Sousse,Sousse,Hammam Sousse,2025-12-01,2026-07-01,7,685062.5633074373,2.92,h12_v1,2026-05-08 17:00:51.268395
Hammam Sousse,Sousse,Hammam Sousse,2025-12-01,2026-08-01,8,694748.3146518944,2.92,h12_v1,2026-05-08 17:00:51.268395
Hammam Sousse,Sousse,Hammam Sousse,2025-12-01,2026-09-01,9,695310.8879055335,2.92,h12_v1,2026-05-08 17:00:51.268395
Hammam Sousse,Sousse,Hammam Sousse,2025-12-01,2026-10-01,10,687606.7280970623,2.92,h12_v1,2026-05-08 17:00:51.268395
Hammam Sousse,Sousse,Hammam Sousse,2025-12-01,2026-11-01,11,688994.3064235111,2.92,h12_v1,2026-05-08 17:00:51.268395
Hammam Sousse,Sousse,Hammam Sousse,2025-12-01,2026-12-01,12,691677.290762317,2.92,h12_v1,2026-05-08 17:00:51.268395
Hassi El Ferid,Kasserine,Hassi El Ferid,2025-12-01,2026-01-01,1,376071.02701266354,2.92,h12_v1,2026-05-08 17:00:51.268395
Hassi El Ferid,Kasserine,Hassi El Ferid,2025-12-01,2026-02-01,2,376227.15121922636,2.92,h12_v1,2026-05-08 17:00:51.268395
Hassi El Ferid,Kasserine,Hassi El Ferid,2025-12-01,2026-03-01,3,374061.05282139475,2.92,h12_v1,2026-05-08 17:00:51.268395
Hassi El Ferid,Kasserine,Hassi El Ferid,2025-12-01,2026-04-01,4,375164.6256144477,2.92,h12_v1,2026-05-08 17:00:51.268395
Hassi El Ferid,Kasserine,Hassi El Ferid,2025-12-01,2026-05-01,5,382953.53742716246,2.92,h12_v1,2026-05-08 17:00:51.268395
Hassi El Ferid,Kasserine,Hassi El Ferid,2025-12-01,2026-06-01,6,381926.9393522869,2.92,h12_v1,2026-05-08 17:00:51.268395
Hassi El Ferid,Kasserine,Hassi El Ferid,2025-12-01,2026-07-01,7,381315.29067960684,2.92,h12_v1,2026-05-08 17:00:51.268395
Hassi El Ferid,Kasserine,Hassi El Ferid,2025-12-01,2026-08-01,8,377512.7774016634,2.92,h12_v1,2026-05-08 17:00:51.268395
Hassi El Ferid,Kasserine,Hassi El Ferid,2025-12-01,2026-09-01,9,381131.01160514815,2.92,h12_v1,2026-05-08 17:00:51.268395
Hassi El Ferid,Kasserine,Hassi El Ferid,2025-12-01,2026-10-01,10,380040.55211706745,2.92,h12_v1,2026-05-08 17:00:51.268395
Hassi El Ferid,Kasserine,Hassi El Ferid,2025-12-01,2026-11-01,11,382913.65285079065,2.92,h12_v1,2026-05-08 17:00:51.268395
Hassi El Ferid,Kasserine,Hassi El Ferid,2025-12-01,2026-12-01,12,379560.4762257244,2.92,h12_v1,2026-05-08 17:00:51.268395
Hazoua,Tozeur,Hazoua,2025-12-01,2026-01-01,1,613955.0370501709,2.92,h12_v1,2026-05-08 17:00:51.268395
Hazoua,Tozeur,Hazoua,2025-12-01,2026-02-01,2,610404.1780060247,2.92,h12_v1,2026-05-08 17:00:51.268395
Hazoua,Tozeur,Hazoua,2025-12-01,2026-03-01,3,613989.2125279392,2.92,h12_v1,2026-05-08 17:00:51.268395
Hazoua,Tozeur,Hazoua,2025-12-01,2026-04-01,4,611575.9006888409,2.92,h12_v1,2026-05-08 17:00:51.268395
Hazoua,Tozeur,Hazoua,2025-12-01,2026-05-01,5,616484.5813551532,2.92,h12_v1,2026-05-08 17:00:51.268395
Hazoua,Tozeur,Hazoua,2025-12-01,2026-06-01,6,617470.8550124044,2.92,h12_v1,2026-05-08 17:00:51.268395
Hazoua,Tozeur,Hazoua,2025-12-01,2026-07-01,7,616087.1700822586,2.92,h12_v1,2026-05-08 17:00:51.268395
Hazoua,Tozeur,Hazoua,2025-12-01,2026-08-01,8,615166.736833908,2.92,h12_v1,2026-05-08 17:00:51.268395
Hazoua,Tozeur,Hazoua,2025-12-01,2026-09-01,9,618243.8824303335,2.92,h12_v1,2026-05-08 17:00:51.268395
Hazoua,Tozeur,Hazoua,2025-12-01,2026-10-01,10,621179.7893823326,2.92,h12_v1,2026-05-08 17:00:51.268395
Hazoua,Tozeur,Hazoua,2025-12-01,2026-11-01,11,615193.5530760142,2.92,h12_v1,2026-05-08 17:00:51.268395
Hazoua,Tozeur,Hazoua,2025-12-01,2026-12-01,12,614912.6684160331,2.92,h12_v1,2026-05-08 17:00:51.268395
Haïdra,Kasserine,Haïdra,2025-12-01,2026-01-01,1,537300.6343653047,2.92,h12_v1,2026-05-08 17:00:51.268395
Haïdra,Kasserine,Haïdra,2025-12-01,2026-02-01,2,540795.1770315169,2.92,h12_v1,2026-05-08 17:00:51.268395
Haïdra,Kasserine,Haïdra,2025-12-01,2026-03-01,3,536037.8766739019,2.92,h12_v1,2026-05-08 17:00:51.268395
Haïdra,Kasserine,Haïdra,2025-12-01,2026-04-01,4,539158.6663498034,2.92,h12_v1,2026-05-08 17:00:51.268395
Haïdra,Kasserine,Haïdra,2025-12-01,2026-05-01,5,541460.9756519606,2.92,h12_v1,2026-05-08 17:00:51.268395
Haïdra,Kasserine,Haïdra,2025-12-01,2026-06-01,6,533657.7711175467,2.92,h12_v1,2026-05-08 17:00:51.268395
Haïdra,Kasserine,Haïdra,2025-12-01,2026-07-01,7,536419.1636869292,2.92,h12_v1,2026-05-08 17:00:51.268395
Haïdra,Kasserine,Haïdra,2025-12-01,2026-08-01,8,544492.1069641815,2.92,h12_v1,2026-05-08 17:00:51.268395
Haïdra,Kasserine,Haïdra,2025-12-01,2026-09-01,9,541353.0561858019,2.92,h12_v1,2026-05-08 17:00:51.268395
Haïdra,Kasserine,Haïdra,2025-12-01,2026-10-01,10,540895.7658836793,2.92,h12_v1,2026-05-08 17:00:51.268395
Haïdra,Kasserine,Haïdra,2025-12-01,2026-11-01,11,537353.0090345679,2.92,h12_v1,2026-05-08 17:00:51.268395
Haïdra,Kasserine,Haïdra,2025-12-01,2026-12-01,12,533914.6971558346,2.92,h12_v1,2026-05-08 17:00:51.268395
Hebira,Mahdia,Hebira,2025-12-01,2026-01-01,1,551971.2842151716,2.92,h12_v1,2026-05-08 17:00:51.268395
Hebira,Mahdia,Hebira,2025-12-01,2026-02-01,2,557009.6810468063,2.92,h12_v1,2026-05-08 17:00:51.268395
Hebira,Mahdia,Hebira,2025-12-01,2026-03-01,3,554278.1901419442,2.92,h12_v1,2026-05-08 17:00:51.268395
Hebira,Mahdia,Hebira,2025-12-01,2026-04-01,4,549089.4241554657,2.92,h12_v1,2026-05-08 17:00:51.268395
Hebira,Mahdia,Hebira,2025-12-01,2026-05-01,5,559946.7906142122,2.92,h12_v1,2026-05-08 17:00:51.268395
Hebira,Mahdia,Hebira,2025-12-01,2026-06-01,6,551971.9040681607,2.92,h12_v1,2026-05-08 17:00:51.268395
Hebira,Mahdia,Hebira,2025-12-01,2026-07-01,7,555451.3553702695,2.92,h12_v1,2026-05-08 17:00:51.276848
Hebira,Mahdia,Hebira,2025-12-01,2026-08-01,8,556767.3700281339,2.92,h12_v1,2026-05-08 17:00:51.276848
Hebira,Mahdia,Hebira,2025-12-01,2026-09-01,9,560605.4278797279,2.92,h12_v1,2026-05-08 17:00:51.276848
Hebira,Mahdia,Hebira,2025-12-01,2026-10-01,10,563397.6393003628,2.92,h12_v1,2026-05-08 17:00:51.276848
Hebira,Mahdia,Hebira,2025-12-01,2026-11-01,11,560588.4327401317,2.92,h12_v1,2026-05-08 17:00:51.276848
Hebira,Mahdia,Hebira,2025-12-01,2026-12-01,12,556086.5971018509,2.92,h12_v1,2026-05-08 17:00:51.276848
Hergla,Sousse,Hergla,2025-12-01,2026-01-01,1,830482.073377543,2.92,h12_v1,2026-05-08 17:00:51.276848
Hergla,Sousse,Hergla,2025-12-01,2026-02-01,2,827771.6374861271,2.92,h12_v1,2026-05-08 17:00:51.276848
Hergla,Sousse,Hergla,2025-12-01,2026-03-01,3,833321.0233080379,2.92,h12_v1,2026-05-08 17:00:51.276848
Hergla,Sousse,Hergla,2025-12-01,2026-04-01,4,823113.8331276283,2.92,h12_v1,2026-05-08 17:00:51.276848
Hergla,Sousse,Hergla,2025-12-01,2026-05-01,5,832588.9154710666,2.92,h12_v1,2026-05-08 17:00:51.276848
Hergla,Sousse,Hergla,2025-12-01,2026-06-01,6,828249.2443739811,2.92,h12_v1,2026-05-08 17:00:51.276848
Hergla,Sousse,Hergla,2025-12-01,2026-07-01,7,837596.5609978919,2.92,h12_v1,2026-05-08 17:00:51.276848
Hergla,Sousse,Hergla,2025-12-01,2026-08-01,8,834124.5571148688,2.92,h12_v1,2026-05-08 17:00:51.276848
Hergla,Sousse,Hergla,2025-12-01,2026-09-01,9,826318.3478785539,2.92,h12_v1,2026-05-08 17:00:51.276848
Hergla,Sousse,Hergla,2025-12-01,2026-10-01,10,832644.1251482905,2.92,h12_v1,2026-05-08 17:00:51.276848
Hergla,Sousse,Hergla,2025-12-01,2026-11-01,11,839590.0073679251,2.92,h12_v1,2026-05-08 17:00:51.276848
Hergla,Sousse,Hergla,2025-12-01,2026-12-01,12,823803.1669948397,2.92,h12_v1,2026-05-08 17:00:51.276848
Hichria,Sidi Bouzid,Hichria,2025-12-01,2026-01-01,1,303020.48974984593,2.92,h12_v1,2026-05-08 17:00:51.276848
Hichria,Sidi Bouzid,Hichria,2025-12-01,2026-02-01,2,304164.5216273576,2.92,h12_v1,2026-05-08 17:00:51.276848
Hichria,Sidi Bouzid,Hichria,2025-12-01,2026-03-01,3,304586.84984037577,2.92,h12_v1,2026-05-08 17:00:51.276848
Hichria,Sidi Bouzid,Hichria,2025-12-01,2026-04-01,4,301916.12889542733,2.92,h12_v1,2026-05-08 17:00:51.276848
Hichria,Sidi Bouzid,Hichria,2025-12-01,2026-05-01,5,302199.35569306696,2.92,h12_v1,2026-05-08 17:00:51.276848
Hichria,Sidi Bouzid,Hichria,2025-12-01,2026-06-01,6,299844.1185654467,2.92,h12_v1,2026-05-08 17:00:51.276848
Hichria,Sidi Bouzid,Hichria,2025-12-01,2026-07-01,7,301187.7947782882,2.92,h12_v1,2026-05-08 17:00:51.276848
Hichria,Sidi Bouzid,Hichria,2025-12-01,2026-08-01,8,305907.1214109762,2.92,h12_v1,2026-05-08 17:00:51.276848
Hichria,Sidi Bouzid,Hichria,2025-12-01,2026-09-01,9,302714.06981830235,2.92,h12_v1,2026-05-08 17:00:51.276848
Hichria,Sidi Bouzid,Hichria,2025-12-01,2026-10-01,10,297941.9457225689,2.92,h12_v1,2026-05-08 17:00:51.276848
Hichria,Sidi Bouzid,Hichria,2025-12-01,2026-11-01,11,298707.5540873456,2.92,h12_v1,2026-05-08 17:00:51.276848
Hichria,Sidi Bouzid,Hichria,2025-12-01,2026-12-01,12,299094.38890306593,2.92,h12_v1,2026-05-08 17:00:51.276848
Hraïria,Tunis,Hraïria,2025-12-01,2026-01-01,1,1376747.9451494846,2.92,h12_v1,2026-05-08 17:00:51.276848
Hraïria,Tunis,Hraïria,2025-12-01,2026-02-01,2,1403715.8527449248,2.92,h12_v1,2026-05-08 17:00:51.276848
Hraïria,Tunis,Hraïria,2025-12-01,2026-03-01,3,1390872.5535562814,2.92,h12_v1,2026-05-08 17:00:51.276848
Hraïria,Tunis,Hraïria,2025-12-01,2026-04-01,4,1410297.1807537135,2.92,h12_v1,2026-05-08 17:00:51.276848
Hraïria,Tunis,Hraïria,2025-12-01,2026-05-01,5,1383862.076426633,2.92,h12_v1,2026-05-08 17:00:51.276848
Hraïria,Tunis,Hraïria,2025-12-01,2026-06-01,6,1393036.9965157397,2.92,h12_v1,2026-05-08 17:00:51.276848
Hraïria,Tunis,Hraïria,2025-12-01,2026-07-01,7,1344711.4834969565,2.92,h12_v1,2026-05-08 17:00:51.276848
Hraïria,Tunis,Hraïria,2025-12-01,2026-08-01,8,1376134.3427958577,2.92,h12_v1,2026-05-08 17:00:51.276848
Hraïria,Tunis,Hraïria,2025-12-01,2026-09-01,9,1403376.2926009467,2.92,h12_v1,2026-05-08 17:00:51.276848
Hraïria,Tunis,Hraïria,2025-12-01,2026-10-01,10,1370998.5311422653,2.92,h12_v1,2026-05-08 17:00:51.276848
Hraïria,Tunis,Hraïria,2025-12-01,2026-11-01,11,1364302.801129501,2.92,h12_v1,2026-05-08 17:00:51.276848
Hraïria,Tunis,Hraïria,2025-12-01,2026-12-01,12,1365945.699803694,2.92,h12_v1,2026-05-08 17:00:51.276848
Jebiniana,Sfax,Jebiniana,2025-12-01,2026-01-01,1,642566.2099683558,2.92,h12_v1,2026-05-08 17:00:51.276848
Jebiniana,Sfax,Jebiniana,2025-12-01,2026-02-01,2,643149.4963657078,2.92,h12_v1,2026-05-08 17:00:51.276848
Jebiniana,Sfax,Jebiniana,2025-12-01,2026-03-01,3,646167.3021491879,2.92,h12_v1,2026-05-08 17:00:51.276848
Jebiniana,Sfax,Jebiniana,2025-12-01,2026-04-01,4,644478.354261732,2.92,h12_v1,2026-05-08 17:00:51.276848
Jebiniana,Sfax,Jebiniana,2025-12-01,2026-05-01,5,641104.936226539,2.92,h12_v1,2026-05-08 17:00:51.276848
Jebiniana,Sfax,Jebiniana,2025-12-01,2026-06-01,6,645364.4559582868,2.92,h12_v1,2026-05-08 17:00:51.276848
Jebiniana,Sfax,Jebiniana,2025-12-01,2026-07-01,7,640037.6529905713,2.92,h12_v1,2026-05-08 17:00:51.276848
Jebiniana,Sfax,Jebiniana,2025-12-01,2026-08-01,8,637709.990933834,2.92,h12_v1,2026-05-08 17:00:51.276848
Jebiniana,Sfax,Jebiniana,2025-12-01,2026-09-01,9,636954.536864859,2.92,h12_v1,2026-05-08 17:00:51.276848
Jebiniana,Sfax,Jebiniana,2025-12-01,2026-10-01,10,647053.7827454061,2.92,h12_v1,2026-05-08 17:00:51.276848
Jebiniana,Sfax,Jebiniana,2025-12-01,2026-11-01,11,638998.1629478825,2.92,h12_v1,2026-05-08 17:00:51.276848
Jebiniana,Sfax,Jebiniana,2025-12-01,2026-12-01,12,643016.1547814186,2.92,h12_v1,2026-05-08 17:00:51.276848
Jedelienne,Kasserine,Jedelienne,2025-12-01,2026-01-01,1,325536.7123931522,2.92,h12_v1,2026-05-08 17:00:51.276848
Jedelienne,Kasserine,Jedelienne,2025-12-01,2026-02-01,2,324558.8329817725,2.92,h12_v1,2026-05-08 17:00:51.276848
Jedelienne,Kasserine,Jedelienne,2025-12-01,2026-03-01,3,323724.30020847893,2.92,h12_v1,2026-05-08 17:00:51.276848
Jedelienne,Kasserine,Jedelienne,2025-12-01,2026-04-01,4,323313.9049009835,2.92,h12_v1,2026-05-08 17:00:51.276848
Jedelienne,Kasserine,Jedelienne,2025-12-01,2026-05-01,5,325087.6486511498,2.92,h12_v1,2026-05-08 17:00:51.276848
Jedelienne,Kasserine,Jedelienne,2025-12-01,2026-06-01,6,324275.3185980476,2.92,h12_v1,2026-05-08 17:00:51.276848
Jedelienne,Kasserine,Jedelienne,2025-12-01,2026-07-01,7,325096.19343638915,2.92,h12_v1,2026-05-08 17:00:51.276848
Jedelienne,Kasserine,Jedelienne,2025-12-01,2026-08-01,8,325193.7010100721,2.92,h12_v1,2026-05-08 17:00:51.276848
Jedelienne,Kasserine,Jedelienne,2025-12-01,2026-09-01,9,326134.4481724276,2.92,h12_v1,2026-05-08 17:00:51.276848
Jedelienne,Kasserine,Jedelienne,2025-12-01,2026-10-01,10,325351.1796727999,2.92,h12_v1,2026-05-08 17:00:51.276848
Jedelienne,Kasserine,Jedelienne,2025-12-01,2026-11-01,11,325383.9513644585,2.92,h12_v1,2026-05-08 17:00:51.276848
Jedelienne,Kasserine,Jedelienne,2025-12-01,2026-12-01,12,324641.3674166545,2.92,h12_v1,2026-05-08 17:00:51.276848
Jemmal,Monastir,Jemmal,2025-12-01,2026-01-01,1,885705.3368210389,2.92,h12_v1,2026-05-08 17:00:51.276848
Jemmal,Monastir,Jemmal,2025-12-01,2026-02-01,2,889779.1081241154,2.92,h12_v1,2026-05-08 17:00:51.276848
Jemmal,Monastir,Jemmal,2025-12-01,2026-03-01,3,879655.6800719321,2.92,h12_v1,2026-05-08 17:00:51.276848
Jemmal,Monastir,Jemmal,2025-12-01,2026-04-01,4,880410.1212165998,2.92,h12_v1,2026-05-08 17:00:51.276848
Jemmal,Monastir,Jemmal,2025-12-01,2026-05-01,5,884702.0018958163,2.92,h12_v1,2026-05-08 17:00:51.276848
Jemmal,Monastir,Jemmal,2025-12-01,2026-06-01,6,891492.3076700262,2.92,h12_v1,2026-05-08 17:00:51.276848
Jemmal,Monastir,Jemmal,2025-12-01,2026-07-01,7,874839.7805414054,2.92,h12_v1,2026-05-08 17:00:51.276848
Jemmal,Monastir,Jemmal,2025-12-01,2026-08-01,8,879757.7499600654,2.92,h12_v1,2026-05-08 17:00:51.276848
Jemmal,Monastir,Jemmal,2025-12-01,2026-09-01,9,885255.4149093488,2.92,h12_v1,2026-05-08 17:00:51.276848
Jemmal,Monastir,Jemmal,2025-12-01,2026-10-01,10,879750.6922319225,2.92,h12_v1,2026-05-08 17:00:51.276848
Jemmal,Monastir,Jemmal,2025-12-01,2026-11-01,11,871872.6458094304,2.92,h12_v1,2026-05-08 17:00:51.276848
Jemmal,Monastir,Jemmal,2025-12-01,2026-12-01,12,890388.6602388624,2.92,h12_v1,2026-05-08 17:00:51.276848
Jendouba,Jendouba,Jendouba,2025-12-01,2026-01-01,1,457852.97009482875,2.92,h12_v1,2026-05-08 17:00:51.276848
Jendouba,Jendouba,Jendouba,2025-12-01,2026-02-01,2,457480.8798515071,2.92,h12_v1,2026-05-08 17:00:51.276848
Jendouba,Jendouba,Jendouba,2025-12-01,2026-03-01,3,457229.58513805136,2.92,h12_v1,2026-05-08 17:00:51.276848
Jendouba,Jendouba,Jendouba,2025-12-01,2026-04-01,4,457844.1269794168,2.92,h12_v1,2026-05-08 17:00:51.276848
Jendouba,Jendouba,Jendouba,2025-12-01,2026-05-01,5,460188.2189586532,2.92,h12_v1,2026-05-08 17:00:51.276848
Jendouba,Jendouba,Jendouba,2025-12-01,2026-06-01,6,460438.9979822884,2.92,h12_v1,2026-05-08 17:00:51.276848
Jendouba,Jendouba,Jendouba,2025-12-01,2026-07-01,7,456102.8259520769,2.92,h12_v1,2026-05-08 17:00:51.276848
Jendouba,Jendouba,Jendouba,2025-12-01,2026-08-01,8,458723.0827999789,2.92,h12_v1,2026-05-08 17:00:51.276848
Jendouba,Jendouba,Jendouba,2025-12-01,2026-09-01,9,454711.84491255024,2.92,h12_v1,2026-05-08 17:00:51.276848
Jendouba,Jendouba,Jendouba,2025-12-01,2026-10-01,10,458309.4085763781,2.92,h12_v1,2026-05-08 17:00:51.276848
Jendouba,Jendouba,Jendouba,2025-12-01,2026-11-01,11,458450.6431779612,2.92,h12_v1,2026-05-08 17:00:51.276848
Jendouba,Jendouba,Jendouba,2025-12-01,2026-12-01,12,457934.12072341825,2.92,h12_v1,2026-05-08 17:00:51.276848
Jendouba Nord,Jendouba,Jendouba Nord,2025-12-01,2026-01-01,1,643767.31527481,2.92,h12_v1,2026-05-08 17:00:51.276848
Jendouba Nord,Jendouba,Jendouba Nord,2025-12-01,2026-02-01,2,647082.6110558098,2.92,h12_v1,2026-05-08 17:00:51.276848
Jendouba Nord,Jendouba,Jendouba Nord,2025-12-01,2026-03-01,3,647166.6692683592,2.92,h12_v1,2026-05-08 17:00:51.276848
Jendouba Nord,Jendouba,Jendouba Nord,2025-12-01,2026-04-01,4,645208.0947257768,2.92,h12_v1,2026-05-08 17:00:51.276848
Jendouba Nord,Jendouba,Jendouba Nord,2025-12-01,2026-05-01,5,646929.8223079164,2.92,h12_v1,2026-05-08 17:00:51.276848
Jendouba Nord,Jendouba,Jendouba Nord,2025-12-01,2026-06-01,6,643343.2802011344,2.92,h12_v1,2026-05-08 17:00:51.276848
Jendouba Nord,Jendouba,Jendouba Nord,2025-12-01,2026-07-01,7,637741.1024126611,2.92,h12_v1,2026-05-08 17:00:51.276848
Jendouba Nord,Jendouba,Jendouba Nord,2025-12-01,2026-08-01,8,636901.4119866118,2.92,h12_v1,2026-05-08 17:00:51.276848
Jendouba Nord,Jendouba,Jendouba Nord,2025-12-01,2026-09-01,9,645203.2961268785,2.92,h12_v1,2026-05-08 17:00:51.276848
Jendouba Nord,Jendouba,Jendouba Nord,2025-12-01,2026-10-01,10,638802.0113784537,2.92,h12_v1,2026-05-08 17:00:51.284893
Jendouba Nord,Jendouba,Jendouba Nord,2025-12-01,2026-11-01,11,645236.0240690479,2.92,h12_v1,2026-05-08 17:00:51.284893
Jendouba Nord,Jendouba,Jendouba Nord,2025-12-01,2026-12-01,12,646666.3839481925,2.92,h12_v1,2026-05-08 17:00:51.284893
Jilma,Sidi Bouzid,Jilma,2025-12-01,2026-01-01,1,353302.8661244462,2.92,h12_v1,2026-05-08 17:00:51.284893
Jilma,Sidi Bouzid,Jilma,2025-12-01,2026-02-01,2,355449.6942763557,2.92,h12_v1,2026-05-08 17:00:51.284893
Jilma,Sidi Bouzid,Jilma,2025-12-01,2026-03-01,3,349993.7231982279,2.92,h12_v1,2026-05-08 17:00:51.284893
Jilma,Sidi Bouzid,Jilma,2025-12-01,2026-04-01,4,352404.4739942455,2.92,h12_v1,2026-05-08 17:00:51.284893
Jilma,Sidi Bouzid,Jilma,2025-12-01,2026-05-01,5,352341.08918958646,2.92,h12_v1,2026-05-08 17:00:51.284893
Jilma,Sidi Bouzid,Jilma,2025-12-01,2026-06-01,6,353875.16924075474,2.92,h12_v1,2026-05-08 17:00:51.284893
Jilma,Sidi Bouzid,Jilma,2025-12-01,2026-07-01,7,354215.3596150221,2.92,h12_v1,2026-05-08 17:00:51.284893
Jilma,Sidi Bouzid,Jilma,2025-12-01,2026-08-01,8,350501.80602868495,2.92,h12_v1,2026-05-08 17:00:51.284893
Jilma,Sidi Bouzid,Jilma,2025-12-01,2026-09-01,9,351562.79895792174,2.92,h12_v1,2026-05-08 17:00:51.284893
Jilma,Sidi Bouzid,Jilma,2025-12-01,2026-10-01,10,353995.9381200038,2.92,h12_v1,2026-05-08 17:00:51.284893
Jilma,Sidi Bouzid,Jilma,2025-12-01,2026-11-01,11,353547.08180509147,2.92,h12_v1,2026-05-08 17:00:51.284893
Jilma,Sidi Bouzid,Jilma,2025-12-01,2026-12-01,12,354371.0789747684,2.92,h12_v1,2026-05-08 17:00:51.284893
Joumine,Bizerte,Joumine,2025-12-01,2026-01-01,1,494168.2143686706,2.92,h12_v1,2026-05-08 17:00:51.284893
Joumine,Bizerte,Joumine,2025-12-01,2026-02-01,2,497092.897193418,2.92,h12_v1,2026-05-08 17:00:51.284893
Joumine,Bizerte,Joumine,2025-12-01,2026-03-01,3,492427.658748805,2.92,h12_v1,2026-05-08 17:00:51.284893
Joumine,Bizerte,Joumine,2025-12-01,2026-04-01,4,497072.2429367888,2.92,h12_v1,2026-05-08 17:00:51.284893
Joumine,Bizerte,Joumine,2025-12-01,2026-05-01,5,497220.5504438719,2.92,h12_v1,2026-05-08 17:00:51.284893
Joumine,Bizerte,Joumine,2025-12-01,2026-06-01,6,492233.18069416826,2.92,h12_v1,2026-05-08 17:00:51.284893
Joumine,Bizerte,Joumine,2025-12-01,2026-07-01,7,493016.6655882121,2.92,h12_v1,2026-05-08 17:00:51.284893
Joumine,Bizerte,Joumine,2025-12-01,2026-08-01,8,493063.50776402553,2.92,h12_v1,2026-05-08 17:00:51.284893
Joumine,Bizerte,Joumine,2025-12-01,2026-09-01,9,494638.0554151037,2.92,h12_v1,2026-05-08 17:00:51.284893
Joumine,Bizerte,Joumine,2025-12-01,2026-10-01,10,495833.73895846884,2.92,h12_v1,2026-05-08 17:00:51.284893
Joumine,Bizerte,Joumine,2025-12-01,2026-11-01,11,495671.85166728374,2.92,h12_v1,2026-05-08 17:00:51.284893
Joumine,Bizerte,Joumine,2025-12-01,2026-12-01,12,488840.49137196,2.92,h12_v1,2026-05-08 17:00:51.284893
Jérissa,Le Kef,Jérissa,2025-12-01,2026-01-01,1,596340.4429018324,2.92,h12_v1,2026-05-08 17:00:51.284893
Jérissa,Le Kef,Jérissa,2025-12-01,2026-02-01,2,590555.1257612215,2.92,h12_v1,2026-05-08 17:00:51.284893
Jérissa,Le Kef,Jérissa,2025-12-01,2026-03-01,3,591634.0864098046,2.92,h12_v1,2026-05-08 17:00:51.284893
Jérissa,Le Kef,Jérissa,2025-12-01,2026-04-01,4,594033.9981986182,2.92,h12_v1,2026-05-08 17:00:51.284893
Jérissa,Le Kef,Jérissa,2025-12-01,2026-05-01,5,601192.3155079822,2.92,h12_v1,2026-05-08 17:00:51.287871
Jérissa,Le Kef,Jérissa,2025-12-01,2026-06-01,6,598746.5679468799,2.92,h12_v1,2026-05-08 17:00:51.287871
Jérissa,Le Kef,Jérissa,2025-12-01,2026-07-01,7,603081.7010815052,2.92,h12_v1,2026-05-08 17:00:51.287871
Jérissa,Le Kef,Jérissa,2025-12-01,2026-08-01,8,596926.7193047791,2.92,h12_v1,2026-05-08 17:00:51.287871
Jérissa,Le Kef,Jérissa,2025-12-01,2026-09-01,9,593775.7025730491,2.92,h12_v1,2026-05-08 17:00:51.287871
Jérissa,Le Kef,Jérissa,2025-12-01,2026-10-01,10,595763.9386213035,2.92,h12_v1,2026-05-08 17:00:51.287871
Jérissa,Le Kef,Jérissa,2025-12-01,2026-11-01,11,593020.2158609751,2.92,h12_v1,2026-05-08 17:00:51.287871
Jérissa,Le Kef,Jérissa,2025-12-01,2026-12-01,12,603089.4182903433,2.92,h12_v1,2026-05-08 17:00:51.287871
Kairouan Nord,Kairouan,Kairouan Nord,2025-12-01,2026-01-01,1,508429.1209759674,2.92,h12_v1,2026-05-08 17:00:51.287871
Kairouan Nord,Kairouan,Kairouan Nord,2025-12-01,2026-02-01,2,510415.05470397393,2.92,h12_v1,2026-05-08 17:00:51.287871
Kairouan Nord,Kairouan,Kairouan Nord,2025-12-01,2026-03-01,3,504259.52497198764,2.92,h12_v1,2026-05-08 17:00:51.287871
Kairouan Nord,Kairouan,Kairouan Nord,2025-12-01,2026-04-01,4,507660.0513202957,2.92,h12_v1,2026-05-08 17:00:51.287871
Kairouan Nord,Kairouan,Kairouan Nord,2025-12-01,2026-05-01,5,509721.9788773601,2.92,h12_v1,2026-05-08 17:00:51.287871
Kairouan Nord,Kairouan,Kairouan Nord,2025-12-01,2026-06-01,6,508798.1487018883,2.92,h12_v1,2026-05-08 17:00:51.287871
Kairouan Nord,Kairouan,Kairouan Nord,2025-12-01,2026-07-01,7,506249.4573084265,2.92,h12_v1,2026-05-08 17:00:51.287871
Kairouan Nord,Kairouan,Kairouan Nord,2025-12-01,2026-08-01,8,506499.01287789195,2.92,h12_v1,2026-05-08 17:00:51.287871
Kairouan Nord,Kairouan,Kairouan Nord,2025-12-01,2026-09-01,9,501550.7537184514,2.92,h12_v1,2026-05-08 17:00:51.287871
Kairouan Nord,Kairouan,Kairouan Nord,2025-12-01,2026-10-01,10,502165.9393977177,2.92,h12_v1,2026-05-08 17:00:51.287871
Kairouan Nord,Kairouan,Kairouan Nord,2025-12-01,2026-11-01,11,502796.9100237433,2.92,h12_v1,2026-05-08 17:00:51.287871
Kairouan Nord,Kairouan,Kairouan Nord,2025-12-01,2026-12-01,12,501795.93712338747,2.92,h12_v1,2026-05-08 17:00:51.287871
Kairouan Sud,Kairouan,Kairouan Sud,2025-12-01,2026-01-01,1,602951.5413053706,2.92,h12_v1,2026-05-08 17:00:51.287871
Kairouan Sud,Kairouan,Kairouan Sud,2025-12-01,2026-02-01,2,600254.2822808931,2.92,h12_v1,2026-05-08 17:00:51.287871
Kairouan Sud,Kairouan,Kairouan Sud,2025-12-01,2026-03-01,3,601400.7719614528,2.92,h12_v1,2026-05-08 17:00:51.287871
Kairouan Sud,Kairouan,Kairouan Sud,2025-12-01,2026-04-01,4,595654.6431837721,2.92,h12_v1,2026-05-08 17:00:51.287871
Kairouan Sud,Kairouan,Kairouan Sud,2025-12-01,2026-05-01,5,604192.050855059,2.92,h12_v1,2026-05-08 17:00:51.287871
Kairouan Sud,Kairouan,Kairouan Sud,2025-12-01,2026-06-01,6,597074.7496459753,2.92,h12_v1,2026-05-08 17:00:51.287871
Kairouan Sud,Kairouan,Kairouan Sud,2025-12-01,2026-07-01,7,604338.8693359356,2.92,h12_v1,2026-05-08 17:00:51.287871
Kairouan Sud,Kairouan,Kairouan Sud,2025-12-01,2026-08-01,8,596494.2890565991,2.92,h12_v1,2026-05-08 17:00:51.287871
Kairouan Sud,Kairouan,Kairouan Sud,2025-12-01,2026-09-01,9,597090.7632550707,2.92,h12_v1,2026-05-08 17:00:51.287871
Kairouan Sud,Kairouan,Kairouan Sud,2025-12-01,2026-10-01,10,599382.5339590976,2.92,h12_v1,2026-05-08 17:00:51.287871
Kairouan Sud,Kairouan,Kairouan Sud,2025-12-01,2026-11-01,11,603507.0354733255,2.92,h12_v1,2026-05-08 17:00:51.287871
Kairouan Sud,Kairouan,Kairouan Sud,2025-12-01,2026-12-01,12,597040.9255736587,2.92,h12_v1,2026-05-08 17:00:51.287871
Kalaat Senan,Le Kef,Kalaat Senan,2025-12-01,2026-01-01,1,513020.9892154225,2.92,h12_v1,2026-05-08 17:00:51.287871
Kalaat Senan,Le Kef,Kalaat Senan,2025-12-01,2026-02-01,2,517880.96916936897,2.92,h12_v1,2026-05-08 17:00:51.287871
Kalaat Senan,Le Kef,Kalaat Senan,2025-12-01,2026-03-01,3,518071.53973604745,2.92,h12_v1,2026-05-08 17:00:51.287871
Kalaat Senan,Le Kef,Kalaat Senan,2025-12-01,2026-04-01,4,512821.95016716374,2.92,h12_v1,2026-05-08 17:00:51.287871
Kalaat Senan,Le Kef,Kalaat Senan,2025-12-01,2026-05-01,5,518284.47760329006,2.92,h12_v1,2026-05-08 17:00:51.287871
Kalaat Senan,Le Kef,Kalaat Senan,2025-12-01,2026-06-01,6,517477.5792589252,2.92,h12_v1,2026-05-08 17:00:51.287871
Kalaat Senan,Le Kef,Kalaat Senan,2025-12-01,2026-07-01,7,516516.3476919001,2.92,h12_v1,2026-05-08 17:00:51.287871
Kalaat Senan,Le Kef,Kalaat Senan,2025-12-01,2026-08-01,8,514922.45417358173,2.92,h12_v1,2026-05-08 17:00:51.287871
Kalaat Senan,Le Kef,Kalaat Senan,2025-12-01,2026-09-01,9,516445.3318731591,2.92,h12_v1,2026-05-08 17:00:51.287871
Kalaat Senan,Le Kef,Kalaat Senan,2025-12-01,2026-10-01,10,517429.9243719916,2.92,h12_v1,2026-05-08 17:00:51.287871
Kalaat Senan,Le Kef,Kalaat Senan,2025-12-01,2026-11-01,11,522918.5691569339,2.92,h12_v1,2026-05-08 17:00:51.287871
Kalaat Senan,Le Kef,Kalaat Senan,2025-12-01,2026-12-01,12,519034.75384855183,2.92,h12_v1,2026-05-08 17:00:51.287871
Kalâa Kebira,Sousse,Kalâa Kebira,2025-12-01,2026-01-01,1,771876.3868658094,2.92,h12_v1,2026-05-08 17:00:51.287871
Kalâa Kebira,Sousse,Kalâa Kebira,2025-12-01,2026-02-01,2,763048.9168062772,2.92,h12_v1,2026-05-08 17:00:51.287871
Kalâa Kebira,Sousse,Kalâa Kebira,2025-12-01,2026-03-01,3,760794.88579006,2.92,h12_v1,2026-05-08 17:00:51.287871
Kalâa Kebira,Sousse,Kalâa Kebira,2025-12-01,2026-04-01,4,766425.9731331371,2.92,h12_v1,2026-05-08 17:00:51.287871
Kalâa Kebira,Sousse,Kalâa Kebira,2025-12-01,2026-05-01,5,771871.4735243804,2.92,h12_v1,2026-05-08 17:00:51.287871
Kalâa Kebira,Sousse,Kalâa Kebira,2025-12-01,2026-06-01,6,770104.0859846693,2.92,h12_v1,2026-05-08 17:00:51.287871
Kalâa Kebira,Sousse,Kalâa Kebira,2025-12-01,2026-07-01,7,771541.6571059922,2.92,h12_v1,2026-05-08 17:00:51.287871
Kalâa Kebira,Sousse,Kalâa Kebira,2025-12-01,2026-08-01,8,769669.0883133267,2.92,h12_v1,2026-05-08 17:00:51.287871
Kalâa Kebira,Sousse,Kalâa Kebira,2025-12-01,2026-09-01,9,771259.8149926151,2.92,h12_v1,2026-05-08 17:00:51.287871
Kalâa Kebira,Sousse,Kalâa Kebira,2025-12-01,2026-10-01,10,765012.3592394275,2.92,h12_v1,2026-05-08 17:00:51.287871
Kalâa Kebira,Sousse,Kalâa Kebira,2025-12-01,2026-11-01,11,772067.9537063254,2.92,h12_v1,2026-05-08 17:00:51.287871
Kalâa Kebira,Sousse,Kalâa Kebira,2025-12-01,2026-12-01,12,773782.5009221265,2.92,h12_v1,2026-05-08 17:00:51.287871
Kalâa Seghira,Sousse,Kalâa Seghira,2025-12-01,2026-01-01,1,828234.7520471374,2.92,h12_v1,2026-05-08 17:00:51.287871
Kalâa Seghira,Sousse,Kalâa Seghira,2025-12-01,2026-02-01,2,818474.6775464157,2.92,h12_v1,2026-05-08 17:00:51.287871
Kalâa Seghira,Sousse,Kalâa Seghira,2025-12-01,2026-03-01,3,819666.3343483288,2.92,h12_v1,2026-05-08 17:00:51.287871
Kalâa Seghira,Sousse,Kalâa Seghira,2025-12-01,2026-04-01,4,821768.2730033095,2.92,h12_v1,2026-05-08 17:00:51.287871
Kalâa Seghira,Sousse,Kalâa Seghira,2025-12-01,2026-05-01,5,822767.9659181017,2.92,h12_v1,2026-05-08 17:00:51.287871
Kalâa Seghira,Sousse,Kalâa Seghira,2025-12-01,2026-06-01,6,829409.2578379883,2.92,h12_v1,2026-05-08 17:00:51.287871
Kalâa Seghira,Sousse,Kalâa Seghira,2025-12-01,2026-07-01,7,836448.0579577408,2.92,h12_v1,2026-05-08 17:00:51.287871
Kalâa Seghira,Sousse,Kalâa Seghira,2025-12-01,2026-08-01,8,833481.2170455889,2.92,h12_v1,2026-05-08 17:00:51.287871
Kalâa Seghira,Sousse,Kalâa Seghira,2025-12-01,2026-09-01,9,822323.56793329,2.92,h12_v1,2026-05-08 17:00:51.287871
Kalâa Seghira,Sousse,Kalâa Seghira,2025-12-01,2026-10-01,10,838068.3819253093,2.92,h12_v1,2026-05-08 17:00:51.287871
Kalâa Seghira,Sousse,Kalâa Seghira,2025-12-01,2026-11-01,11,826687.6797876812,2.92,h12_v1,2026-05-08 17:00:51.287871
Kalâa Seghira,Sousse,Kalâa Seghira,2025-12-01,2026-12-01,12,830220.2452398709,2.92,h12_v1,2026-05-08 17:00:51.287871
Kalâat Khasba,Le Kef,Kalâat Khasba,2025-12-01,2026-01-01,1,488867.72895875445,2.92,h12_v1,2026-05-08 17:00:51.287871
Kalâat Khasba,Le Kef,Kalâat Khasba,2025-12-01,2026-02-01,2,489982.4285184765,2.92,h12_v1,2026-05-08 17:00:51.287871
Kalâat Khasba,Le Kef,Kalâat Khasba,2025-12-01,2026-03-01,3,491214.4409216158,2.92,h12_v1,2026-05-08 17:00:51.287871
Kalâat Khasba,Le Kef,Kalâat Khasba,2025-12-01,2026-04-01,4,489612.30777278345,2.92,h12_v1,2026-05-08 17:00:51.287871
Kalâat Khasba,Le Kef,Kalâat Khasba,2025-12-01,2026-05-01,5,486785.25824090524,2.92,h12_v1,2026-05-08 17:00:51.287871
Kalâat Khasba,Le Kef,Kalâat Khasba,2025-12-01,2026-06-01,6,490284.5178341501,2.92,h12_v1,2026-05-08 17:00:51.287871
Kalâat Khasba,Le Kef,Kalâat Khasba,2025-12-01,2026-07-01,7,487703.1673841203,2.92,h12_v1,2026-05-08 17:00:51.287871
Kalâat Khasba,Le Kef,Kalâat Khasba,2025-12-01,2026-08-01,8,484994.92514058686,2.92,h12_v1,2026-05-08 17:00:51.287871
Kalâat Khasba,Le Kef,Kalâat Khasba,2025-12-01,2026-09-01,9,486710.92684054567,2.92,h12_v1,2026-05-08 17:00:51.287871
Kalâat Khasba,Le Kef,Kalâat Khasba,2025-12-01,2026-10-01,10,492637.4252084201,2.92,h12_v1,2026-05-08 17:00:51.287871
Kalâat Khasba,Le Kef,Kalâat Khasba,2025-12-01,2026-11-01,11,494216.3060870763,2.92,h12_v1,2026-05-08 17:00:51.287871
Kalâat Khasba,Le Kef,Kalâat Khasba,2025-12-01,2026-12-01,12,489382.657689314,2.92,h12_v1,2026-05-08 17:00:51.287871
Kalâat el-Andalous,Ariana,Kalâat el-Andalous,2025-12-01,2026-01-01,1,1077731.4197588507,2.92,h12_v1,2026-05-08 17:00:51.287871
Kalâat el-Andalous,Ariana,Kalâat el-Andalous,2025-12-01,2026-02-01,2,1085847.263945155,2.92,h12_v1,2026-05-08 17:00:51.287871
Kalâat el-Andalous,Ariana,Kalâat el-Andalous,2025-12-01,2026-03-01,3,1073881.4527990355,2.92,h12_v1,2026-05-08 17:00:51.287871
Kalâat el-Andalous,Ariana,Kalâat el-Andalous,2025-12-01,2026-04-01,4,1066773.1228571166,2.92,h12_v1,2026-05-08 17:00:51.287871
Kalâat el-Andalous,Ariana,Kalâat el-Andalous,2025-12-01,2026-05-01,5,1060146.1339396823,2.92,h12_v1,2026-05-08 17:00:51.287871
Kalâat el-Andalous,Ariana,Kalâat el-Andalous,2025-12-01,2026-06-01,6,1066544.0411175764,2.92,h12_v1,2026-05-08 17:00:51.287871
Kalâat el-Andalous,Ariana,Kalâat el-Andalous,2025-12-01,2026-07-01,7,1074808.3746250495,2.92,h12_v1,2026-05-08 17:00:51.287871
Kalâat el-Andalous,Ariana,Kalâat el-Andalous,2025-12-01,2026-08-01,8,1079986.298658537,2.92,h12_v1,2026-05-08 17:00:51.287871
Kalâat el-Andalous,Ariana,Kalâat el-Andalous,2025-12-01,2026-09-01,9,1076232.8843737703,2.92,h12_v1,2026-05-08 17:00:51.287871
Kalâat el-Andalous,Ariana,Kalâat el-Andalous,2025-12-01,2026-10-01,10,1078668.5536445829,2.92,h12_v1,2026-05-08 17:00:51.287871
Kalâat el-Andalous,Ariana,Kalâat el-Andalous,2025-12-01,2026-11-01,11,1077991.100176396,2.92,h12_v1,2026-05-08 17:00:51.287871
Kalâat el-Andalous,Ariana,Kalâat el-Andalous,2025-12-01,2026-12-01,12,1078573.8562578182,2.92,h12_v1,2026-05-08 17:00:51.287871
Kasserine Nord,Kasserine,Kasserine Nord,2025-12-01,2026-01-01,1,297971.4406986296,2.92,h12_v1,2026-05-08 17:00:51.287871
Kasserine Nord,Kasserine,Kasserine Nord,2025-12-01,2026-02-01,2,290055.18711745954,2.92,h12_v1,2026-05-08 17:00:51.287871
Kasserine Nord,Kasserine,Kasserine Nord,2025-12-01,2026-03-01,3,294592.7192515229,2.92,h12_v1,2026-05-08 17:00:51.287871
Kasserine Nord,Kasserine,Kasserine Nord,2025-12-01,2026-04-01,4,296247.24648757133,2.92,h12_v1,2026-05-08 17:00:51.287871
Kasserine Nord,Kasserine,Kasserine Nord,2025-12-01,2026-05-01,5,292276.69148863305,2.92,h12_v1,2026-05-08 17:00:51.287871
Kasserine Nord,Kasserine,Kasserine Nord,2025-12-01,2026-06-01,6,296297.3180565661,2.92,h12_v1,2026-05-08 17:00:51.287871
Kasserine Nord,Kasserine,Kasserine Nord,2025-12-01,2026-07-01,7,294095.7198934794,2.92,h12_v1,2026-05-08 17:00:51.287871
Kasserine Nord,Kasserine,Kasserine Nord,2025-12-01,2026-08-01,8,293563.17831848614,2.92,h12_v1,2026-05-08 17:00:51.287871
Kasserine Nord,Kasserine,Kasserine Nord,2025-12-01,2026-09-01,9,295527.21995686734,2.92,h12_v1,2026-05-08 17:00:51.287871
Kasserine Nord,Kasserine,Kasserine Nord,2025-12-01,2026-10-01,10,297790.5878330577,2.92,h12_v1,2026-05-08 17:00:51.287871
Kasserine Nord,Kasserine,Kasserine Nord,2025-12-01,2026-11-01,11,293349.56340183405,2.92,h12_v1,2026-05-08 17:00:51.287871
Kasserine Nord,Kasserine,Kasserine Nord,2025-12-01,2026-12-01,12,291588.7083986461,2.92,h12_v1,2026-05-08 17:00:51.287871
Kasserine Sud,Kasserine,Kasserine Sud,2025-12-01,2026-01-01,1,324877.05322131066,2.92,h12_v1,2026-05-08 17:00:51.287871
Kasserine Sud,Kasserine,Kasserine Sud,2025-12-01,2026-02-01,2,324614.7792209504,2.92,h12_v1,2026-05-08 17:00:51.287871
Kasserine Sud,Kasserine,Kasserine Sud,2025-12-01,2026-03-01,3,327220.0373690353,2.92,h12_v1,2026-05-08 17:00:51.287871
Kasserine Sud,Kasserine,Kasserine Sud,2025-12-01,2026-04-01,4,329120.0765023201,2.92,h12_v1,2026-05-08 17:00:51.287871
Kasserine Sud,Kasserine,Kasserine Sud,2025-12-01,2026-05-01,5,325244.07850200194,2.92,h12_v1,2026-05-08 17:00:51.287871
Kasserine Sud,Kasserine,Kasserine Sud,2025-12-01,2026-06-01,6,325940.22700508946,2.92,h12_v1,2026-05-08 17:00:51.287871
Kasserine Sud,Kasserine,Kasserine Sud,2025-12-01,2026-07-01,7,326899.2839085113,2.92,h12_v1,2026-05-08 17:00:51.287871
Kasserine Sud,Kasserine,Kasserine Sud,2025-12-01,2026-08-01,8,326593.93664920976,2.92,h12_v1,2026-05-08 17:00:51.287871
Kasserine Sud,Kasserine,Kasserine Sud,2025-12-01,2026-09-01,9,324181.80644834426,2.92,h12_v1,2026-05-08 17:00:51.287871
Kasserine Sud,Kasserine,Kasserine Sud,2025-12-01,2026-10-01,10,326936.949534358,2.92,h12_v1,2026-05-08 17:00:51.287871
Kasserine Sud,Kasserine,Kasserine Sud,2025-12-01,2026-11-01,11,327004.31804963434,2.92,h12_v1,2026-05-08 17:00:51.287871
Kasserine Sud,Kasserine,Kasserine Sud,2025-12-01,2026-12-01,12,327758.18475849234,2.92,h12_v1,2026-05-08 17:00:51.287871
Kef Est,Le Kef,Kef Est,2025-12-01,2026-01-01,1,502078.050571463,2.92,h12_v1,2026-05-08 17:00:51.287871
Kef Est,Le Kef,Kef Est,2025-12-01,2026-02-01,2,499759.51724061876,2.92,h12_v1,2026-05-08 17:00:51.287871
Kef Est,Le Kef,Kef Est,2025-12-01,2026-03-01,3,500747.02997741837,2.92,h12_v1,2026-05-08 17:00:51.287871
Kef Est,Le Kef,Kef Est,2025-12-01,2026-04-01,4,498586.5009285517,2.92,h12_v1,2026-05-08 17:00:51.287871
Kef Est,Le Kef,Kef Est,2025-12-01,2026-05-01,5,502108.95084384724,2.92,h12_v1,2026-05-08 17:00:51.287871
Kef Est,Le Kef,Kef Est,2025-12-01,2026-06-01,6,506525.0629347898,2.92,h12_v1,2026-05-08 17:00:51.287871
Kef Est,Le Kef,Kef Est,2025-12-01,2026-07-01,7,505247.4296638859,2.92,h12_v1,2026-05-08 17:00:51.287871
Kef Est,Le Kef,Kef Est,2025-12-01,2026-08-01,8,502534.39852067846,2.92,h12_v1,2026-05-08 17:00:51.287871
Kef Est,Le Kef,Kef Est,2025-12-01,2026-09-01,9,504280.5935422869,2.92,h12_v1,2026-05-08 17:00:51.287871
Kef Est,Le Kef,Kef Est,2025-12-01,2026-10-01,10,499920.1274565171,2.92,h12_v1,2026-05-08 17:00:51.287871
Kef Est,Le Kef,Kef Est,2025-12-01,2026-11-01,11,499273.07608311705,2.92,h12_v1,2026-05-08 17:00:51.287871
Kef Est,Le Kef,Kef Est,2025-12-01,2026-12-01,12,501497.9296852969,2.92,h12_v1,2026-05-08 17:00:51.287871
Kef Ouest,Le Kef,Kef Ouest,2025-12-01,2026-01-01,1,495805.9314415772,2.92,h12_v1,2026-05-08 17:00:51.287871
Kef Ouest,Le Kef,Kef Ouest,2025-12-01,2026-02-01,2,491361.15892484365,2.92,h12_v1,2026-05-08 17:00:51.287871
Kef Ouest,Le Kef,Kef Ouest,2025-12-01,2026-03-01,3,495382.10318461055,2.92,h12_v1,2026-05-08 17:00:51.287871
Kef Ouest,Le Kef,Kef Ouest,2025-12-01,2026-04-01,4,495534.821182855,2.92,h12_v1,2026-05-08 17:00:51.287871
Kef Ouest,Le Kef,Kef Ouest,2025-12-01,2026-05-01,5,496698.10448739724,2.92,h12_v1,2026-05-08 17:00:51.287871
Kef Ouest,Le Kef,Kef Ouest,2025-12-01,2026-06-01,6,495018.2332024264,2.92,h12_v1,2026-05-08 17:00:51.287871
Kef Ouest,Le Kef,Kef Ouest,2025-12-01,2026-07-01,7,491010.27673224226,2.92,h12_v1,2026-05-08 17:00:51.287871
Kef Ouest,Le Kef,Kef Ouest,2025-12-01,2026-08-01,8,491245.990151148,2.92,h12_v1,2026-05-08 17:00:51.287871
Kef Ouest,Le Kef,Kef Ouest,2025-12-01,2026-09-01,9,491114.8233817274,2.92,h12_v1,2026-05-08 17:00:51.287871
Kef Ouest,Le Kef,Kef Ouest,2025-12-01,2026-10-01,10,494264.85974304756,2.92,h12_v1,2026-05-08 17:00:51.287871
Kef Ouest,Le Kef,Kef Ouest,2025-12-01,2026-11-01,11,494829.7388794719,2.92,h12_v1,2026-05-08 17:00:51.287871
Kef Ouest,Le Kef,Kef Ouest,2025-12-01,2026-12-01,12,495164.7927144274,2.92,h12_v1,2026-05-08 17:00:51.287871
Kerkennah,Sfax,Kerkennah,2025-12-01,2026-01-01,1,934062.2478161504,2.92,h12_v1,2026-05-08 17:00:51.287871
Kerkennah,Sfax,Kerkennah,2025-12-01,2026-02-01,2,952436.9765107408,2.92,h12_v1,2026-05-08 17:00:51.287871
Kerkennah,Sfax,Kerkennah,2025-12-01,2026-03-01,3,923265.5217989965,2.92,h12_v1,2026-05-08 17:00:51.287871
Kerkennah,Sfax,Kerkennah,2025-12-01,2026-04-01,4,952616.8510651357,2.92,h12_v1,2026-05-08 17:00:51.287871
Kerkennah,Sfax,Kerkennah,2025-12-01,2026-05-01,5,922680.1058865538,2.92,h12_v1,2026-05-08 17:00:51.287871
Kerkennah,Sfax,Kerkennah,2025-12-01,2026-06-01,6,949226.86829126,2.92,h12_v1,2026-05-08 17:00:51.287871
Kerkennah,Sfax,Kerkennah,2025-12-01,2026-07-01,7,923930.9354184914,2.92,h12_v1,2026-05-08 17:00:51.287871
Kerkennah,Sfax,Kerkennah,2025-12-01,2026-08-01,8,944190.8261300238,2.92,h12_v1,2026-05-08 17:00:51.287871
Kerkennah,Sfax,Kerkennah,2025-12-01,2026-09-01,9,926557.2686300774,2.92,h12_v1,2026-05-08 17:00:51.287871
Kerkennah,Sfax,Kerkennah,2025-12-01,2026-10-01,10,929543.9746221921,2.92,h12_v1,2026-05-08 17:00:51.287871
Kerkennah,Sfax,Kerkennah,2025-12-01,2026-11-01,11,934042.8271966049,2.92,h12_v1,2026-05-08 17:00:51.287871
Kerkennah,Sfax,Kerkennah,2025-12-01,2026-12-01,12,922505.2454254935,2.92,h12_v1,2026-05-08 17:00:51.287871
Kesra,Siliana,Kesra,2025-12-01,2026-01-01,1,430964.38501231116,2.92,h12_v1,2026-05-08 17:00:51.287871
Kesra,Siliana,Kesra,2025-12-01,2026-02-01,2,427410.15218621126,2.92,h12_v1,2026-05-08 17:00:51.287871
Kesra,Siliana,Kesra,2025-12-01,2026-03-01,3,429127.0133694786,2.92,h12_v1,2026-05-08 17:00:51.287871
Kesra,Siliana,Kesra,2025-12-01,2026-04-01,4,429340.58371437545,2.92,h12_v1,2026-05-08 17:00:51.287871
Kesra,Siliana,Kesra,2025-12-01,2026-05-01,5,431564.02688375924,2.92,h12_v1,2026-05-08 17:00:51.287871
Kesra,Siliana,Kesra,2025-12-01,2026-06-01,6,428207.23349358625,2.92,h12_v1,2026-05-08 17:00:51.287871
Kesra,Siliana,Kesra,2025-12-01,2026-07-01,7,428876.80607870995,2.92,h12_v1,2026-05-08 17:00:51.287871
Kesra,Siliana,Kesra,2025-12-01,2026-08-01,8,427827.31292692444,2.92,h12_v1,2026-05-08 17:00:51.287871
Kesra,Siliana,Kesra,2025-12-01,2026-09-01,9,435218.73354855564,2.92,h12_v1,2026-05-08 17:00:51.287871
Kesra,Siliana,Kesra,2025-12-01,2026-10-01,10,433143.28252682876,2.92,h12_v1,2026-05-08 17:00:51.287871
Kesra,Siliana,Kesra,2025-12-01,2026-11-01,11,429936.6632394344,2.92,h12_v1,2026-05-08 17:00:51.287871
Kesra,Siliana,Kesra,2025-12-01,2026-12-01,12,431322.01378051913,2.92,h12_v1,2026-05-08 17:00:51.287871
Kondar,Sousse,Kondar,2025-12-01,2026-01-01,1,636111.684068666,2.92,h12_v1,2026-05-08 17:00:51.287871
Kondar,Sousse,Kondar,2025-12-01,2026-02-01,2,642122.7602487083,2.92,h12_v1,2026-05-08 17:00:51.287871
Kondar,Sousse,Kondar,2025-12-01,2026-03-01,3,631524.2955050808,2.92,h12_v1,2026-05-08 17:00:51.287871
Kondar,Sousse,Kondar,2025-12-01,2026-04-01,4,635753.0474081201,2.92,h12_v1,2026-05-08 17:00:51.298445
Kondar,Sousse,Kondar,2025-12-01,2026-05-01,5,634370.6710804149,2.92,h12_v1,2026-05-08 17:00:51.298445
Kondar,Sousse,Kondar,2025-12-01,2026-06-01,6,632705.8629410216,2.92,h12_v1,2026-05-08 17:00:51.298445
Kondar,Sousse,Kondar,2025-12-01,2026-07-01,7,638325.6758492436,2.92,h12_v1,2026-05-08 17:00:51.298445
Kondar,Sousse,Kondar,2025-12-01,2026-08-01,8,638264.8133036782,2.92,h12_v1,2026-05-08 17:00:51.298445
Kondar,Sousse,Kondar,2025-12-01,2026-09-01,9,631985.5612444798,2.92,h12_v1,2026-05-08 17:00:51.298445
Kondar,Sousse,Kondar,2025-12-01,2026-10-01,10,640466.3488486237,2.92,h12_v1,2026-05-08 17:00:51.298445
Kondar,Sousse,Kondar,2025-12-01,2026-11-01,11,633329.7717538481,2.92,h12_v1,2026-05-08 17:00:51.298445
Kondar,Sousse,Kondar,2025-12-01,2026-12-01,12,628092.4181508251,2.92,h12_v1,2026-05-08 17:00:51.298445
Korba,Nabeul,Korba,2025-12-01,2026-01-01,1,715909.6810303826,2.92,h12_v1,2026-05-08 17:00:51.298445
Korba,Nabeul,Korba,2025-12-01,2026-02-01,2,710275.4328839501,2.92,h12_v1,2026-05-08 17:00:51.298445
Korba,Nabeul,Korba,2025-12-01,2026-03-01,3,709885.5011159828,2.92,h12_v1,2026-05-08 17:00:51.298445
Korba,Nabeul,Korba,2025-12-01,2026-04-01,4,707644.7991399599,2.92,h12_v1,2026-05-08 17:00:51.298445
Korba,Nabeul,Korba,2025-12-01,2026-05-01,5,708581.646283385,2.92,h12_v1,2026-05-08 17:00:51.298445
Korba,Nabeul,Korba,2025-12-01,2026-06-01,6,709287.0317884271,2.92,h12_v1,2026-05-08 17:00:51.298445
Korba,Nabeul,Korba,2025-12-01,2026-07-01,7,707669.3183787127,2.92,h12_v1,2026-05-08 17:00:51.298445
Korba,Nabeul,Korba,2025-12-01,2026-08-01,8,712305.438213087,2.92,h12_v1,2026-05-08 17:00:51.298445
Korba,Nabeul,Korba,2025-12-01,2026-09-01,9,709060.0477612356,2.92,h12_v1,2026-05-08 17:00:51.298445
Korba,Nabeul,Korba,2025-12-01,2026-10-01,10,707404.2780350293,2.92,h12_v1,2026-05-08 17:00:51.298445
Korba,Nabeul,Korba,2025-12-01,2026-11-01,11,714424.1173558289,2.92,h12_v1,2026-05-08 17:00:51.298445
Korba,Nabeul,Korba,2025-12-01,2026-12-01,12,714856.1844231496,2.92,h12_v1,2026-05-08 17:00:51.298445
Ksar Hellal,Monastir,Ksar Hellal,2025-12-01,2026-01-01,1,738481.0677677369,2.92,h12_v1,2026-05-08 17:00:51.298445
Ksar Hellal,Monastir,Ksar Hellal,2025-12-01,2026-02-01,2,736446.3303713086,2.92,h12_v1,2026-05-08 17:00:51.298445
Ksar Hellal,Monastir,Ksar Hellal,2025-12-01,2026-03-01,3,739377.6216344571,2.92,h12_v1,2026-05-08 17:00:51.298445
Ksar Hellal,Monastir,Ksar Hellal,2025-12-01,2026-04-01,4,738230.409512874,2.92,h12_v1,2026-05-08 17:00:51.298445
Ksar Hellal,Monastir,Ksar Hellal,2025-12-01,2026-05-01,5,742215.571193814,2.92,h12_v1,2026-05-08 17:00:51.298445
Ksar Hellal,Monastir,Ksar Hellal,2025-12-01,2026-06-01,6,738292.763686608,2.92,h12_v1,2026-05-08 17:00:51.298445
Ksar Hellal,Monastir,Ksar Hellal,2025-12-01,2026-07-01,7,737697.2021906696,2.92,h12_v1,2026-05-08 17:00:51.298445
Ksar Hellal,Monastir,Ksar Hellal,2025-12-01,2026-08-01,8,741536.1246402104,2.92,h12_v1,2026-05-08 17:00:51.298445
Ksar Hellal,Monastir,Ksar Hellal,2025-12-01,2026-09-01,9,742461.7895751398,2.92,h12_v1,2026-05-08 17:00:51.298445
Ksar Hellal,Monastir,Ksar Hellal,2025-12-01,2026-10-01,10,741094.1269253548,2.92,h12_v1,2026-05-08 17:00:51.298445
Ksar Hellal,Monastir,Ksar Hellal,2025-12-01,2026-11-01,11,740852.6273902525,2.92,h12_v1,2026-05-08 17:00:51.298445
Ksar Hellal,Monastir,Ksar Hellal,2025-12-01,2026-12-01,12,734754.9153106681,2.92,h12_v1,2026-05-08 17:00:51.298445
Ksibet el-Médiouni,Monastir,Ksibet el-Médiouni,2025-12-01,2026-01-01,1,671032.0442041509,2.92,h12_v1,2026-05-08 17:00:51.298445
Ksibet el-Médiouni,Monastir,Ksibet el-Médiouni,2025-12-01,2026-02-01,2,665458.3707823396,2.92,h12_v1,2026-05-08 17:00:51.298445
Ksibet el-Médiouni,Monastir,Ksibet el-Médiouni,2025-12-01,2026-03-01,3,669483.4262336163,2.92,h12_v1,2026-05-08 17:00:51.298445
Ksibet el-Médiouni,Monastir,Ksibet el-Médiouni,2025-12-01,2026-04-01,4,668908.694479284,2.92,h12_v1,2026-05-08 17:00:51.298445
Ksibet el-Médiouni,Monastir,Ksibet el-Médiouni,2025-12-01,2026-05-01,5,671515.2685061947,2.92,h12_v1,2026-05-08 17:00:51.298445
Ksibet el-Médiouni,Monastir,Ksibet el-Médiouni,2025-12-01,2026-06-01,6,664329.8131124141,2.92,h12_v1,2026-05-08 17:00:51.298445
Ksibet el-Médiouni,Monastir,Ksibet el-Médiouni,2025-12-01,2026-07-01,7,673852.6914530989,2.92,h12_v1,2026-05-08 17:00:51.298445
Ksibet el-Médiouni,Monastir,Ksibet el-Médiouni,2025-12-01,2026-08-01,8,669767.6306014393,2.92,h12_v1,2026-05-08 17:00:51.298445
Ksibet el-Médiouni,Monastir,Ksibet el-Médiouni,2025-12-01,2026-09-01,9,665228.5210721368,2.92,h12_v1,2026-05-08 17:00:51.298445
Ksibet el-Médiouni,Monastir,Ksibet el-Médiouni,2025-12-01,2026-10-01,10,665421.5422517656,2.92,h12_v1,2026-05-08 17:00:51.298445
Ksibet el-Médiouni,Monastir,Ksibet el-Médiouni,2025-12-01,2026-11-01,11,670247.0844479736,2.92,h12_v1,2026-05-08 17:00:51.298445
Ksibet el-Médiouni,Monastir,Ksibet el-Médiouni,2025-12-01,2026-12-01,12,668185.8414355422,2.92,h12_v1,2026-05-08 17:00:51.298445
Ksour Essef,Mahdia,Ksour Essef,2025-12-01,2026-01-01,1,758499.6715732047,2.92,h12_v1,2026-05-08 17:00:51.298445
Ksour Essef,Mahdia,Ksour Essef,2025-12-01,2026-02-01,2,755478.9918947351,2.92,h12_v1,2026-05-08 17:00:51.298445
Ksour Essef,Mahdia,Ksour Essef,2025-12-01,2026-03-01,3,758099.1080424493,2.92,h12_v1,2026-05-08 17:00:51.298445
Ksour Essef,Mahdia,Ksour Essef,2025-12-01,2026-04-01,4,757932.7828323434,2.92,h12_v1,2026-05-08 17:00:51.298445
Ksour Essef,Mahdia,Ksour Essef,2025-12-01,2026-05-01,5,750833.3228051278,2.92,h12_v1,2026-05-08 17:00:51.298445
Ksour Essef,Mahdia,Ksour Essef,2025-12-01,2026-06-01,6,754910.1185131503,2.92,h12_v1,2026-05-08 17:00:51.298445
Ksour Essef,Mahdia,Ksour Essef,2025-12-01,2026-07-01,7,758750.1227873198,2.92,h12_v1,2026-05-08 17:00:51.298445
Ksour Essef,Mahdia,Ksour Essef,2025-12-01,2026-08-01,8,758836.2987227602,2.92,h12_v1,2026-05-08 17:00:51.298445
Ksour Essef,Mahdia,Ksour Essef,2025-12-01,2026-09-01,9,747412.5798838098,2.92,h12_v1,2026-05-08 17:00:51.298445
Ksour Essef,Mahdia,Ksour Essef,2025-12-01,2026-10-01,10,756690.9558024941,2.92,h12_v1,2026-05-08 17:00:51.298445
Ksour Essef,Mahdia,Ksour Essef,2025-12-01,2026-11-01,11,758225.5383154291,2.92,h12_v1,2026-05-08 17:00:51.298445
Ksour Essef,Mahdia,Ksour Essef,2025-12-01,2026-12-01,12,760205.2252997365,2.92,h12_v1,2026-05-08 17:00:51.298445
Kébili Nord,Kébili,Kébili Nord,2025-12-01,2026-01-01,1,326601.6445180623,2.92,h12_v1,2026-05-08 17:00:51.298445
Kébili Nord,Kébili,Kébili Nord,2025-12-01,2026-02-01,2,321818.10953366896,2.92,h12_v1,2026-05-08 17:00:51.298445
Kébili Nord,Kébili,Kébili Nord,2025-12-01,2026-03-01,3,323923.6420588791,2.92,h12_v1,2026-05-08 17:00:51.298445
Kébili Nord,Kébili,Kébili Nord,2025-12-01,2026-04-01,4,325603.17124181817,2.92,h12_v1,2026-05-08 17:00:51.298445
Kébili Nord,Kébili,Kébili Nord,2025-12-01,2026-05-01,5,324239.00520061125,2.92,h12_v1,2026-05-08 17:00:51.298445
Kébili Nord,Kébili,Kébili Nord,2025-12-01,2026-06-01,6,321636.0007621088,2.92,h12_v1,2026-05-08 17:00:51.298445
Kébili Nord,Kébili,Kébili Nord,2025-12-01,2026-07-01,7,319453.7722931973,2.92,h12_v1,2026-05-08 17:00:51.298445
Kébili Nord,Kébili,Kébili Nord,2025-12-01,2026-08-01,8,319482.04609421396,2.92,h12_v1,2026-05-08 17:00:51.298445
Kébili Nord,Kébili,Kébili Nord,2025-12-01,2026-09-01,9,321464.639258254,2.92,h12_v1,2026-05-08 17:00:51.298445
Kébili Nord,Kébili,Kébili Nord,2025-12-01,2026-10-01,10,323924.60007894883,2.92,h12_v1,2026-05-08 17:00:51.298445
Kébili Nord,Kébili,Kébili Nord,2025-12-01,2026-11-01,11,323246.1433610085,2.92,h12_v1,2026-05-08 17:00:51.298445
Kébili Nord,Kébili,Kébili Nord,2025-12-01,2026-12-01,12,323874.22327406553,2.92,h12_v1,2026-05-08 17:00:51.298445
Kébili Sud,Kébili,Kébili Sud,2025-12-01,2026-01-01,1,386141.98620515934,2.92,h12_v1,2026-05-08 17:00:51.298445
Kébili Sud,Kébili,Kébili Sud,2025-12-01,2026-02-01,2,390491.00600495236,2.92,h12_v1,2026-05-08 17:00:51.302063
Kébili Sud,Kébili,Kébili Sud,2025-12-01,2026-03-01,3,388205.36851511535,2.92,h12_v1,2026-05-08 17:00:51.302063
Kébili Sud,Kébili,Kébili Sud,2025-12-01,2026-04-01,4,388614.29979603743,2.92,h12_v1,2026-05-08 17:00:51.302063
Kébili Sud,Kébili,Kébili Sud,2025-12-01,2026-05-01,5,391830.62032644294,2.92,h12_v1,2026-05-08 17:00:51.302063
Kébili Sud,Kébili,Kébili Sud,2025-12-01,2026-06-01,6,393814.6992611081,2.92,h12_v1,2026-05-08 17:00:51.302063
Kébili Sud,Kébili,Kébili Sud,2025-12-01,2026-07-01,7,400249.9383619116,2.92,h12_v1,2026-05-08 17:00:51.302063
Kébili Sud,Kébili,Kébili Sud,2025-12-01,2026-08-01,8,387458.57982960116,2.92,h12_v1,2026-05-08 17:00:51.302063
Kébili Sud,Kébili,Kébili Sud,2025-12-01,2026-09-01,9,383312.7989016066,2.92,h12_v1,2026-05-08 17:00:51.302063
Kébili Sud,Kébili,Kébili Sud,2025-12-01,2026-10-01,10,389494.050057407,2.92,h12_v1,2026-05-08 17:00:51.302063
Kébili Sud,Kébili,Kébili Sud,2025-12-01,2026-11-01,11,388085.92338997533,2.92,h12_v1,2026-05-08 17:00:51.302063
Kébili Sud,Kébili,Kébili Sud,2025-12-01,2026-12-01,12,387556.73358555575,2.92,h12_v1,2026-05-08 17:00:51.302063
Kélibia,Nabeul,Kélibia,2025-12-01,2026-01-01,1,830787.6327385405,2.92,h12_v1,2026-05-08 17:00:51.302063
Kélibia,Nabeul,Kélibia,2025-12-01,2026-02-01,2,822231.0508104683,2.92,h12_v1,2026-05-08 17:00:51.302063
Kélibia,Nabeul,Kélibia,2025-12-01,2026-03-01,3,819441.703838715,2.92,h12_v1,2026-05-08 17:00:51.302063
Kélibia,Nabeul,Kélibia,2025-12-01,2026-04-01,4,819475.3576495866,2.92,h12_v1,2026-05-08 17:00:51.302063
Kélibia,Nabeul,Kélibia,2025-12-01,2026-05-01,5,816901.5661245853,2.92,h12_v1,2026-05-08 17:00:51.302063
Kélibia,Nabeul,Kélibia,2025-12-01,2026-06-01,6,821214.5853688036,2.92,h12_v1,2026-05-08 17:00:51.302063
Kélibia,Nabeul,Kélibia,2025-12-01,2026-07-01,7,830763.3380095867,2.92,h12_v1,2026-05-08 17:00:51.302063
Kélibia,Nabeul,Kélibia,2025-12-01,2026-08-01,8,823624.5031467639,2.92,h12_v1,2026-05-08 17:00:51.302063
Kélibia,Nabeul,Kélibia,2025-12-01,2026-09-01,9,822142.2890223073,2.92,h12_v1,2026-05-08 17:00:51.302063
Kélibia,Nabeul,Kélibia,2025-12-01,2026-10-01,10,818866.7168830194,2.92,h12_v1,2026-05-08 17:00:51.302063
Kélibia,Nabeul,Kélibia,2025-12-01,2026-11-01,11,823537.4313838106,2.92,h12_v1,2026-05-08 17:00:51.302063
Kélibia,Nabeul,Kélibia,2025-12-01,2026-12-01,12,822572.3021499682,2.92,h12_v1,2026-05-08 17:00:51.302063
La Goulette,Tunis,La Goulette,2025-12-01,2026-01-01,1,1094257.6750294317,2.92,h12_v1,2026-05-08 17:00:51.302063
La Goulette,Tunis,La Goulette,2025-12-01,2026-02-01,2,1090551.1305874363,2.92,h12_v1,2026-05-08 17:00:51.302063
La Goulette,Tunis,La Goulette,2025-12-01,2026-03-01,3,1092294.7812880264,2.92,h12_v1,2026-05-08 17:00:51.302063
La Goulette,Tunis,La Goulette,2025-12-01,2026-04-01,4,1077289.8055027234,2.92,h12_v1,2026-05-08 17:00:51.302063
La Goulette,Tunis,La Goulette,2025-12-01,2026-05-01,5,1084924.0120222205,2.92,h12_v1,2026-05-08 17:00:51.302063
La Goulette,Tunis,La Goulette,2025-12-01,2026-06-01,6,1091944.9946652863,2.92,h12_v1,2026-05-08 17:00:51.302063
La Goulette,Tunis,La Goulette,2025-12-01,2026-07-01,7,1096310.7712009302,2.92,h12_v1,2026-05-08 17:00:51.306541
La Goulette,Tunis,La Goulette,2025-12-01,2026-08-01,8,1099030.0896539593,2.92,h12_v1,2026-05-08 17:00:51.306541
La Goulette,Tunis,La Goulette,2025-12-01,2026-09-01,9,1098943.1643013356,2.92,h12_v1,2026-05-08 17:00:51.306541
La Goulette,Tunis,La Goulette,2025-12-01,2026-10-01,10,1090672.108772756,2.92,h12_v1,2026-05-08 17:00:51.306541
La Goulette,Tunis,La Goulette,2025-12-01,2026-11-01,11,1087514.4731088565,2.92,h12_v1,2026-05-08 17:00:51.306541
La Goulette,Tunis,La Goulette,2025-12-01,2026-12-01,12,1095694.6904365292,2.92,h12_v1,2026-05-08 17:00:51.306541
La Manouba,La Manouba,La Manouba,2025-12-01,2026-01-01,1,507982.20898024144,2.92,h12_v1,2026-05-08 17:00:51.306541
La Manouba,La Manouba,La Manouba,2025-12-01,2026-02-01,2,513803.57458414265,2.92,h12_v1,2026-05-08 17:00:51.306541
La Manouba,La Manouba,La Manouba,2025-12-01,2026-03-01,3,512457.0890584787,2.92,h12_v1,2026-05-08 17:00:51.306541
La Manouba,La Manouba,La Manouba,2025-12-01,2026-04-01,4,509382.62077059713,2.92,h12_v1,2026-05-08 17:00:51.306541
La Manouba,La Manouba,La Manouba,2025-12-01,2026-05-01,5,510084.9138442558,2.92,h12_v1,2026-05-08 17:00:51.306541
La Manouba,La Manouba,La Manouba,2025-12-01,2026-06-01,6,514242.53205531277,2.92,h12_v1,2026-05-08 17:00:51.306541
La Manouba,La Manouba,La Manouba,2025-12-01,2026-07-01,7,510288.5390098311,2.92,h12_v1,2026-05-08 17:00:51.306541
La Manouba,La Manouba,La Manouba,2025-12-01,2026-08-01,8,511141.6515741362,2.92,h12_v1,2026-05-08 17:00:51.306541
La Manouba,La Manouba,La Manouba,2025-12-01,2026-09-01,9,506741.22614657745,2.92,h12_v1,2026-05-08 17:00:51.306541
La Manouba,La Manouba,La Manouba,2025-12-01,2026-10-01,10,511985.6215537476,2.92,h12_v1,2026-05-08 17:00:51.306541
La Manouba,La Manouba,La Manouba,2025-12-01,2026-11-01,11,513454.4453837418,2.92,h12_v1,2026-05-08 17:00:51.306541
La Manouba,La Manouba,La Manouba,2025-12-01,2026-12-01,12,514908.69318980846,2.92,h12_v1,2026-05-08 17:00:51.306541
La Marsa,Tunis,La Marsa,2025-12-01,2026-01-01,1,1036587.8844389664,2.92,h12_v1,2026-05-08 17:00:51.306541
La Marsa,Tunis,La Marsa,2025-12-01,2026-02-01,2,1049490.683379764,2.92,h12_v1,2026-05-08 17:00:51.306541
La Marsa,Tunis,La Marsa,2025-12-01,2026-03-01,3,1036388.3192920164,2.92,h12_v1,2026-05-08 17:00:51.306541
La Marsa,Tunis,La Marsa,2025-12-01,2026-04-01,4,1028183.1311372805,2.92,h12_v1,2026-05-08 17:00:51.306541
La Marsa,Tunis,La Marsa,2025-12-01,2026-05-01,5,1040481.6669100081,2.92,h12_v1,2026-05-08 17:00:51.306541
La Marsa,Tunis,La Marsa,2025-12-01,2026-06-01,6,1039557.9813330218,2.92,h12_v1,2026-05-08 17:00:51.306541
La Marsa,Tunis,La Marsa,2025-12-01,2026-07-01,7,1028225.0156099095,2.92,h12_v1,2026-05-08 17:00:51.306541
La Marsa,Tunis,La Marsa,2025-12-01,2026-08-01,8,1019238.3882842615,2.92,h12_v1,2026-05-08 17:00:51.306541
La Marsa,Tunis,La Marsa,2025-12-01,2026-09-01,9,1029679.062849987,2.92,h12_v1,2026-05-08 17:00:51.306541
La Marsa,Tunis,La Marsa,2025-12-01,2026-10-01,10,1031540.4952870541,2.92,h12_v1,2026-05-08 17:00:51.306541
La Marsa,Tunis,La Marsa,2025-12-01,2026-11-01,11,1029280.6733991486,2.92,h12_v1,2026-05-08 17:00:51.306541
La Marsa,Tunis,La Marsa,2025-12-01,2026-12-01,12,1038881.9440544731,2.92,h12_v1,2026-05-08 17:00:51.306541
La Soukra,Ariana,La Soukra,2025-12-01,2026-01-01,1,948016.7944335537,2.92,h12_v1,2026-05-08 17:00:51.306541
La Soukra,Ariana,La Soukra,2025-12-01,2026-02-01,2,945890.2416221739,2.92,h12_v1,2026-05-08 17:00:51.306541
La Soukra,Ariana,La Soukra,2025-12-01,2026-03-01,3,949116.932786607,2.92,h12_v1,2026-05-08 17:00:51.306541
La Soukra,Ariana,La Soukra,2025-12-01,2026-04-01,4,928184.4182650456,2.92,h12_v1,2026-05-08 17:00:51.306541
La Soukra,Ariana,La Soukra,2025-12-01,2026-05-01,5,953665.4425269307,2.92,h12_v1,2026-05-08 17:00:51.306541
La Soukra,Ariana,La Soukra,2025-12-01,2026-06-01,6,932757.6325476326,2.92,h12_v1,2026-05-08 17:00:51.306541
La Soukra,Ariana,La Soukra,2025-12-01,2026-07-01,7,939731.7478807871,2.92,h12_v1,2026-05-08 17:00:51.306541
La Soukra,Ariana,La Soukra,2025-12-01,2026-08-01,8,927066.1382675212,2.92,h12_v1,2026-05-08 17:00:51.306541
La Soukra,Ariana,La Soukra,2025-12-01,2026-09-01,9,933855.3389952533,2.92,h12_v1,2026-05-08 17:00:51.306541
La Soukra,Ariana,La Soukra,2025-12-01,2026-10-01,10,926419.0179554479,2.92,h12_v1,2026-05-08 17:00:51.306541
La Soukra,Ariana,La Soukra,2025-12-01,2026-11-01,11,928513.6582363758,2.92,h12_v1,2026-05-08 17:00:51.306541
La Soukra,Ariana,La Soukra,2025-12-01,2026-12-01,12,939633.3733144398,2.92,h12_v1,2026-05-08 17:00:51.306541
Le Bardo,Tunis,Le Bardo,2025-12-01,2026-01-01,1,1076336.7758338023,2.92,h12_v1,2026-05-08 17:00:51.306541
Le Bardo,Tunis,Le Bardo,2025-12-01,2026-02-01,2,1069048.9766506364,2.92,h12_v1,2026-05-08 17:00:51.306541
Le Bardo,Tunis,Le Bardo,2025-12-01,2026-03-01,3,1070890.6047071673,2.92,h12_v1,2026-05-08 17:00:51.306541
Le Bardo,Tunis,Le Bardo,2025-12-01,2026-04-01,4,1048328.6267152425,2.92,h12_v1,2026-05-08 17:00:51.306541
Le Bardo,Tunis,Le Bardo,2025-12-01,2026-05-01,5,1062872.6203960585,2.92,h12_v1,2026-05-08 17:00:51.306541
Le Bardo,Tunis,Le Bardo,2025-12-01,2026-06-01,6,1066638.1109897126,2.92,h12_v1,2026-05-08 17:00:51.306541
Le Bardo,Tunis,Le Bardo,2025-12-01,2026-07-01,7,1063062.555919488,2.92,h12_v1,2026-05-08 17:00:51.306541
Le Bardo,Tunis,Le Bardo,2025-12-01,2026-08-01,8,1073282.5707448209,2.92,h12_v1,2026-05-08 17:00:51.306541
Le Bardo,Tunis,Le Bardo,2025-12-01,2026-09-01,9,1077453.2607233876,2.92,h12_v1,2026-05-08 17:00:51.306541
Le Bardo,Tunis,Le Bardo,2025-12-01,2026-10-01,10,1068727.5480647425,2.92,h12_v1,2026-05-08 17:00:51.306541
Le Bardo,Tunis,Le Bardo,2025-12-01,2026-11-01,11,1065095.9678664692,2.92,h12_v1,2026-05-08 17:00:51.306541
Le Bardo,Tunis,Le Bardo,2025-12-01,2026-12-01,12,1078361.0953681157,2.92,h12_v1,2026-05-08 17:00:51.306541
Le Kram,Tunis,Le Kram,2025-12-01,2026-01-01,1,1661196.913143216,2.92,h12_v1,2026-05-08 17:00:51.306541
Le Kram,Tunis,Le Kram,2025-12-01,2026-02-01,2,1648414.8984978274,2.92,h12_v1,2026-05-08 17:00:51.306541
Le Kram,Tunis,Le Kram,2025-12-01,2026-03-01,3,1656825.340751786,2.92,h12_v1,2026-05-08 17:00:51.306541
Le Kram,Tunis,Le Kram,2025-12-01,2026-04-01,4,1643926.0331203477,2.92,h12_v1,2026-05-08 17:00:51.306541
Le Kram,Tunis,Le Kram,2025-12-01,2026-05-01,5,1648322.2346069354,2.92,h12_v1,2026-05-08 17:00:51.306541
Le Kram,Tunis,Le Kram,2025-12-01,2026-06-01,6,1650459.3876710283,2.92,h12_v1,2026-05-08 17:00:51.306541
Le Kram,Tunis,Le Kram,2025-12-01,2026-07-01,7,1662314.0843525408,2.92,h12_v1,2026-05-08 17:00:51.306541
Le Kram,Tunis,Le Kram,2025-12-01,2026-08-01,8,1682772.1738240216,2.92,h12_v1,2026-05-08 17:00:51.306541
Le Kram,Tunis,Le Kram,2025-12-01,2026-09-01,9,1680112.9958463656,2.92,h12_v1,2026-05-08 17:00:51.306541
Le Kram,Tunis,Le Kram,2025-12-01,2026-10-01,10,1667296.3113475144,2.92,h12_v1,2026-05-08 17:00:51.306541
Le Kram,Tunis,Le Kram,2025-12-01,2026-11-01,11,1659169.0738131574,2.92,h12_v1,2026-05-08 17:00:51.306541
Le Kram,Tunis,Le Kram,2025-12-01,2026-12-01,12,1657596.677945969,2.92,h12_v1,2026-05-08 17:00:51.306541
M'saken,Sousse,M'saken,2025-12-01,2026-01-01,1,728447.0387231384,2.92,h12_v1,2026-05-08 17:00:51.306541
M'saken,Sousse,M'saken,2025-12-01,2026-02-01,2,730214.8670130139,2.92,h12_v1,2026-05-08 17:00:51.306541
M'saken,Sousse,M'saken,2025-12-01,2026-03-01,3,732427.9978274569,2.92,h12_v1,2026-05-08 17:00:51.306541
M'saken,Sousse,M'saken,2025-12-01,2026-04-01,4,732495.9260545487,2.92,h12_v1,2026-05-08 17:00:51.306541
M'saken,Sousse,M'saken,2025-12-01,2026-05-01,5,730792.555230731,2.92,h12_v1,2026-05-08 17:00:51.306541
M'saken,Sousse,M'saken,2025-12-01,2026-06-01,6,733259.3428407969,2.92,h12_v1,2026-05-08 17:00:51.306541
M'saken,Sousse,M'saken,2025-12-01,2026-07-01,7,731442.8085879332,2.92,h12_v1,2026-05-08 17:00:51.306541
M'saken,Sousse,M'saken,2025-12-01,2026-08-01,8,743134.4523016845,2.92,h12_v1,2026-05-08 17:00:51.306541
M'saken,Sousse,M'saken,2025-12-01,2026-09-01,9,732504.1813159068,2.92,h12_v1,2026-05-08 17:00:51.306541
M'saken,Sousse,M'saken,2025-12-01,2026-10-01,10,737073.0138759139,2.92,h12_v1,2026-05-08 17:00:51.306541
M'saken,Sousse,M'saken,2025-12-01,2026-11-01,11,735714.6787126438,2.92,h12_v1,2026-05-08 17:00:51.306541
M'saken,Sousse,M'saken,2025-12-01,2026-12-01,12,738867.5859517792,2.92,h12_v1,2026-05-08 17:00:51.306541
Mahdia,Mahdia,Mahdia,2025-12-01,2026-01-01,1,571054.6063268146,2.92,h12_v1,2026-05-08 17:00:51.306541
Mahdia,Mahdia,Mahdia,2025-12-01,2026-02-01,2,575736.8956131682,2.92,h12_v1,2026-05-08 17:00:51.306541
Mahdia,Mahdia,Mahdia,2025-12-01,2026-03-01,3,569780.2854655149,2.92,h12_v1,2026-05-08 17:00:51.306541
Mahdia,Mahdia,Mahdia,2025-12-01,2026-04-01,4,581989.6070271649,2.92,h12_v1,2026-05-08 17:00:51.306541
Mahdia,Mahdia,Mahdia,2025-12-01,2026-05-01,5,585461.3241810338,2.92,h12_v1,2026-05-08 17:00:51.306541
Mahdia,Mahdia,Mahdia,2025-12-01,2026-06-01,6,577217.4994867698,2.92,h12_v1,2026-05-08 17:00:51.306541
Mahdia,Mahdia,Mahdia,2025-12-01,2026-07-01,7,580833.5958816556,2.92,h12_v1,2026-05-08 17:00:51.306541
Mahdia,Mahdia,Mahdia,2025-12-01,2026-08-01,8,576621.3667620991,2.92,h12_v1,2026-05-08 17:00:51.306541
Mahdia,Mahdia,Mahdia,2025-12-01,2026-09-01,9,588350.0189772749,2.92,h12_v1,2026-05-08 17:00:51.306541
Mahdia,Mahdia,Mahdia,2025-12-01,2026-10-01,10,579684.8978077796,2.92,h12_v1,2026-05-08 17:00:51.306541
Mahdia,Mahdia,Mahdia,2025-12-01,2026-11-01,11,583058.596722605,2.92,h12_v1,2026-05-08 17:00:51.306541
Mahdia,Mahdia,Mahdia,2025-12-01,2026-12-01,12,579932.2561676651,2.92,h12_v1,2026-05-08 17:00:51.306541
Mahrès,Sfax,Mahrès,2025-12-01,2026-01-01,1,860007.663534903,2.92,h12_v1,2026-05-08 17:00:51.306541
Mahrès,Sfax,Mahrès,2025-12-01,2026-02-01,2,858916.1696411228,2.92,h12_v1,2026-05-08 17:00:51.306541
Mahrès,Sfax,Mahrès,2025-12-01,2026-03-01,3,867386.4626358644,2.92,h12_v1,2026-05-08 17:00:51.306541
Mahrès,Sfax,Mahrès,2025-12-01,2026-04-01,4,869170.8308379329,2.92,h12_v1,2026-05-08 17:00:51.306541
Mahrès,Sfax,Mahrès,2025-12-01,2026-05-01,5,866856.2662794782,2.92,h12_v1,2026-05-08 17:00:51.306541
Mahrès,Sfax,Mahrès,2025-12-01,2026-06-01,6,866173.5435191594,2.92,h12_v1,2026-05-08 17:00:51.306541
Mahrès,Sfax,Mahrès,2025-12-01,2026-07-01,7,849137.5884204365,2.92,h12_v1,2026-05-08 17:00:51.306541
Mahrès,Sfax,Mahrès,2025-12-01,2026-08-01,8,851691.7154565412,2.92,h12_v1,2026-05-08 17:00:51.306541
Mahrès,Sfax,Mahrès,2025-12-01,2026-09-01,9,857406.4499519714,2.92,h12_v1,2026-05-08 17:00:51.306541
Mahrès,Sfax,Mahrès,2025-12-01,2026-10-01,10,855598.9370519865,2.92,h12_v1,2026-05-08 17:00:51.306541
Mahrès,Sfax,Mahrès,2025-12-01,2026-11-01,11,850994.5355824165,2.92,h12_v1,2026-05-08 17:00:51.306541
Mahrès,Sfax,Mahrès,2025-12-01,2026-12-01,12,856530.6336179614,2.92,h12_v1,2026-05-08 17:00:51.306541
Majel Bel Abbès,Kasserine,Majel Bel Abbès,2025-12-01,2026-01-01,1,434824.5131814854,2.92,h12_v1,2026-05-08 17:00:51.306541
Majel Bel Abbès,Kasserine,Majel Bel Abbès,2025-12-01,2026-02-01,2,436259.4992196198,2.92,h12_v1,2026-05-08 17:00:51.306541
Majel Bel Abbès,Kasserine,Majel Bel Abbès,2025-12-01,2026-03-01,3,435832.7678616462,2.92,h12_v1,2026-05-08 17:00:51.306541
Majel Bel Abbès,Kasserine,Majel Bel Abbès,2025-12-01,2026-04-01,4,432592.64694749174,2.92,h12_v1,2026-05-08 17:00:51.306541
Majel Bel Abbès,Kasserine,Majel Bel Abbès,2025-12-01,2026-05-01,5,435757.8998708118,2.92,h12_v1,2026-05-08 17:00:51.306541
Majel Bel Abbès,Kasserine,Majel Bel Abbès,2025-12-01,2026-06-01,6,435394.4171174898,2.92,h12_v1,2026-05-08 17:00:51.306541
Majel Bel Abbès,Kasserine,Majel Bel Abbès,2025-12-01,2026-07-01,7,432455.73532299785,2.92,h12_v1,2026-05-08 17:00:51.306541
Majel Bel Abbès,Kasserine,Majel Bel Abbès,2025-12-01,2026-08-01,8,432535.93213199626,2.92,h12_v1,2026-05-08 17:00:51.306541
Majel Bel Abbès,Kasserine,Majel Bel Abbès,2025-12-01,2026-09-01,9,435622.0461841196,2.92,h12_v1,2026-05-08 17:00:51.306541
Majel Bel Abbès,Kasserine,Majel Bel Abbès,2025-12-01,2026-10-01,10,437517.8347440271,2.92,h12_v1,2026-05-08 17:00:51.306541
Majel Bel Abbès,Kasserine,Majel Bel Abbès,2025-12-01,2026-11-01,11,436531.26638886594,2.92,h12_v1,2026-05-08 17:00:51.306541
Majel Bel Abbès,Kasserine,Majel Bel Abbès,2025-12-01,2026-12-01,12,433869.80872843665,2.92,h12_v1,2026-05-08 17:00:51.306541
Makthar,Siliana,Makthar,2025-12-01,2026-01-01,1,524016.6251946443,2.92,h12_v1,2026-05-08 17:00:51.306541
Makthar,Siliana,Makthar,2025-12-01,2026-02-01,2,521622.54656745837,2.92,h12_v1,2026-05-08 17:00:51.306541
Makthar,Siliana,Makthar,2025-12-01,2026-03-01,3,521514.81717013463,2.92,h12_v1,2026-05-08 17:00:51.306541
Makthar,Siliana,Makthar,2025-12-01,2026-04-01,4,520121.1044175062,2.92,h12_v1,2026-05-08 17:00:51.306541
Makthar,Siliana,Makthar,2025-12-01,2026-05-01,5,521674.26385795313,2.92,h12_v1,2026-05-08 17:00:51.306541
Makthar,Siliana,Makthar,2025-12-01,2026-06-01,6,525672.4775085453,2.92,h12_v1,2026-05-08 17:00:51.306541
Makthar,Siliana,Makthar,2025-12-01,2026-07-01,7,523845.52790474176,2.92,h12_v1,2026-05-08 17:00:51.306541
Makthar,Siliana,Makthar,2025-12-01,2026-08-01,8,528568.0592436192,2.92,h12_v1,2026-05-08 17:00:51.306541
Makthar,Siliana,Makthar,2025-12-01,2026-09-01,9,529796.5104239361,2.92,h12_v1,2026-05-08 17:00:51.306541
Makthar,Siliana,Makthar,2025-12-01,2026-10-01,10,529657.5538798395,2.92,h12_v1,2026-05-08 17:00:51.306541
Makthar,Siliana,Makthar,2025-12-01,2026-11-01,11,530700.9753646735,2.92,h12_v1,2026-05-08 17:00:51.306541
Makthar,Siliana,Makthar,2025-12-01,2026-12-01,12,526025.4669054676,2.92,h12_v1,2026-05-08 17:00:51.306541
Mareth-Dkhila,Gabès,Mareth-Dkhila,2025-12-01,2026-01-01,1,661698.2272062922,2.92,h12_v1,2026-05-08 17:00:51.306541
Mareth-Dkhila,Gabès,Mareth-Dkhila,2025-12-01,2026-02-01,2,659965.7990815964,2.92,h12_v1,2026-05-08 17:00:51.306541
Mareth-Dkhila,Gabès,Mareth-Dkhila,2025-12-01,2026-03-01,3,655016.8435369681,2.92,h12_v1,2026-05-08 17:00:51.306541
Mareth-Dkhila,Gabès,Mareth-Dkhila,2025-12-01,2026-04-01,4,656660.2649883353,2.92,h12_v1,2026-05-08 17:00:51.306541
Mareth-Dkhila,Gabès,Mareth-Dkhila,2025-12-01,2026-05-01,5,656955.1458065601,2.92,h12_v1,2026-05-08 17:00:51.306541
Mareth-Dkhila,Gabès,Mareth-Dkhila,2025-12-01,2026-06-01,6,654610.3894129249,2.92,h12_v1,2026-05-08 17:00:51.306541
Mareth-Dkhila,Gabès,Mareth-Dkhila,2025-12-01,2026-07-01,7,656845.4277920286,2.92,h12_v1,2026-05-08 17:00:51.306541
Mareth-Dkhila,Gabès,Mareth-Dkhila,2025-12-01,2026-08-01,8,660445.4820799611,2.92,h12_v1,2026-05-08 17:00:51.306541
Mareth-Dkhila,Gabès,Mareth-Dkhila,2025-12-01,2026-09-01,9,657354.4533556439,2.92,h12_v1,2026-05-08 17:00:51.306541
Mareth-Dkhila,Gabès,Mareth-Dkhila,2025-12-01,2026-10-01,10,656786.5406346741,2.92,h12_v1,2026-05-08 17:00:51.306541
Mareth-Dkhila,Gabès,Mareth-Dkhila,2025-12-01,2026-11-01,11,651818.0730807123,2.92,h12_v1,2026-05-08 17:00:51.306541
Mareth-Dkhila,Gabès,Mareth-Dkhila,2025-12-01,2026-12-01,12,652725.481523585,2.92,h12_v1,2026-05-08 17:00:51.306541
Mateur,Bizerte,Mateur,2025-12-01,2026-01-01,1,757692.646958888,2.92,h12_v1,2026-05-08 17:00:51.306541
Mateur,Bizerte,Mateur,2025-12-01,2026-02-01,2,753987.741547659,2.92,h12_v1,2026-05-08 17:00:51.306541
Mateur,Bizerte,Mateur,2025-12-01,2026-03-01,3,754455.9731035087,2.92,h12_v1,2026-05-08 17:00:51.306541
Mateur,Bizerte,Mateur,2025-12-01,2026-04-01,4,753458.7471763445,2.92,h12_v1,2026-05-08 17:00:51.306541
Mateur,Bizerte,Mateur,2025-12-01,2026-05-01,5,743048.8855062102,2.92,h12_v1,2026-05-08 17:00:51.306541
Mateur,Bizerte,Mateur,2025-12-01,2026-06-01,6,753731.5004130161,2.92,h12_v1,2026-05-08 17:00:51.306541
Mateur,Bizerte,Mateur,2025-12-01,2026-07-01,7,752747.7387514357,2.92,h12_v1,2026-05-08 17:00:51.306541
Mateur,Bizerte,Mateur,2025-12-01,2026-08-01,8,756329.9216235307,2.92,h12_v1,2026-05-08 17:00:51.306541
Mateur,Bizerte,Mateur,2025-12-01,2026-09-01,9,762024.1459121861,2.92,h12_v1,2026-05-08 17:00:51.306541
Mateur,Bizerte,Mateur,2025-12-01,2026-10-01,10,766986.1797829779,2.92,h12_v1,2026-05-08 17:00:51.306541
Mateur,Bizerte,Mateur,2025-12-01,2026-11-01,11,762047.7879267191,2.92,h12_v1,2026-05-08 17:00:51.306541
Mateur,Bizerte,Mateur,2025-12-01,2026-12-01,12,760038.0243290262,2.92,h12_v1,2026-05-08 17:00:51.306541
Matmata,Gabès,Matmata,2025-12-01,2026-01-01,1,563621.0297011127,2.92,h12_v1,2026-05-08 17:00:51.306541
Matmata,Gabès,Matmata,2025-12-01,2026-02-01,2,567993.7703457916,2.92,h12_v1,2026-05-08 17:00:51.306541
Matmata,Gabès,Matmata,2025-12-01,2026-03-01,3,567999.3128874445,2.92,h12_v1,2026-05-08 17:00:51.306541
Matmata,Gabès,Matmata,2025-12-01,2026-04-01,4,566164.5129869644,2.92,h12_v1,2026-05-08 17:00:51.306541
Matmata,Gabès,Matmata,2025-12-01,2026-05-01,5,566133.8944033167,2.92,h12_v1,2026-05-08 17:00:51.306541
Matmata,Gabès,Matmata,2025-12-01,2026-06-01,6,571153.661006865,2.92,h12_v1,2026-05-08 17:00:51.306541
Matmata,Gabès,Matmata,2025-12-01,2026-07-01,7,570759.5991191606,2.92,h12_v1,2026-05-08 17:00:51.306541
Matmata,Gabès,Matmata,2025-12-01,2026-08-01,8,570809.4795951906,2.92,h12_v1,2026-05-08 17:00:51.306541
Matmata,Gabès,Matmata,2025-12-01,2026-09-01,9,574151.7367232755,2.92,h12_v1,2026-05-08 17:00:51.306541
Matmata,Gabès,Matmata,2025-12-01,2026-10-01,10,567324.906851336,2.92,h12_v1,2026-05-08 17:00:51.306541
Matmata,Gabès,Matmata,2025-12-01,2026-11-01,11,572197.2855072735,2.92,h12_v1,2026-05-08 17:00:51.306541
Matmata,Gabès,Matmata,2025-12-01,2026-12-01,12,566437.2106202295,2.92,h12_v1,2026-05-08 17:00:51.306541
Mdhilla,Gafsa,Mdhilla,2025-12-01,2026-01-01,1,505998.81009928486,2.92,h12_v1,2026-05-08 17:00:51.306541
Mdhilla,Gafsa,Mdhilla,2025-12-01,2026-02-01,2,509401.40774425596,2.92,h12_v1,2026-05-08 17:00:51.306541
Mdhilla,Gafsa,Mdhilla,2025-12-01,2026-03-01,3,511618.4022213651,2.92,h12_v1,2026-05-08 17:00:51.306541
Mdhilla,Gafsa,Mdhilla,2025-12-01,2026-04-01,4,509106.339374256,2.92,h12_v1,2026-05-08 17:00:51.306541
Mdhilla,Gafsa,Mdhilla,2025-12-01,2026-05-01,5,511152.34828633274,2.92,h12_v1,2026-05-08 17:00:51.306541
Mdhilla,Gafsa,Mdhilla,2025-12-01,2026-06-01,6,509819.53055743786,2.92,h12_v1,2026-05-08 17:00:51.306541
Mdhilla,Gafsa,Mdhilla,2025-12-01,2026-07-01,7,508444.1589734267,2.92,h12_v1,2026-05-08 17:00:51.306541
Mdhilla,Gafsa,Mdhilla,2025-12-01,2026-08-01,8,511091.4135436524,2.92,h12_v1,2026-05-08 17:00:51.306541
Mdhilla,Gafsa,Mdhilla,2025-12-01,2026-09-01,9,510714.75790815044,2.92,h12_v1,2026-05-08 17:00:51.306541
Mdhilla,Gafsa,Mdhilla,2025-12-01,2026-10-01,10,511015.3848797208,2.92,h12_v1,2026-05-08 17:00:51.306541
Mdhilla,Gafsa,Mdhilla,2025-12-01,2026-11-01,11,513167.68479712284,2.92,h12_v1,2026-05-08 17:00:51.306541
Mdhilla,Gafsa,Mdhilla,2025-12-01,2026-12-01,12,511293.717261186,2.92,h12_v1,2026-05-08 17:00:51.306541
Medina Jedida,Ben Arous,Medina Jedida,2025-12-01,2026-01-01,1,829234.8334485274,2.92,h12_v1,2026-05-08 17:00:51.306541
Medina Jedida,Ben Arous,Medina Jedida,2025-12-01,2026-02-01,2,823103.7312809519,2.92,h12_v1,2026-05-08 17:00:51.306541
Medina Jedida,Ben Arous,Medina Jedida,2025-12-01,2026-03-01,3,832438.430096274,2.92,h12_v1,2026-05-08 17:00:51.306541
Medina Jedida,Ben Arous,Medina Jedida,2025-12-01,2026-04-01,4,827601.0345839632,2.92,h12_v1,2026-05-08 17:00:51.306541
Medina Jedida,Ben Arous,Medina Jedida,2025-12-01,2026-05-01,5,828280.4669335985,2.92,h12_v1,2026-05-08 17:00:51.306541
Medina Jedida,Ben Arous,Medina Jedida,2025-12-01,2026-06-01,6,824382.0216748449,2.92,h12_v1,2026-05-08 17:00:51.306541
Medina Jedida,Ben Arous,Medina Jedida,2025-12-01,2026-07-01,7,827197.6263039191,2.92,h12_v1,2026-05-08 17:00:51.306541
Medina Jedida,Ben Arous,Medina Jedida,2025-12-01,2026-08-01,8,825328.0560787158,2.92,h12_v1,2026-05-08 17:00:51.306541
Medina Jedida,Ben Arous,Medina Jedida,2025-12-01,2026-09-01,9,825803.1206221923,2.92,h12_v1,2026-05-08 17:00:51.306541
Medina Jedida,Ben Arous,Medina Jedida,2025-12-01,2026-10-01,10,831496.6761990791,2.92,h12_v1,2026-05-08 17:00:51.306541
Medina Jedida,Ben Arous,Medina Jedida,2025-12-01,2026-11-01,11,828761.4421129732,2.92,h12_v1,2026-05-08 17:00:51.306541
Medina Jedida,Ben Arous,Medina Jedida,2025-12-01,2026-12-01,12,829340.1102285509,2.92,h12_v1,2026-05-08 17:00:51.306541
Medjez el-Bab,Béja,Medjez el-Bab,2025-12-01,2026-01-01,1,341068.6417215484,2.92,h12_v1,2026-05-08 17:00:51.306541
Medjez el-Bab,Béja,Medjez el-Bab,2025-12-01,2026-02-01,2,342381.97901275795,2.92,h12_v1,2026-05-08 17:00:51.306541
Medjez el-Bab,Béja,Medjez el-Bab,2025-12-01,2026-03-01,3,343207.7182590746,2.92,h12_v1,2026-05-08 17:00:51.306541
Medjez el-Bab,Béja,Medjez el-Bab,2025-12-01,2026-04-01,4,338009.05212283146,2.92,h12_v1,2026-05-08 17:00:51.306541
Medjez el-Bab,Béja,Medjez el-Bab,2025-12-01,2026-05-01,5,340470.800066965,2.92,h12_v1,2026-05-08 17:00:51.306541
Medjez el-Bab,Béja,Medjez el-Bab,2025-12-01,2026-06-01,6,340071.6743258288,2.92,h12_v1,2026-05-08 17:00:51.306541
Medjez el-Bab,Béja,Medjez el-Bab,2025-12-01,2026-07-01,7,340999.80568599614,2.92,h12_v1,2026-05-08 17:00:51.306541
Medjez el-Bab,Béja,Medjez el-Bab,2025-12-01,2026-08-01,8,340522.5955631606,2.92,h12_v1,2026-05-08 17:00:51.306541
Medjez el-Bab,Béja,Medjez el-Bab,2025-12-01,2026-09-01,9,340536.3034676158,2.92,h12_v1,2026-05-08 17:00:51.306541
Medjez el-Bab,Béja,Medjez el-Bab,2025-12-01,2026-10-01,10,343515.12135717034,2.92,h12_v1,2026-05-08 17:00:51.306541
Medjez el-Bab,Béja,Medjez el-Bab,2025-12-01,2026-11-01,11,339782.4584161088,2.92,h12_v1,2026-05-08 17:00:51.306541
Medjez el-Bab,Béja,Medjez el-Bab,2025-12-01,2026-12-01,12,340581.997976586,2.92,h12_v1,2026-05-08 17:00:51.306541
Meknassy,Sidi Bouzid,Meknassy,2025-12-01,2026-01-01,1,243236.10892018813,2.92,h12_v1,2026-05-08 17:00:51.314981
Meknassy,Sidi Bouzid,Meknassy,2025-12-01,2026-02-01,2,245843.82035391135,2.92,h12_v1,2026-05-08 17:00:51.314981
Meknassy,Sidi Bouzid,Meknassy,2025-12-01,2026-03-01,3,246014.1309607368,2.92,h12_v1,2026-05-08 17:00:51.314981
Meknassy,Sidi Bouzid,Meknassy,2025-12-01,2026-04-01,4,246196.3472040694,2.92,h12_v1,2026-05-08 17:00:51.314981
Meknassy,Sidi Bouzid,Meknassy,2025-12-01,2026-05-01,5,246579.66187088497,2.92,h12_v1,2026-05-08 17:00:51.314981
Meknassy,Sidi Bouzid,Meknassy,2025-12-01,2026-06-01,6,243548.239518464,2.92,h12_v1,2026-05-08 17:00:51.314981
Meknassy,Sidi Bouzid,Meknassy,2025-12-01,2026-07-01,7,241023.7702008329,2.92,h12_v1,2026-05-08 17:00:51.314981
Meknassy,Sidi Bouzid,Meknassy,2025-12-01,2026-08-01,8,243195.42645860816,2.92,h12_v1,2026-05-08 17:00:51.314981
Meknassy,Sidi Bouzid,Meknassy,2025-12-01,2026-09-01,9,243225.49022728842,2.92,h12_v1,2026-05-08 17:00:51.314981
Meknassy,Sidi Bouzid,Meknassy,2025-12-01,2026-10-01,10,243209.86221791277,2.92,h12_v1,2026-05-08 17:00:51.314981
Meknassy,Sidi Bouzid,Meknassy,2025-12-01,2026-11-01,11,241964.92412117703,2.92,h12_v1,2026-05-08 17:00:51.314981
Meknassy,Sidi Bouzid,Meknassy,2025-12-01,2026-12-01,12,243633.00541792615,2.92,h12_v1,2026-05-08 17:00:51.314981
Melloulèche,Mahdia,Melloulèche,2025-12-01,2026-01-01,1,618646.9013077558,2.92,h12_v1,2026-05-08 17:00:51.314981
Melloulèche,Mahdia,Melloulèche,2025-12-01,2026-02-01,2,613150.1298764774,2.92,h12_v1,2026-05-08 17:00:51.314981
Melloulèche,Mahdia,Melloulèche,2025-12-01,2026-03-01,3,615368.6936099434,2.92,h12_v1,2026-05-08 17:00:51.314981
Melloulèche,Mahdia,Melloulèche,2025-12-01,2026-04-01,4,614105.402099073,2.92,h12_v1,2026-05-08 17:00:51.314981
Melloulèche,Mahdia,Melloulèche,2025-12-01,2026-05-01,5,616785.7795890721,2.92,h12_v1,2026-05-08 17:00:51.314981
Melloulèche,Mahdia,Melloulèche,2025-12-01,2026-06-01,6,618363.0512724804,2.92,h12_v1,2026-05-08 17:00:51.314981
Melloulèche,Mahdia,Melloulèche,2025-12-01,2026-07-01,7,613401.1029832484,2.92,h12_v1,2026-05-08 17:00:51.314981
Melloulèche,Mahdia,Melloulèche,2025-12-01,2026-08-01,8,615161.7314756119,2.92,h12_v1,2026-05-08 17:00:51.314981
Melloulèche,Mahdia,Melloulèche,2025-12-01,2026-09-01,9,615859.8560270638,2.92,h12_v1,2026-05-08 17:00:51.314981
Melloulèche,Mahdia,Melloulèche,2025-12-01,2026-10-01,10,617003.4726841528,2.92,h12_v1,2026-05-08 17:00:51.314981
Melloulèche,Mahdia,Melloulèche,2025-12-01,2026-11-01,11,614449.513754725,2.92,h12_v1,2026-05-08 17:00:51.314981
Melloulèche,Mahdia,Melloulèche,2025-12-01,2026-12-01,12,612785.7102573595,2.92,h12_v1,2026-05-08 17:00:51.314981
Menzel Bourguiba,Bizerte,Menzel Bourguiba,2025-12-01,2026-01-01,1,874564.4640796174,2.92,h12_v1,2026-05-08 17:00:51.314981
Menzel Bourguiba,Bizerte,Menzel Bourguiba,2025-12-01,2026-02-01,2,883863.0784759565,2.92,h12_v1,2026-05-08 17:00:51.314981
Menzel Bourguiba,Bizerte,Menzel Bourguiba,2025-12-01,2026-03-01,3,876729.776395716,2.92,h12_v1,2026-05-08 17:00:51.314981
Menzel Bourguiba,Bizerte,Menzel Bourguiba,2025-12-01,2026-04-01,4,874339.2996673938,2.92,h12_v1,2026-05-08 17:00:51.314981
Menzel Bourguiba,Bizerte,Menzel Bourguiba,2025-12-01,2026-05-01,5,878617.1766602735,2.92,h12_v1,2026-05-08 17:00:51.314981
Menzel Bourguiba,Bizerte,Menzel Bourguiba,2025-12-01,2026-06-01,6,873286.9382851971,2.92,h12_v1,2026-05-08 17:00:51.314981
Menzel Bourguiba,Bizerte,Menzel Bourguiba,2025-12-01,2026-07-01,7,874606.5681314294,2.92,h12_v1,2026-05-08 17:00:51.314981
Menzel Bourguiba,Bizerte,Menzel Bourguiba,2025-12-01,2026-08-01,8,882968.038535026,2.92,h12_v1,2026-05-08 17:00:51.314981
Menzel Bourguiba,Bizerte,Menzel Bourguiba,2025-12-01,2026-09-01,9,877787.535743598,2.92,h12_v1,2026-05-08 17:00:51.314981
Menzel Bourguiba,Bizerte,Menzel Bourguiba,2025-12-01,2026-10-01,10,874420.7298911015,2.92,h12_v1,2026-05-08 17:00:51.314981
Menzel Bourguiba,Bizerte,Menzel Bourguiba,2025-12-01,2026-11-01,11,873147.792530407,2.92,h12_v1,2026-05-08 17:00:51.314981
Menzel Bourguiba,Bizerte,Menzel Bourguiba,2025-12-01,2026-12-01,12,875107.5791137662,2.92,h12_v1,2026-05-08 17:00:51.314981
Menzel Bouzaiane,Sidi Bouzid,Menzel Bouzaiane,2025-12-01,2026-01-01,1,430441.3888792207,2.92,h12_v1,2026-05-08 17:00:51.314981
Menzel Bouzaiane,Sidi Bouzid,Menzel Bouzaiane,2025-12-01,2026-02-01,2,432570.492418288,2.92,h12_v1,2026-05-08 17:00:51.314981
Menzel Bouzaiane,Sidi Bouzid,Menzel Bouzaiane,2025-12-01,2026-03-01,3,429543.1311862497,2.92,h12_v1,2026-05-08 17:00:51.314981
Menzel Bouzaiane,Sidi Bouzid,Menzel Bouzaiane,2025-12-01,2026-04-01,4,426567.1574692042,2.92,h12_v1,2026-05-08 17:00:51.314981
Menzel Bouzaiane,Sidi Bouzid,Menzel Bouzaiane,2025-12-01,2026-05-01,5,427470.19373811985,2.92,h12_v1,2026-05-08 17:00:51.314981
Menzel Bouzaiane,Sidi Bouzid,Menzel Bouzaiane,2025-12-01,2026-06-01,6,429074.93531865405,2.92,h12_v1,2026-05-08 17:00:51.314981
Menzel Bouzaiane,Sidi Bouzid,Menzel Bouzaiane,2025-12-01,2026-07-01,7,431624.4994711767,2.92,h12_v1,2026-05-08 17:00:51.314981
Menzel Bouzaiane,Sidi Bouzid,Menzel Bouzaiane,2025-12-01,2026-08-01,8,430402.49280681607,2.92,h12_v1,2026-05-08 17:00:51.314981
Menzel Bouzaiane,Sidi Bouzid,Menzel Bouzaiane,2025-12-01,2026-09-01,9,427422.2693552176,2.92,h12_v1,2026-05-08 17:00:51.314981
Menzel Bouzaiane,Sidi Bouzid,Menzel Bouzaiane,2025-12-01,2026-10-01,10,427712.9449014626,2.92,h12_v1,2026-05-08 17:00:51.314981
Menzel Bouzaiane,Sidi Bouzid,Menzel Bouzaiane,2025-12-01,2026-11-01,11,430248.8003619164,2.92,h12_v1,2026-05-08 17:00:51.314981
Menzel Bouzaiane,Sidi Bouzid,Menzel Bouzaiane,2025-12-01,2026-12-01,12,430661.2799317859,2.92,h12_v1,2026-05-08 17:00:51.314981
Menzel Bouzelfa,Nabeul,Menzel Bouzelfa,2025-12-01,2026-01-01,1,767284.8241442752,2.92,h12_v1,2026-05-08 17:00:51.314981
Menzel Bouzelfa,Nabeul,Menzel Bouzelfa,2025-12-01,2026-02-01,2,755646.6373391233,2.92,h12_v1,2026-05-08 17:00:51.314981
Menzel Bouzelfa,Nabeul,Menzel Bouzelfa,2025-12-01,2026-03-01,3,753644.2858561004,2.92,h12_v1,2026-05-08 17:00:51.314981
Menzel Bouzelfa,Nabeul,Menzel Bouzelfa,2025-12-01,2026-04-01,4,758954.9812039423,2.92,h12_v1,2026-05-08 17:00:51.314981
Menzel Bouzelfa,Nabeul,Menzel Bouzelfa,2025-12-01,2026-05-01,5,765019.604269885,2.92,h12_v1,2026-05-08 17:00:51.314981
Menzel Bouzelfa,Nabeul,Menzel Bouzelfa,2025-12-01,2026-06-01,6,756475.8399012607,2.92,h12_v1,2026-05-08 17:00:51.314981
Menzel Bouzelfa,Nabeul,Menzel Bouzelfa,2025-12-01,2026-07-01,7,765418.3762944987,2.92,h12_v1,2026-05-08 17:00:51.314981
Menzel Bouzelfa,Nabeul,Menzel Bouzelfa,2025-12-01,2026-08-01,8,766992.6017878866,2.92,h12_v1,2026-05-08 17:00:51.314981
Menzel Bouzelfa,Nabeul,Menzel Bouzelfa,2025-12-01,2026-09-01,9,762139.4373390173,2.92,h12_v1,2026-05-08 17:00:51.314981
Menzel Bouzelfa,Nabeul,Menzel Bouzelfa,2025-12-01,2026-10-01,10,759780.9033226218,2.92,h12_v1,2026-05-08 17:00:51.314981
Menzel Bouzelfa,Nabeul,Menzel Bouzelfa,2025-12-01,2026-11-01,11,770634.4055636699,2.92,h12_v1,2026-05-08 17:00:51.314981
Menzel Bouzelfa,Nabeul,Menzel Bouzelfa,2025-12-01,2026-12-01,12,765255.025193233,2.92,h12_v1,2026-05-08 17:00:51.314981
Menzel Chaker,Sfax,Menzel Chaker,2025-12-01,2026-01-01,1,717631.6510432631,2.92,h12_v1,2026-05-08 17:00:51.314981
Menzel Chaker,Sfax,Menzel Chaker,2025-12-01,2026-02-01,2,715154.9620242987,2.92,h12_v1,2026-05-08 17:00:51.314981
Menzel Chaker,Sfax,Menzel Chaker,2025-12-01,2026-03-01,3,717377.2075442009,2.92,h12_v1,2026-05-08 17:00:51.314981
Menzel Chaker,Sfax,Menzel Chaker,2025-12-01,2026-04-01,4,714787.9657122646,2.92,h12_v1,2026-05-08 17:00:51.314981
Menzel Chaker,Sfax,Menzel Chaker,2025-12-01,2026-05-01,5,724030.722937086,2.92,h12_v1,2026-05-08 17:00:51.314981
Menzel Chaker,Sfax,Menzel Chaker,2025-12-01,2026-06-01,6,718019.3672027185,2.92,h12_v1,2026-05-08 17:00:51.314981
Menzel Chaker,Sfax,Menzel Chaker,2025-12-01,2026-07-01,7,724440.7814955496,2.92,h12_v1,2026-05-08 17:00:51.314981
Menzel Chaker,Sfax,Menzel Chaker,2025-12-01,2026-08-01,8,717271.3860333151,2.92,h12_v1,2026-05-08 17:00:51.314981
Menzel Chaker,Sfax,Menzel Chaker,2025-12-01,2026-09-01,9,713467.3530758595,2.92,h12_v1,2026-05-08 17:00:51.314981
Menzel Chaker,Sfax,Menzel Chaker,2025-12-01,2026-10-01,10,712235.9273881494,2.92,h12_v1,2026-05-08 17:00:51.314981
Menzel Chaker,Sfax,Menzel Chaker,2025-12-01,2026-11-01,11,724864.8202862976,2.92,h12_v1,2026-05-08 17:00:51.314981
Menzel Chaker,Sfax,Menzel Chaker,2025-12-01,2026-12-01,12,723061.08559149,2.92,h12_v1,2026-05-08 17:00:51.314981
Menzel El Habib,Gabès,Menzel El Habib,2025-12-01,2026-01-01,1,598297.4310405691,2.92,h12_v1,2026-05-08 17:00:51.314981
Menzel El Habib,Gabès,Menzel El Habib,2025-12-01,2026-02-01,2,608551.3303157968,2.92,h12_v1,2026-05-08 17:00:51.314981
Menzel El Habib,Gabès,Menzel El Habib,2025-12-01,2026-03-01,3,603116.0806929476,2.92,h12_v1,2026-05-08 17:00:51.322059
Menzel El Habib,Gabès,Menzel El Habib,2025-12-01,2026-04-01,4,604918.5921689336,2.92,h12_v1,2026-05-08 17:00:51.322059
Menzel El Habib,Gabès,Menzel El Habib,2025-12-01,2026-05-01,5,605398.4039269962,2.92,h12_v1,2026-05-08 17:00:51.322059
Menzel El Habib,Gabès,Menzel El Habib,2025-12-01,2026-06-01,6,603723.9081447823,2.92,h12_v1,2026-05-08 17:00:51.322059
Menzel El Habib,Gabès,Menzel El Habib,2025-12-01,2026-07-01,7,601671.6818027826,2.92,h12_v1,2026-05-08 17:00:51.322059
Menzel El Habib,Gabès,Menzel El Habib,2025-12-01,2026-08-01,8,605640.7944342778,2.92,h12_v1,2026-05-08 17:00:51.322059
Menzel El Habib,Gabès,Menzel El Habib,2025-12-01,2026-09-01,9,608530.8573891494,2.92,h12_v1,2026-05-08 17:00:51.322059
Menzel El Habib,Gabès,Menzel El Habib,2025-12-01,2026-10-01,10,610285.691789028,2.92,h12_v1,2026-05-08 17:00:51.322059
Menzel El Habib,Gabès,Menzel El Habib,2025-12-01,2026-11-01,11,605734.4653630093,2.92,h12_v1,2026-05-08 17:00:51.322059
Menzel El Habib,Gabès,Menzel El Habib,2025-12-01,2026-12-01,12,607236.5045301348,2.92,h12_v1,2026-05-08 17:00:51.322059
Menzel Jemil,Bizerte,Menzel Jemil,2025-12-01,2026-01-01,1,630485.0272838644,2.92,h12_v1,2026-05-08 17:00:51.322059
Menzel Jemil,Bizerte,Menzel Jemil,2025-12-01,2026-02-01,2,626986.3250936094,2.92,h12_v1,2026-05-08 17:00:51.322059
Menzel Jemil,Bizerte,Menzel Jemil,2025-12-01,2026-03-01,3,623529.9456480187,2.92,h12_v1,2026-05-08 17:00:51.322059
Menzel Jemil,Bizerte,Menzel Jemil,2025-12-01,2026-04-01,4,626307.6082731794,2.92,h12_v1,2026-05-08 17:00:51.322059
Menzel Jemil,Bizerte,Menzel Jemil,2025-12-01,2026-05-01,5,628220.0023032022,2.92,h12_v1,2026-05-08 17:00:51.322059
Menzel Jemil,Bizerte,Menzel Jemil,2025-12-01,2026-06-01,6,621251.7135099971,2.92,h12_v1,2026-05-08 17:00:51.322059
Menzel Jemil,Bizerte,Menzel Jemil,2025-12-01,2026-07-01,7,628175.8618209597,2.92,h12_v1,2026-05-08 17:00:51.322059
Menzel Jemil,Bizerte,Menzel Jemil,2025-12-01,2026-08-01,8,624552.7688574728,2.92,h12_v1,2026-05-08 17:00:51.322059
Menzel Jemil,Bizerte,Menzel Jemil,2025-12-01,2026-09-01,9,625861.1047017563,2.92,h12_v1,2026-05-08 17:00:51.322059
Menzel Jemil,Bizerte,Menzel Jemil,2025-12-01,2026-10-01,10,623267.0667214207,2.92,h12_v1,2026-05-08 17:00:51.322059
Menzel Jemil,Bizerte,Menzel Jemil,2025-12-01,2026-11-01,11,625595.0393445967,2.92,h12_v1,2026-05-08 17:00:51.322059
Menzel Jemil,Bizerte,Menzel Jemil,2025-12-01,2026-12-01,12,624605.0985587363,2.92,h12_v1,2026-05-08 17:00:51.322059
Menzel Mehiri,Kairouan,Menzel Mehiri,2025-12-01,2026-01-01,1,426801.32074061665,2.92,h12_v1,2026-05-08 17:00:51.322059
Menzel Mehiri,Kairouan,Menzel Mehiri,2025-12-01,2026-02-01,2,428266.254132503,2.92,h12_v1,2026-05-08 17:00:51.322059
Menzel Mehiri,Kairouan,Menzel Mehiri,2025-12-01,2026-03-01,3,428192.5467658597,2.92,h12_v1,2026-05-08 17:00:51.322059
Menzel Mehiri,Kairouan,Menzel Mehiri,2025-12-01,2026-04-01,4,429756.0561330739,2.92,h12_v1,2026-05-08 17:00:51.323175
Menzel Mehiri,Kairouan,Menzel Mehiri,2025-12-01,2026-05-01,5,427776.8954797566,2.92,h12_v1,2026-05-08 17:00:51.323175
Menzel Mehiri,Kairouan,Menzel Mehiri,2025-12-01,2026-06-01,6,428784.7065977359,2.92,h12_v1,2026-05-08 17:00:51.323175
Menzel Mehiri,Kairouan,Menzel Mehiri,2025-12-01,2026-07-01,7,427756.5207742214,2.92,h12_v1,2026-05-08 17:00:51.323175
Menzel Mehiri,Kairouan,Menzel Mehiri,2025-12-01,2026-08-01,8,424369.2214000769,2.92,h12_v1,2026-05-08 17:00:51.323175
Menzel Mehiri,Kairouan,Menzel Mehiri,2025-12-01,2026-09-01,9,424989.19849966216,2.92,h12_v1,2026-05-08 17:00:51.323175
Menzel Mehiri,Kairouan,Menzel Mehiri,2025-12-01,2026-10-01,10,426809.49587778334,2.92,h12_v1,2026-05-08 17:00:51.323175
Menzel Mehiri,Kairouan,Menzel Mehiri,2025-12-01,2026-11-01,11,429140.957526228,2.92,h12_v1,2026-05-08 17:00:51.323175
Menzel Mehiri,Kairouan,Menzel Mehiri,2025-12-01,2026-12-01,12,427007.8029674903,2.92,h12_v1,2026-05-08 17:00:51.323175
Menzel Temime,Nabeul,Menzel Temime,2025-12-01,2026-01-01,1,664321.2686660901,2.92,h12_v1,2026-05-08 17:00:51.323175
Menzel Temime,Nabeul,Menzel Temime,2025-12-01,2026-02-01,2,661295.0983169049,2.92,h12_v1,2026-05-08 17:00:51.323175
Menzel Temime,Nabeul,Menzel Temime,2025-12-01,2026-03-01,3,664158.413212361,2.92,h12_v1,2026-05-08 17:00:51.323175
Menzel Temime,Nabeul,Menzel Temime,2025-12-01,2026-04-01,4,667808.8685154364,2.92,h12_v1,2026-05-08 17:00:51.323175
Menzel Temime,Nabeul,Menzel Temime,2025-12-01,2026-05-01,5,670234.5879632296,2.92,h12_v1,2026-05-08 17:00:51.323175
Menzel Temime,Nabeul,Menzel Temime,2025-12-01,2026-06-01,6,666736.745675059,2.92,h12_v1,2026-05-08 17:00:51.323175
Menzel Temime,Nabeul,Menzel Temime,2025-12-01,2026-07-01,7,663431.2262839762,2.92,h12_v1,2026-05-08 17:00:51.323175
Menzel Temime,Nabeul,Menzel Temime,2025-12-01,2026-08-01,8,666177.5907090764,2.92,h12_v1,2026-05-08 17:00:51.323175
Menzel Temime,Nabeul,Menzel Temime,2025-12-01,2026-09-01,9,668254.749877533,2.92,h12_v1,2026-05-08 17:00:51.323175
Menzel Temime,Nabeul,Menzel Temime,2025-12-01,2026-10-01,10,670127.1417909611,2.92,h12_v1,2026-05-08 17:00:51.323175
Menzel Temime,Nabeul,Menzel Temime,2025-12-01,2026-11-01,11,667446.6520314789,2.92,h12_v1,2026-05-08 17:00:51.323175
Menzel Temime,Nabeul,Menzel Temime,2025-12-01,2026-12-01,12,671934.1993722036,2.92,h12_v1,2026-05-08 17:00:51.323175
Mezzouna,Sidi Bouzid,Mezzouna,2025-12-01,2026-01-01,1,262530.6776885136,2.92,h12_v1,2026-05-08 17:00:51.323175
Mezzouna,Sidi Bouzid,Mezzouna,2025-12-01,2026-02-01,2,260778.59579345456,2.92,h12_v1,2026-05-08 17:00:51.323175
Mezzouna,Sidi Bouzid,Mezzouna,2025-12-01,2026-03-01,3,262985.9502098938,2.92,h12_v1,2026-05-08 17:00:51.323175
Mezzouna,Sidi Bouzid,Mezzouna,2025-12-01,2026-04-01,4,263551.96717769,2.92,h12_v1,2026-05-08 17:00:51.323175
Mezzouna,Sidi Bouzid,Mezzouna,2025-12-01,2026-05-01,5,260727.7968237068,2.92,h12_v1,2026-05-08 17:00:51.323175
Mezzouna,Sidi Bouzid,Mezzouna,2025-12-01,2026-06-01,6,260795.80561770222,2.92,h12_v1,2026-05-08 17:00:51.323175
Mezzouna,Sidi Bouzid,Mezzouna,2025-12-01,2026-07-01,7,257972.55905584118,2.92,h12_v1,2026-05-08 17:00:51.323175
Mezzouna,Sidi Bouzid,Mezzouna,2025-12-01,2026-08-01,8,263939.4707742011,2.92,h12_v1,2026-05-08 17:00:51.323175
Mezzouna,Sidi Bouzid,Mezzouna,2025-12-01,2026-09-01,9,260843.92129033266,2.92,h12_v1,2026-05-08 17:00:51.323175
Mezzouna,Sidi Bouzid,Mezzouna,2025-12-01,2026-10-01,10,261623.16346879042,2.92,h12_v1,2026-05-08 17:00:51.323175
Mezzouna,Sidi Bouzid,Mezzouna,2025-12-01,2026-11-01,11,264335.8312501478,2.92,h12_v1,2026-05-08 17:00:51.323175
Mezzouna,Sidi Bouzid,Mezzouna,2025-12-01,2026-12-01,12,259312.73861810798,2.92,h12_v1,2026-05-08 17:00:51.323175
Mnihla,Ariana,Mnihla,2025-12-01,2026-01-01,1,1140383.6503145974,2.92,h12_v1,2026-05-08 17:00:51.323175
Mnihla,Ariana,Mnihla,2025-12-01,2026-02-01,2,1106777.604093658,2.92,h12_v1,2026-05-08 17:00:51.323175
Mnihla,Ariana,Mnihla,2025-12-01,2026-03-01,3,1126160.5228017594,2.92,h12_v1,2026-05-08 17:00:51.323175
Mnihla,Ariana,Mnihla,2025-12-01,2026-04-01,4,1130156.9126652437,2.92,h12_v1,2026-05-08 17:00:51.323175
Mnihla,Ariana,Mnihla,2025-12-01,2026-05-01,5,1125110.1260460657,2.92,h12_v1,2026-05-08 17:00:51.323175
Mnihla,Ariana,Mnihla,2025-12-01,2026-06-01,6,1133300.1148297116,2.92,h12_v1,2026-05-08 17:00:51.323175
Mnihla,Ariana,Mnihla,2025-12-01,2026-07-01,7,1129767.3810494954,2.92,h12_v1,2026-05-08 17:00:51.323175
Mnihla,Ariana,Mnihla,2025-12-01,2026-08-01,8,1125213.1216047523,2.92,h12_v1,2026-05-08 17:00:51.323175
Mnihla,Ariana,Mnihla,2025-12-01,2026-09-01,9,1137443.8694996927,2.92,h12_v1,2026-05-08 17:00:51.323175
Mnihla,Ariana,Mnihla,2025-12-01,2026-10-01,10,1135977.2010519973,2.92,h12_v1,2026-05-08 17:00:51.323175
Mnihla,Ariana,Mnihla,2025-12-01,2026-11-01,11,1114940.6561897635,2.92,h12_v1,2026-05-08 17:00:51.323175
Mnihla,Ariana,Mnihla,2025-12-01,2026-12-01,12,1139466.6490507254,2.92,h12_v1,2026-05-08 17:00:51.323175
Mohamedia,Ben Arous,Mohamedia,2025-12-01,2026-01-01,1,727670.9375853675,2.92,h12_v1,2026-05-08 17:00:51.323175
Mohamedia,Ben Arous,Mohamedia,2025-12-01,2026-02-01,2,722469.601810052,2.92,h12_v1,2026-05-08 17:00:51.323175
Mohamedia,Ben Arous,Mohamedia,2025-12-01,2026-03-01,3,723522.9500148774,2.92,h12_v1,2026-05-08 17:00:51.323175
Mohamedia,Ben Arous,Mohamedia,2025-12-01,2026-04-01,4,720160.4021255543,2.92,h12_v1,2026-05-08 17:00:51.323175
Mohamedia,Ben Arous,Mohamedia,2025-12-01,2026-05-01,5,728288.0386290192,2.92,h12_v1,2026-05-08 17:00:51.323175
Mohamedia,Ben Arous,Mohamedia,2025-12-01,2026-06-01,6,721996.3788553238,2.92,h12_v1,2026-05-08 17:00:51.323175
Mohamedia,Ben Arous,Mohamedia,2025-12-01,2026-07-01,7,718359.5620876595,2.92,h12_v1,2026-05-08 17:00:51.323175
Mohamedia,Ben Arous,Mohamedia,2025-12-01,2026-08-01,8,724494.4690016705,2.92,h12_v1,2026-05-08 17:00:51.323175
Mohamedia,Ben Arous,Mohamedia,2025-12-01,2026-09-01,9,720930.4353250287,2.92,h12_v1,2026-05-08 17:00:51.323175
Mohamedia,Ben Arous,Mohamedia,2025-12-01,2026-10-01,10,730662.1234669512,2.92,h12_v1,2026-05-08 17:00:51.323175
Mohamedia,Ben Arous,Mohamedia,2025-12-01,2026-11-01,11,728619.2540566229,2.92,h12_v1,2026-05-08 17:00:51.323175
Mohamedia,Ben Arous,Mohamedia,2025-12-01,2026-12-01,12,717769.9014051947,2.92,h12_v1,2026-05-08 17:00:51.323175
Moknine,Monastir,Moknine,2025-12-01,2026-01-01,1,617489.419151105,2.92,h12_v1,2026-05-08 17:00:51.323175
Moknine,Monastir,Moknine,2025-12-01,2026-02-01,2,613124.9830930515,2.92,h12_v1,2026-05-08 17:00:51.323175
Moknine,Monastir,Moknine,2025-12-01,2026-03-01,3,620646.9111835762,2.92,h12_v1,2026-05-08 17:00:51.323175
Moknine,Monastir,Moknine,2025-12-01,2026-04-01,4,613540.1716102056,2.92,h12_v1,2026-05-08 17:00:51.323175
Moknine,Monastir,Moknine,2025-12-01,2026-05-01,5,610206.9122230741,2.92,h12_v1,2026-05-08 17:00:51.323175
Moknine,Monastir,Moknine,2025-12-01,2026-06-01,6,611197.933181315,2.92,h12_v1,2026-05-08 17:00:51.323175
Moknine,Monastir,Moknine,2025-12-01,2026-07-01,7,614854.9747655346,2.92,h12_v1,2026-05-08 17:00:51.323175
Moknine,Monastir,Moknine,2025-12-01,2026-08-01,8,613596.5973511618,2.92,h12_v1,2026-05-08 17:00:51.323175
Moknine,Monastir,Moknine,2025-12-01,2026-09-01,9,616111.0832726477,2.92,h12_v1,2026-05-08 17:00:51.323175
Moknine,Monastir,Moknine,2025-12-01,2026-10-01,10,616016.911936791,2.92,h12_v1,2026-05-08 17:00:51.323175
Moknine,Monastir,Moknine,2025-12-01,2026-11-01,11,614936.9762522854,2.92,h12_v1,2026-05-08 17:00:51.323175
Moknine,Monastir,Moknine,2025-12-01,2026-12-01,12,618281.4110037992,2.92,h12_v1,2026-05-08 17:00:51.323175
Monastir,Monastir,Monastir,2025-12-01,2026-01-01,1,644931.1841770499,2.92,h12_v1,2026-05-08 17:00:51.323175
Monastir,Monastir,Monastir,2025-12-01,2026-02-01,2,652075.9700101072,2.92,h12_v1,2026-05-08 17:00:51.323175
Monastir,Monastir,Monastir,2025-12-01,2026-03-01,3,657622.0771728569,2.92,h12_v1,2026-05-08 17:00:51.323175
Monastir,Monastir,Monastir,2025-12-01,2026-04-01,4,653312.4535306435,2.92,h12_v1,2026-05-08 17:00:51.323175
Monastir,Monastir,Monastir,2025-12-01,2026-05-01,5,658254.6727877039,2.92,h12_v1,2026-05-08 17:00:51.323175
Monastir,Monastir,Monastir,2025-12-01,2026-06-01,6,656514.8496462255,2.92,h12_v1,2026-05-08 17:00:51.323175
Monastir,Monastir,Monastir,2025-12-01,2026-07-01,7,652292.6666589852,2.92,h12_v1,2026-05-08 17:00:51.323175
Monastir,Monastir,Monastir,2025-12-01,2026-08-01,8,657334.1853066966,2.92,h12_v1,2026-05-08 17:00:51.323175
Monastir,Monastir,Monastir,2025-12-01,2026-09-01,9,660272.2068296698,2.92,h12_v1,2026-05-08 17:00:51.323175
Monastir,Monastir,Monastir,2025-12-01,2026-10-01,10,657585.5661377375,2.92,h12_v1,2026-05-08 17:00:51.323175
Monastir,Monastir,Monastir,2025-12-01,2026-11-01,11,652130.1255185487,2.92,h12_v1,2026-05-08 17:00:51.323175
Monastir,Monastir,Monastir,2025-12-01,2026-12-01,12,655590.3482844449,2.92,h12_v1,2026-05-08 17:00:51.323175
Mornag,Ben Arous,Mornag,2025-12-01,2026-01-01,1,646548.5456497245,2.92,h12_v1,2026-05-08 17:00:51.323175
Mornag,Ben Arous,Mornag,2025-12-01,2026-02-01,2,645942.0660071324,2.92,h12_v1,2026-05-08 17:00:51.323175
Mornag,Ben Arous,Mornag,2025-12-01,2026-03-01,3,647043.623379698,2.92,h12_v1,2026-05-08 17:00:51.323175
Mornag,Ben Arous,Mornag,2025-12-01,2026-04-01,4,645581.8243891317,2.92,h12_v1,2026-05-08 17:00:51.323175
Mornag,Ben Arous,Mornag,2025-12-01,2026-05-01,5,650534.9944686666,2.92,h12_v1,2026-05-08 17:00:51.323175
Mornag,Ben Arous,Mornag,2025-12-01,2026-06-01,6,638158.4041280024,2.92,h12_v1,2026-05-08 17:00:51.323175
Mornag,Ben Arous,Mornag,2025-12-01,2026-07-01,7,639559.0917945687,2.92,h12_v1,2026-05-08 17:00:51.323175
Mornag,Ben Arous,Mornag,2025-12-01,2026-08-01,8,641152.0534718842,2.92,h12_v1,2026-05-08 17:00:51.323175
Mornag,Ben Arous,Mornag,2025-12-01,2026-09-01,9,643376.1695913957,2.92,h12_v1,2026-05-08 17:00:51.323175
Mornag,Ben Arous,Mornag,2025-12-01,2026-10-01,10,643012.3378340354,2.92,h12_v1,2026-05-08 17:00:51.323175
Mornag,Ben Arous,Mornag,2025-12-01,2026-11-01,11,648914.3680511813,2.92,h12_v1,2026-05-08 17:00:51.323175
Mornag,Ben Arous,Mornag,2025-12-01,2026-12-01,12,643364.9984621254,2.92,h12_v1,2026-05-08 17:00:51.323175
Mornaguia,La Manouba,Mornaguia,2025-12-01,2026-01-01,1,625578.9620692261,2.92,h12_v1,2026-05-08 17:00:51.323175
Mornaguia,La Manouba,Mornaguia,2025-12-01,2026-02-01,2,620827.0465256999,2.92,h12_v1,2026-05-08 17:00:51.323175
Mornaguia,La Manouba,Mornaguia,2025-12-01,2026-03-01,3,623606.5114225288,2.92,h12_v1,2026-05-08 17:00:51.323175
Mornaguia,La Manouba,Mornaguia,2025-12-01,2026-04-01,4,625970.2392372156,2.92,h12_v1,2026-05-08 17:00:51.323175
Mornaguia,La Manouba,Mornaguia,2025-12-01,2026-05-01,5,625651.2452211978,2.92,h12_v1,2026-05-08 17:00:51.323175
Mornaguia,La Manouba,Mornaguia,2025-12-01,2026-06-01,6,621830.7147099165,2.92,h12_v1,2026-05-08 17:00:51.323175
Mornaguia,La Manouba,Mornaguia,2025-12-01,2026-07-01,7,622631.3452688802,2.92,h12_v1,2026-05-08 17:00:51.331279
Mornaguia,La Manouba,Mornaguia,2025-12-01,2026-08-01,8,618885.590072105,2.92,h12_v1,2026-05-08 17:00:51.331279
Mornaguia,La Manouba,Mornaguia,2025-12-01,2026-09-01,9,625203.1832755415,2.92,h12_v1,2026-05-08 17:00:51.331279
Mornaguia,La Manouba,Mornaguia,2025-12-01,2026-10-01,10,620676.3088798047,2.92,h12_v1,2026-05-08 17:00:51.331279
Mornaguia,La Manouba,Mornaguia,2025-12-01,2026-11-01,11,628753.4009274098,2.92,h12_v1,2026-05-08 17:00:51.331279
Mornaguia,La Manouba,Mornaguia,2025-12-01,2026-12-01,12,623796.1771223587,2.92,h12_v1,2026-05-08 17:00:51.331279
Moularès,Gafsa,Moularès,2025-12-01,2026-01-01,1,516097.03711555677,2.92,h12_v1,2026-05-08 17:00:51.331279
Moularès,Gafsa,Moularès,2025-12-01,2026-02-01,2,524423.24690521,2.92,h12_v1,2026-05-08 17:00:51.331279
Moularès,Gafsa,Moularès,2025-12-01,2026-03-01,3,518764.2973340353,2.92,h12_v1,2026-05-08 17:00:51.331279
Moularès,Gafsa,Moularès,2025-12-01,2026-04-01,4,523510.43813644076,2.92,h12_v1,2026-05-08 17:00:51.331279
Moularès,Gafsa,Moularès,2025-12-01,2026-05-01,5,518308.09290721006,2.92,h12_v1,2026-05-08 17:00:51.331279
Moularès,Gafsa,Moularès,2025-12-01,2026-06-01,6,519104.81550043,2.92,h12_v1,2026-05-08 17:00:51.331279
Moularès,Gafsa,Moularès,2025-12-01,2026-07-01,7,522993.63547079347,2.92,h12_v1,2026-05-08 17:00:51.331279
Moularès,Gafsa,Moularès,2025-12-01,2026-08-01,8,523574.4957619598,2.92,h12_v1,2026-05-08 17:00:51.331279
Moularès,Gafsa,Moularès,2025-12-01,2026-09-01,9,524705.2587136754,2.92,h12_v1,2026-05-08 17:00:51.331279
Moularès,Gafsa,Moularès,2025-12-01,2026-10-01,10,527042.9811767946,2.92,h12_v1,2026-05-08 17:00:51.331279
Moularès,Gafsa,Moularès,2025-12-01,2026-11-01,11,526380.5237498966,2.92,h12_v1,2026-05-08 17:00:51.331279
Moularès,Gafsa,Moularès,2025-12-01,2026-12-01,12,521600.9513095463,2.92,h12_v1,2026-05-08 17:00:51.331279
Médenine Nord,Médenine,Médenine Nord,2025-12-01,2026-01-01,1,428704.9392851934,2.92,h12_v1,2026-05-08 17:00:51.331279
Médenine Nord,Médenine,Médenine Nord,2025-12-01,2026-02-01,2,430810.81172377913,2.92,h12_v1,2026-05-08 17:00:51.331279
Médenine Nord,Médenine,Médenine Nord,2025-12-01,2026-03-01,3,429625.61584761285,2.92,h12_v1,2026-05-08 17:00:51.331279
Médenine Nord,Médenine,Médenine Nord,2025-12-01,2026-04-01,4,430521.9132480676,2.92,h12_v1,2026-05-08 17:00:51.331279
Médenine Nord,Médenine,Médenine Nord,2025-12-01,2026-05-01,5,428285.9248175252,2.92,h12_v1,2026-05-08 17:00:51.331279
Médenine Nord,Médenine,Médenine Nord,2025-12-01,2026-06-01,6,429812.0583685515,2.92,h12_v1,2026-05-08 17:00:51.331279
Médenine Nord,Médenine,Médenine Nord,2025-12-01,2026-07-01,7,430707.10415327904,2.92,h12_v1,2026-05-08 17:00:51.331279
Médenine Nord,Médenine,Médenine Nord,2025-12-01,2026-08-01,8,428198.8554731314,2.92,h12_v1,2026-05-08 17:00:51.331279
Médenine Nord,Médenine,Médenine Nord,2025-12-01,2026-09-01,9,427963.14622225147,2.92,h12_v1,2026-05-08 17:00:51.331279
Médenine Nord,Médenine,Médenine Nord,2025-12-01,2026-10-01,10,429849.1594902192,2.92,h12_v1,2026-05-08 17:00:51.331279
Médenine Nord,Médenine,Médenine Nord,2025-12-01,2026-11-01,11,430497.1441007175,2.92,h12_v1,2026-05-08 17:00:51.331279
Médenine Nord,Médenine,Médenine Nord,2025-12-01,2026-12-01,12,431560.443405673,2.92,h12_v1,2026-05-08 17:00:51.331279
Médenine Sud,Médenine,Médenine Sud,2025-12-01,2026-01-01,1,424039.0903657403,2.92,h12_v1,2026-05-08 17:00:51.331279
Médenine Sud,Médenine,Médenine Sud,2025-12-01,2026-02-01,2,423651.1205902233,2.92,h12_v1,2026-05-08 17:00:51.331279
Médenine Sud,Médenine,Médenine Sud,2025-12-01,2026-03-01,3,424549.57253748865,2.92,h12_v1,2026-05-08 17:00:51.331279
Médenine Sud,Médenine,Médenine Sud,2025-12-01,2026-04-01,4,417736.0087563,2.92,h12_v1,2026-05-08 17:00:51.331279
Médenine Sud,Médenine,Médenine Sud,2025-12-01,2026-05-01,5,420470.8524058847,2.92,h12_v1,2026-05-08 17:00:51.331279
Médenine Sud,Médenine,Médenine Sud,2025-12-01,2026-06-01,6,422672.3831778467,2.92,h12_v1,2026-05-08 17:00:51.331279
Médenine Sud,Médenine,Médenine Sud,2025-12-01,2026-07-01,7,421265.03179934004,2.92,h12_v1,2026-05-08 17:00:51.331279
Médenine Sud,Médenine,Médenine Sud,2025-12-01,2026-08-01,8,419960.6242647771,2.92,h12_v1,2026-05-08 17:00:51.331279
Médenine Sud,Médenine,Médenine Sud,2025-12-01,2026-09-01,9,422105.72124148154,2.92,h12_v1,2026-05-08 17:00:51.331279
Médenine Sud,Médenine,Médenine Sud,2025-12-01,2026-10-01,10,423295.23651014024,2.92,h12_v1,2026-05-08 17:00:51.331279
Médenine Sud,Médenine,Médenine Sud,2025-12-01,2026-11-01,11,422178.97970281757,2.92,h12_v1,2026-05-08 17:00:51.331279
Médenine Sud,Médenine,Médenine Sud,2025-12-01,2026-12-01,12,422053.44822953804,2.92,h12_v1,2026-05-08 17:00:51.331279
Médina,Tunis,Médina,2025-12-01,2026-01-01,1,1479733.2018510445,2.92,h12_v1,2026-05-08 17:00:51.331279
Médina,Tunis,Médina,2025-12-01,2026-02-01,2,1475180.7438675067,2.92,h12_v1,2026-05-08 17:00:51.331279
Médina,Tunis,Médina,2025-12-01,2026-03-01,3,1492393.71252127,2.92,h12_v1,2026-05-08 17:00:51.331279
Médina,Tunis,Médina,2025-12-01,2026-04-01,4,1487972.1280217601,2.92,h12_v1,2026-05-08 17:00:51.331279
Médina,Tunis,Médina,2025-12-01,2026-05-01,5,1475872.393818691,2.92,h12_v1,2026-05-08 17:00:51.331279
Médina,Tunis,Médina,2025-12-01,2026-06-01,6,1472794.9293134306,2.92,h12_v1,2026-05-08 17:00:51.331279
Médina,Tunis,Médina,2025-12-01,2026-07-01,7,1479891.8641924385,2.92,h12_v1,2026-05-08 17:00:51.331279
Médina,Tunis,Médina,2025-12-01,2026-08-01,8,1504723.9203249002,2.92,h12_v1,2026-05-08 17:00:51.331279
Médina,Tunis,Médina,2025-12-01,2026-09-01,9,1471385.1784812596,2.92,h12_v1,2026-05-08 17:00:51.331279
Médina,Tunis,Médina,2025-12-01,2026-10-01,10,1467566.6494151133,2.92,h12_v1,2026-05-08 17:00:51.331279
Médina,Tunis,Médina,2025-12-01,2026-11-01,11,1483525.5236375886,2.92,h12_v1,2026-05-08 17:00:51.331279
Médina,Tunis,Médina,2025-12-01,2026-12-01,12,1431234.3508039347,2.92,h12_v1,2026-05-08 17:00:51.331279
Mégrine,Ben Arous,Mégrine,2025-12-01,2026-01-01,1,944576.5367618009,2.92,h12_v1,2026-05-08 17:00:51.331279
Mégrine,Ben Arous,Mégrine,2025-12-01,2026-02-01,2,951102.7551427089,2.92,h12_v1,2026-05-08 17:00:51.331279
Mégrine,Ben Arous,Mégrine,2025-12-01,2026-03-01,3,930161.2489394122,2.92,h12_v1,2026-05-08 17:00:51.331279
Mégrine,Ben Arous,Mégrine,2025-12-01,2026-04-01,4,933662.47742519,2.92,h12_v1,2026-05-08 17:00:51.331279
Mégrine,Ben Arous,Mégrine,2025-12-01,2026-05-01,5,932522.7843793648,2.92,h12_v1,2026-05-08 17:00:51.331279
Mégrine,Ben Arous,Mégrine,2025-12-01,2026-06-01,6,949906.1507364572,2.92,h12_v1,2026-05-08 17:00:51.331279
Mégrine,Ben Arous,Mégrine,2025-12-01,2026-07-01,7,942300.4202263156,2.92,h12_v1,2026-05-08 17:00:51.331279
Mégrine,Ben Arous,Mégrine,2025-12-01,2026-08-01,8,935069.2582518067,2.92,h12_v1,2026-05-08 17:00:51.331279
Mégrine,Ben Arous,Mégrine,2025-12-01,2026-09-01,9,930897.0164543121,2.92,h12_v1,2026-05-08 17:00:51.331279
Mégrine,Ben Arous,Mégrine,2025-12-01,2026-10-01,10,936113.4473841916,2.92,h12_v1,2026-05-08 17:00:51.331279
Mégrine,Ben Arous,Mégrine,2025-12-01,2026-11-01,11,947733.4256739835,2.92,h12_v1,2026-05-08 17:00:51.331279
Mégrine,Ben Arous,Mégrine,2025-12-01,2026-12-01,12,930950.5435121258,2.92,h12_v1,2026-05-08 17:00:51.331279
Métlaoui,Gafsa,Métlaoui,2025-12-01,2026-01-01,1,424074.9383569209,2.92,h12_v1,2026-05-08 17:00:51.331279
Métlaoui,Gafsa,Métlaoui,2025-12-01,2026-02-01,2,426307.8400228009,2.92,h12_v1,2026-05-08 17:00:51.331279
Métlaoui,Gafsa,Métlaoui,2025-12-01,2026-03-01,3,429194.65640450525,2.92,h12_v1,2026-05-08 17:00:51.331279
Métlaoui,Gafsa,Métlaoui,2025-12-01,2026-04-01,4,423053.54732372105,2.92,h12_v1,2026-05-08 17:00:51.331279
Métlaoui,Gafsa,Métlaoui,2025-12-01,2026-05-01,5,429942.431084082,2.92,h12_v1,2026-05-08 17:00:51.331279
Métlaoui,Gafsa,Métlaoui,2025-12-01,2026-06-01,6,425384.37622460094,2.92,h12_v1,2026-05-08 17:00:51.331279
Métlaoui,Gafsa,Métlaoui,2025-12-01,2026-07-01,7,427478.2566980296,2.92,h12_v1,2026-05-08 17:00:51.331279
Métlaoui,Gafsa,Métlaoui,2025-12-01,2026-08-01,8,428849.0506806833,2.92,h12_v1,2026-05-08 17:00:51.331279
Métlaoui,Gafsa,Métlaoui,2025-12-01,2026-09-01,9,426254.3763969707,2.92,h12_v1,2026-05-08 17:00:51.331279
Métlaoui,Gafsa,Métlaoui,2025-12-01,2026-10-01,10,427080.49526648124,2.92,h12_v1,2026-05-08 17:00:51.331279
Métlaoui,Gafsa,Métlaoui,2025-12-01,2026-11-01,11,429285.5118159147,2.92,h12_v1,2026-05-08 17:00:51.331279
Métlaoui,Gafsa,Métlaoui,2025-12-01,2026-12-01,12,425853.52316914726,2.92,h12_v1,2026-05-08 17:00:51.331279
Métouia,Gabès,Métouia,2025-12-01,2026-01-01,1,606932.5573350242,2.92,h12_v1,2026-05-08 17:00:51.331279
Métouia,Gabès,Métouia,2025-12-01,2026-02-01,2,608652.5777377858,2.92,h12_v1,2026-05-08 17:00:51.331279
Métouia,Gabès,Métouia,2025-12-01,2026-03-01,3,607776.6154455552,2.92,h12_v1,2026-05-08 17:00:51.331279
Métouia,Gabès,Métouia,2025-12-01,2026-04-01,4,615202.0188278353,2.92,h12_v1,2026-05-08 17:00:51.331279
Métouia,Gabès,Métouia,2025-12-01,2026-05-01,5,614103.0101000377,2.92,h12_v1,2026-05-08 17:00:51.331279
Métouia,Gabès,Métouia,2025-12-01,2026-06-01,6,605688.186514014,2.92,h12_v1,2026-05-08 17:00:51.331279
Métouia,Gabès,Métouia,2025-12-01,2026-07-01,7,615204.4041581191,2.92,h12_v1,2026-05-08 17:00:51.331279
Métouia,Gabès,Métouia,2025-12-01,2026-08-01,8,615507.5714489066,2.92,h12_v1,2026-05-08 17:00:51.331279
Métouia,Gabès,Métouia,2025-12-01,2026-09-01,9,608699.2161965119,2.92,h12_v1,2026-05-08 17:00:51.331279
Métouia,Gabès,Métouia,2025-12-01,2026-10-01,10,608082.9415838687,2.92,h12_v1,2026-05-08 17:00:51.331279
Métouia,Gabès,Métouia,2025-12-01,2026-11-01,11,614372.3304874348,2.92,h12_v1,2026-05-08 17:00:51.331279
Métouia,Gabès,Métouia,2025-12-01,2026-12-01,12,608040.3665762332,2.92,h12_v1,2026-05-08 17:00:51.331279
Nabeul,Nabeul,Nabeul,2025-12-01,2026-01-01,1,684688.166844504,2.92,h12_v1,2026-05-08 17:00:51.331279
Nabeul,Nabeul,Nabeul,2025-12-01,2026-02-01,2,686244.9630157234,2.92,h12_v1,2026-05-08 17:00:51.331279
Nabeul,Nabeul,Nabeul,2025-12-01,2026-03-01,3,690738.7049963839,2.92,h12_v1,2026-05-08 17:00:51.331279
Nabeul,Nabeul,Nabeul,2025-12-01,2026-04-01,4,692766.8152838405,2.92,h12_v1,2026-05-08 17:00:51.331279
Nabeul,Nabeul,Nabeul,2025-12-01,2026-05-01,5,687778.8906935912,2.92,h12_v1,2026-05-08 17:00:51.331279
Nabeul,Nabeul,Nabeul,2025-12-01,2026-06-01,6,686730.400338766,2.92,h12_v1,2026-05-08 17:00:51.331279
Nabeul,Nabeul,Nabeul,2025-12-01,2026-07-01,7,687659.325314038,2.92,h12_v1,2026-05-08 17:00:51.331279
Nabeul,Nabeul,Nabeul,2025-12-01,2026-08-01,8,687894.7770701705,2.92,h12_v1,2026-05-08 17:00:51.331279
Nabeul,Nabeul,Nabeul,2025-12-01,2026-09-01,9,691744.6565199684,2.92,h12_v1,2026-05-08 17:00:51.331279
Nabeul,Nabeul,Nabeul,2025-12-01,2026-10-01,10,686060.0004596625,2.92,h12_v1,2026-05-08 17:00:51.339378
Nabeul,Nabeul,Nabeul,2025-12-01,2026-11-01,11,683764.5684794801,2.92,h12_v1,2026-05-08 17:00:51.339378
Nabeul,Nabeul,Nabeul,2025-12-01,2026-12-01,12,691769.2596615124,2.92,h12_v1,2026-05-08 17:00:51.339378
Nadhour,Zaghouan,Nadhour,2025-12-01,2026-01-01,1,618966.0461109811,2.92,h12_v1,2026-05-08 17:00:51.339378
Nadhour,Zaghouan,Nadhour,2025-12-01,2026-02-01,2,619584.0835246391,2.92,h12_v1,2026-05-08 17:00:51.339378
Nadhour,Zaghouan,Nadhour,2025-12-01,2026-03-01,3,614780.1348077428,2.92,h12_v1,2026-05-08 17:00:51.341680
Nadhour,Zaghouan,Nadhour,2025-12-01,2026-04-01,4,612601.9353922767,2.92,h12_v1,2026-05-08 17:00:51.341680
Nadhour,Zaghouan,Nadhour,2025-12-01,2026-05-01,5,610886.5191134576,2.92,h12_v1,2026-05-08 17:00:51.341680
Nadhour,Zaghouan,Nadhour,2025-12-01,2026-06-01,6,614021.205329614,2.92,h12_v1,2026-05-08 17:00:51.341680
Nadhour,Zaghouan,Nadhour,2025-12-01,2026-07-01,7,613960.7632650898,2.92,h12_v1,2026-05-08 17:00:51.341680
Nadhour,Zaghouan,Nadhour,2025-12-01,2026-08-01,8,617119.3928929701,2.92,h12_v1,2026-05-08 17:00:51.341680
Nadhour,Zaghouan,Nadhour,2025-12-01,2026-09-01,9,615955.5329865374,2.92,h12_v1,2026-05-08 17:00:51.341680
Nadhour,Zaghouan,Nadhour,2025-12-01,2026-10-01,10,617830.2902323675,2.92,h12_v1,2026-05-08 17:00:51.341680
Nadhour,Zaghouan,Nadhour,2025-12-01,2026-11-01,11,617181.2994620781,2.92,h12_v1,2026-05-08 17:00:51.341680
Nadhour,Zaghouan,Nadhour,2025-12-01,2026-12-01,12,615018.7640654424,2.92,h12_v1,2026-05-08 17:00:51.341680
Nasrallah,Kairouan,Nasrallah,2025-12-01,2026-01-01,1,485391.5203061833,2.92,h12_v1,2026-05-08 17:00:51.341680
Nasrallah,Kairouan,Nasrallah,2025-12-01,2026-02-01,2,486720.7357606164,2.92,h12_v1,2026-05-08 17:00:51.341680
Nasrallah,Kairouan,Nasrallah,2025-12-01,2026-03-01,3,488384.3672496839,2.92,h12_v1,2026-05-08 17:00:51.341680
Nasrallah,Kairouan,Nasrallah,2025-12-01,2026-04-01,4,488100.39107269567,2.92,h12_v1,2026-05-08 17:00:51.341680
Nasrallah,Kairouan,Nasrallah,2025-12-01,2026-05-01,5,485294.3293975634,2.92,h12_v1,2026-05-08 17:00:51.341680
Nasrallah,Kairouan,Nasrallah,2025-12-01,2026-06-01,6,484499.46391324885,2.92,h12_v1,2026-05-08 17:00:51.341680
Nasrallah,Kairouan,Nasrallah,2025-12-01,2026-07-01,7,483577.0874460134,2.92,h12_v1,2026-05-08 17:00:51.341680
Nasrallah,Kairouan,Nasrallah,2025-12-01,2026-08-01,8,480967.0290476834,2.92,h12_v1,2026-05-08 17:00:51.341680
Nasrallah,Kairouan,Nasrallah,2025-12-01,2026-09-01,9,482865.6912768233,2.92,h12_v1,2026-05-08 17:00:51.341680
Nasrallah,Kairouan,Nasrallah,2025-12-01,2026-10-01,10,482255.2305623006,2.92,h12_v1,2026-05-08 17:00:51.341680
Nasrallah,Kairouan,Nasrallah,2025-12-01,2026-11-01,11,483727.0580702299,2.92,h12_v1,2026-05-08 17:00:51.341680
Nasrallah,Kairouan,Nasrallah,2025-12-01,2026-12-01,12,483430.0492747136,2.92,h12_v1,2026-05-08 17:00:51.341680
Nebeur,Le Kef,Nebeur,2025-12-01,2026-01-01,1,589478.2460033509,2.92,h12_v1,2026-05-08 17:00:51.341680
Nebeur,Le Kef,Nebeur,2025-12-01,2026-02-01,2,592137.5143912246,2.92,h12_v1,2026-05-08 17:00:51.341680
Nebeur,Le Kef,Nebeur,2025-12-01,2026-03-01,3,587033.6365641031,2.92,h12_v1,2026-05-08 17:00:51.341680
Nebeur,Le Kef,Nebeur,2025-12-01,2026-04-01,4,588257.532824422,2.92,h12_v1,2026-05-08 17:00:51.341680
Nebeur,Le Kef,Nebeur,2025-12-01,2026-05-01,5,588923.7398335879,2.92,h12_v1,2026-05-08 17:00:51.341680
Nebeur,Le Kef,Nebeur,2025-12-01,2026-06-01,6,579652.0966440549,2.92,h12_v1,2026-05-08 17:00:51.341680
Nebeur,Le Kef,Nebeur,2025-12-01,2026-07-01,7,582506.928467902,2.92,h12_v1,2026-05-08 17:00:51.341680
Nebeur,Le Kef,Nebeur,2025-12-01,2026-08-01,8,580697.2534195237,2.92,h12_v1,2026-05-08 17:00:51.341680
Nebeur,Le Kef,Nebeur,2025-12-01,2026-09-01,9,585023.7574524776,2.92,h12_v1,2026-05-08 17:00:51.341680
Nebeur,Le Kef,Nebeur,2025-12-01,2026-10-01,10,581160.3198804347,2.92,h12_v1,2026-05-08 17:00:51.341680
Nebeur,Le Kef,Nebeur,2025-12-01,2026-11-01,11,584651.2884980298,2.92,h12_v1,2026-05-08 17:00:51.341680
Nebeur,Le Kef,Nebeur,2025-12-01,2026-12-01,12,585419.1337777288,2.92,h12_v1,2026-05-08 17:00:51.341680
Nefta,Tozeur,Nefta,2025-12-01,2026-01-01,1,425486.50455025164,2.92,h12_v1,2026-05-08 17:00:51.341680
Nefta,Tozeur,Nefta,2025-12-01,2026-02-01,2,428216.1901687899,2.92,h12_v1,2026-05-08 17:00:51.341680
Nefta,Tozeur,Nefta,2025-12-01,2026-03-01,3,427973.65572864126,2.92,h12_v1,2026-05-08 17:00:51.341680
Nefta,Tozeur,Nefta,2025-12-01,2026-04-01,4,428017.1787906984,2.92,h12_v1,2026-05-08 17:00:51.341680
Nefta,Tozeur,Nefta,2025-12-01,2026-05-01,5,426971.21012535476,2.92,h12_v1,2026-05-08 17:00:51.341680
Nefta,Tozeur,Nefta,2025-12-01,2026-06-01,6,428022.43556716485,2.92,h12_v1,2026-05-08 17:00:51.341680
Nefta,Tozeur,Nefta,2025-12-01,2026-07-01,7,431371.8244397517,2.92,h12_v1,2026-05-08 17:00:51.341680
Nefta,Tozeur,Nefta,2025-12-01,2026-08-01,8,429273.4171811591,2.92,h12_v1,2026-05-08 17:00:51.341680
Nefta,Tozeur,Nefta,2025-12-01,2026-09-01,9,431118.1323048172,2.92,h12_v1,2026-05-08 17:00:51.341680
Nefta,Tozeur,Nefta,2025-12-01,2026-10-01,10,426117.4871308529,2.92,h12_v1,2026-05-08 17:00:51.341680
Nefta,Tozeur,Nefta,2025-12-01,2026-11-01,11,428182.10082733695,2.92,h12_v1,2026-05-08 17:00:51.341680
Nefta,Tozeur,Nefta,2025-12-01,2026-12-01,12,428207.1184601447,2.92,h12_v1,2026-05-08 17:00:51.341680
Nefza,Béja,Nefza,2025-12-01,2026-01-01,1,356495.1582304353,2.92,h12_v1,2026-05-08 17:00:51.341680
Nefza,Béja,Nefza,2025-12-01,2026-02-01,2,353753.30321448663,2.92,h12_v1,2026-05-08 17:00:51.341680
Nefza,Béja,Nefza,2025-12-01,2026-03-01,3,358367.3714353944,2.92,h12_v1,2026-05-08 17:00:51.341680
Nefza,Béja,Nefza,2025-12-01,2026-04-01,4,356754.5768955921,2.92,h12_v1,2026-05-08 17:00:51.341680
Nefza,Béja,Nefza,2025-12-01,2026-05-01,5,359113.45543692453,2.92,h12_v1,2026-05-08 17:00:51.341680
Nefza,Béja,Nefza,2025-12-01,2026-06-01,6,355057.36070576776,2.92,h12_v1,2026-05-08 17:00:51.341680
Nefza,Béja,Nefza,2025-12-01,2026-07-01,7,353022.251312978,2.92,h12_v1,2026-05-08 17:00:51.341680
Nefza,Béja,Nefza,2025-12-01,2026-08-01,8,357032.0417078377,2.92,h12_v1,2026-05-08 17:00:51.341680
Nefza,Béja,Nefza,2025-12-01,2026-09-01,9,355158.7635134713,2.92,h12_v1,2026-05-08 17:00:51.341680
Nefza,Béja,Nefza,2025-12-01,2026-10-01,10,355725.1439054072,2.92,h12_v1,2026-05-08 17:00:51.341680
Nefza,Béja,Nefza,2025-12-01,2026-11-01,11,355220.0725161207,2.92,h12_v1,2026-05-08 17:00:51.341680
Nefza,Béja,Nefza,2025-12-01,2026-12-01,12,356429.61885559914,2.92,h12_v1,2026-05-08 17:00:51.341680
Nouvelle Matmata,Gabès,Nouvelle Matmata,2025-12-01,2026-01-01,1,651609.8232484359,2.92,h12_v1,2026-05-08 17:00:51.341680
Nouvelle Matmata,Gabès,Nouvelle Matmata,2025-12-01,2026-02-01,2,649980.8239789945,2.92,h12_v1,2026-05-08 17:00:51.341680
Nouvelle Matmata,Gabès,Nouvelle Matmata,2025-12-01,2026-03-01,3,653556.8885690696,2.92,h12_v1,2026-05-08 17:00:51.341680
Nouvelle Matmata,Gabès,Nouvelle Matmata,2025-12-01,2026-04-01,4,655172.3496871729,2.92,h12_v1,2026-05-08 17:00:51.341680
Nouvelle Matmata,Gabès,Nouvelle Matmata,2025-12-01,2026-05-01,5,656951.610506952,2.92,h12_v1,2026-05-08 17:00:51.341680
Nouvelle Matmata,Gabès,Nouvelle Matmata,2025-12-01,2026-06-01,6,653330.3749167607,2.92,h12_v1,2026-05-08 17:00:51.341680
Nouvelle Matmata,Gabès,Nouvelle Matmata,2025-12-01,2026-07-01,7,653440.481040855,2.92,h12_v1,2026-05-08 17:00:51.341680
Nouvelle Matmata,Gabès,Nouvelle Matmata,2025-12-01,2026-08-01,8,656158.5303450754,2.92,h12_v1,2026-05-08 17:00:51.341680
Nouvelle Matmata,Gabès,Nouvelle Matmata,2025-12-01,2026-09-01,9,654815.6649948615,2.92,h12_v1,2026-05-08 17:00:51.341680
Nouvelle Matmata,Gabès,Nouvelle Matmata,2025-12-01,2026-10-01,10,651796.0779826157,2.92,h12_v1,2026-05-08 17:00:51.341680
Nouvelle Matmata,Gabès,Nouvelle Matmata,2025-12-01,2026-11-01,11,656228.1784962249,2.92,h12_v1,2026-05-08 17:00:51.341680
Nouvelle Matmata,Gabès,Nouvelle Matmata,2025-12-01,2026-12-01,12,649994.5091844241,2.92,h12_v1,2026-05-08 17:00:51.341680
Oudhref,Gabès,Oudhref,2025-12-01,2026-01-01,1,597744.4209276868,2.92,h12_v1,2026-05-08 17:00:51.341680
Oudhref,Gabès,Oudhref,2025-12-01,2026-02-01,2,604660.7777267976,2.92,h12_v1,2026-05-08 17:00:51.341680
Oudhref,Gabès,Oudhref,2025-12-01,2026-03-01,3,604699.6348727565,2.92,h12_v1,2026-05-08 17:00:51.341680
Oudhref,Gabès,Oudhref,2025-12-01,2026-04-01,4,597120.6085662877,2.92,h12_v1,2026-05-08 17:00:51.341680
Oudhref,Gabès,Oudhref,2025-12-01,2026-05-01,5,601960.6549816092,2.92,h12_v1,2026-05-08 17:00:51.341680
Oudhref,Gabès,Oudhref,2025-12-01,2026-06-01,6,602131.3606895816,2.92,h12_v1,2026-05-08 17:00:51.341680
Oudhref,Gabès,Oudhref,2025-12-01,2026-07-01,7,604872.6350110576,2.92,h12_v1,2026-05-08 17:00:51.341680
Oudhref,Gabès,Oudhref,2025-12-01,2026-08-01,8,602906.8627352767,2.92,h12_v1,2026-05-08 17:00:51.341680
Oudhref,Gabès,Oudhref,2025-12-01,2026-09-01,9,596149.2414128508,2.92,h12_v1,2026-05-08 17:00:51.341680
Oudhref,Gabès,Oudhref,2025-12-01,2026-10-01,10,600357.9786575363,2.92,h12_v1,2026-05-08 17:00:51.341680
Oudhref,Gabès,Oudhref,2025-12-01,2026-11-01,11,603043.6704551118,2.92,h12_v1,2026-05-08 17:00:51.341680
Oudhref,Gabès,Oudhref,2025-12-01,2026-12-01,12,599336.1458255146,2.92,h12_v1,2026-05-08 17:00:51.341680
Oued Ellil,La Manouba,Oued Ellil,2025-12-01,2026-01-01,1,457551.8768786198,2.92,h12_v1,2026-05-08 17:00:51.341680
Oued Ellil,La Manouba,Oued Ellil,2025-12-01,2026-02-01,2,464342.14760679635,2.92,h12_v1,2026-05-08 17:00:51.341680
Oued Ellil,La Manouba,Oued Ellil,2025-12-01,2026-03-01,3,465806.2894673744,2.92,h12_v1,2026-05-08 17:00:51.341680
Oued Ellil,La Manouba,Oued Ellil,2025-12-01,2026-04-01,4,461427.7624360285,2.92,h12_v1,2026-05-08 17:00:51.341680
Oued Ellil,La Manouba,Oued Ellil,2025-12-01,2026-05-01,5,464757.27704804234,2.92,h12_v1,2026-05-08 17:00:51.341680
Oued Ellil,La Manouba,Oued Ellil,2025-12-01,2026-06-01,6,461970.2913336227,2.92,h12_v1,2026-05-08 17:00:51.341680
Oued Ellil,La Manouba,Oued Ellil,2025-12-01,2026-07-01,7,464320.20396938757,2.92,h12_v1,2026-05-08 17:00:51.341680
Oued Ellil,La Manouba,Oued Ellil,2025-12-01,2026-08-01,8,467031.2531446945,2.92,h12_v1,2026-05-08 17:00:51.341680
Oued Ellil,La Manouba,Oued Ellil,2025-12-01,2026-09-01,9,463683.48550105904,2.92,h12_v1,2026-05-08 17:00:51.341680
Oued Ellil,La Manouba,Oued Ellil,2025-12-01,2026-10-01,10,462705.49719179125,2.92,h12_v1,2026-05-08 17:00:51.341680
Oued Ellil,La Manouba,Oued Ellil,2025-12-01,2026-11-01,11,465237.9811468061,2.92,h12_v1,2026-05-08 17:00:51.341680
Oued Ellil,La Manouba,Oued Ellil,2025-12-01,2026-12-01,12,463644.29108545283,2.92,h12_v1,2026-05-08 17:00:51.341680
Oued Meliz,Jendouba,Oued Meliz,2025-12-01,2026-01-01,1,487321.6167335104,2.92,h12_v1,2026-05-08 17:00:51.341680
Oued Meliz,Jendouba,Oued Meliz,2025-12-01,2026-02-01,2,482317.94166149653,2.92,h12_v1,2026-05-08 17:00:51.341680
Oued Meliz,Jendouba,Oued Meliz,2025-12-01,2026-03-01,3,483941.2906605616,2.92,h12_v1,2026-05-08 17:00:51.341680
Oued Meliz,Jendouba,Oued Meliz,2025-12-01,2026-04-01,4,485380.36190072005,2.92,h12_v1,2026-05-08 17:00:51.341680
Oued Meliz,Jendouba,Oued Meliz,2025-12-01,2026-05-01,5,481290.3112793519,2.92,h12_v1,2026-05-08 17:00:51.341680
Oued Meliz,Jendouba,Oued Meliz,2025-12-01,2026-06-01,6,482864.58795108047,2.92,h12_v1,2026-05-08 17:00:51.341680
Oued Meliz,Jendouba,Oued Meliz,2025-12-01,2026-07-01,7,483953.4719546731,2.92,h12_v1,2026-05-08 17:00:51.341680
Oued Meliz,Jendouba,Oued Meliz,2025-12-01,2026-08-01,8,482780.75595488516,2.92,h12_v1,2026-05-08 17:00:51.341680
Oued Meliz,Jendouba,Oued Meliz,2025-12-01,2026-09-01,9,482022.2093864835,2.92,h12_v1,2026-05-08 17:00:51.341680
Oued Meliz,Jendouba,Oued Meliz,2025-12-01,2026-10-01,10,486877.6875353318,2.92,h12_v1,2026-05-08 17:00:51.341680
Oued Meliz,Jendouba,Oued Meliz,2025-12-01,2026-11-01,11,486351.3571761701,2.92,h12_v1,2026-05-08 17:00:51.341680
Oued Meliz,Jendouba,Oued Meliz,2025-12-01,2026-12-01,12,487318.22692810756,2.92,h12_v1,2026-05-08 17:00:51.341680
Ouerdanine,Monastir,Ouerdanine,2025-12-01,2026-01-01,1,846913.6935723039,2.92,h12_v1,2026-05-08 17:00:51.341680
Ouerdanine,Monastir,Ouerdanine,2025-12-01,2026-02-01,2,845388.915800771,2.92,h12_v1,2026-05-08 17:00:51.347435
Ouerdanine,Monastir,Ouerdanine,2025-12-01,2026-03-01,3,842109.4338853607,2.92,h12_v1,2026-05-08 17:00:51.347435
Ouerdanine,Monastir,Ouerdanine,2025-12-01,2026-04-01,4,846968.9563095995,2.92,h12_v1,2026-05-08 17:00:51.347435
Ouerdanine,Monastir,Ouerdanine,2025-12-01,2026-05-01,5,846048.5508821901,2.92,h12_v1,2026-05-08 17:00:51.347435
Ouerdanine,Monastir,Ouerdanine,2025-12-01,2026-06-01,6,847440.6759464935,2.92,h12_v1,2026-05-08 17:00:51.347435
Ouerdanine,Monastir,Ouerdanine,2025-12-01,2026-07-01,7,839547.9590908178,2.92,h12_v1,2026-05-08 17:00:51.347435
Ouerdanine,Monastir,Ouerdanine,2025-12-01,2026-08-01,8,850274.5298834684,2.92,h12_v1,2026-05-08 17:00:51.347435
Ouerdanine,Monastir,Ouerdanine,2025-12-01,2026-09-01,9,848653.2534760877,2.92,h12_v1,2026-05-08 17:00:51.347435
Ouerdanine,Monastir,Ouerdanine,2025-12-01,2026-10-01,10,855180.0899501368,2.92,h12_v1,2026-05-08 17:00:51.347435
Ouerdanine,Monastir,Ouerdanine,2025-12-01,2026-11-01,11,851106.3288320425,2.92,h12_v1,2026-05-08 17:00:51.347435
Ouerdanine,Monastir,Ouerdanine,2025-12-01,2026-12-01,12,844622.8549944038,2.92,h12_v1,2026-05-08 17:00:51.347435
Oueslatia,Kairouan,Oueslatia,2025-12-01,2026-01-01,1,448148.69278244727,2.92,h12_v1,2026-05-08 17:00:51.347435
Oueslatia,Kairouan,Oueslatia,2025-12-01,2026-02-01,2,455777.1313444883,2.92,h12_v1,2026-05-08 17:00:51.347435
Oueslatia,Kairouan,Oueslatia,2025-12-01,2026-03-01,3,450085.664500359,2.92,h12_v1,2026-05-08 17:00:51.347435
Oueslatia,Kairouan,Oueslatia,2025-12-01,2026-04-01,4,452106.60299808765,2.92,h12_v1,2026-05-08 17:00:51.347435
Oueslatia,Kairouan,Oueslatia,2025-12-01,2026-05-01,5,451964.91172032367,2.92,h12_v1,2026-05-08 17:00:51.347435
Oueslatia,Kairouan,Oueslatia,2025-12-01,2026-06-01,6,450254.0172999099,2.92,h12_v1,2026-05-08 17:00:51.347435
Oueslatia,Kairouan,Oueslatia,2025-12-01,2026-07-01,7,448690.5898102675,2.92,h12_v1,2026-05-08 17:00:51.347435
Oueslatia,Kairouan,Oueslatia,2025-12-01,2026-08-01,8,451077.1864077415,2.92,h12_v1,2026-05-08 17:00:51.347435
Oueslatia,Kairouan,Oueslatia,2025-12-01,2026-09-01,9,448941.54220023804,2.92,h12_v1,2026-05-08 17:00:51.347435
Oueslatia,Kairouan,Oueslatia,2025-12-01,2026-10-01,10,450056.87893460406,2.92,h12_v1,2026-05-08 17:00:51.347435
Oueslatia,Kairouan,Oueslatia,2025-12-01,2026-11-01,11,450717.6287300748,2.92,h12_v1,2026-05-08 17:00:51.347435
Oueslatia,Kairouan,Oueslatia,2025-12-01,2026-12-01,12,449446.49692419404,2.92,h12_v1,2026-05-08 17:00:51.347435
Ouled Chamekh,Mahdia,Ouled Chamekh,2025-12-01,2026-01-01,1,454683.1082904248,2.92,h12_v1,2026-05-08 17:00:51.347435
Ouled Chamekh,Mahdia,Ouled Chamekh,2025-12-01,2026-02-01,2,450074.38728815457,2.92,h12_v1,2026-05-08 17:00:51.347435
Ouled Chamekh,Mahdia,Ouled Chamekh,2025-12-01,2026-03-01,3,452261.2803065132,2.92,h12_v1,2026-05-08 17:00:51.347435
Ouled Chamekh,Mahdia,Ouled Chamekh,2025-12-01,2026-04-01,4,450253.7956641464,2.92,h12_v1,2026-05-08 17:00:51.347435
Ouled Chamekh,Mahdia,Ouled Chamekh,2025-12-01,2026-05-01,5,453598.914396337,2.92,h12_v1,2026-05-08 17:00:51.347435
Ouled Chamekh,Mahdia,Ouled Chamekh,2025-12-01,2026-06-01,6,453408.6276131165,2.92,h12_v1,2026-05-08 17:00:51.347435
Ouled Chamekh,Mahdia,Ouled Chamekh,2025-12-01,2026-07-01,7,451668.57230720343,2.92,h12_v1,2026-05-08 17:00:51.347435
Ouled Chamekh,Mahdia,Ouled Chamekh,2025-12-01,2026-08-01,8,452474.45204663905,2.92,h12_v1,2026-05-08 17:00:51.347435
Ouled Chamekh,Mahdia,Ouled Chamekh,2025-12-01,2026-09-01,9,452592.2865447937,2.92,h12_v1,2026-05-08 17:00:51.347435
Ouled Chamekh,Mahdia,Ouled Chamekh,2025-12-01,2026-10-01,10,454614.71152719477,2.92,h12_v1,2026-05-08 17:00:51.347435
Ouled Chamekh,Mahdia,Ouled Chamekh,2025-12-01,2026-11-01,11,452446.8411106485,2.92,h12_v1,2026-05-08 17:00:51.347435
Ouled Chamekh,Mahdia,Ouled Chamekh,2025-12-01,2026-12-01,12,452494.9683887471,2.92,h12_v1,2026-05-08 17:00:51.347435
Ouled Haffouz,Sidi Bouzid,Ouled Haffouz,2025-12-01,2026-01-01,1,404499.34262369777,2.92,h12_v1,2026-05-08 17:00:51.347435
Ouled Haffouz,Sidi Bouzid,Ouled Haffouz,2025-12-01,2026-02-01,2,408036.63529501326,2.92,h12_v1,2026-05-08 17:00:51.347435
Ouled Haffouz,Sidi Bouzid,Ouled Haffouz,2025-12-01,2026-03-01,3,407779.0006614212,2.92,h12_v1,2026-05-08 17:00:51.347435
Ouled Haffouz,Sidi Bouzid,Ouled Haffouz,2025-12-01,2026-04-01,4,403184.753706023,2.92,h12_v1,2026-05-08 17:00:51.347435
Ouled Haffouz,Sidi Bouzid,Ouled Haffouz,2025-12-01,2026-05-01,5,406782.25652132597,2.92,h12_v1,2026-05-08 17:00:51.347435
Ouled Haffouz,Sidi Bouzid,Ouled Haffouz,2025-12-01,2026-06-01,6,403481.59777719626,2.92,h12_v1,2026-05-08 17:00:51.347435
Ouled Haffouz,Sidi Bouzid,Ouled Haffouz,2025-12-01,2026-07-01,7,408989.0162755196,2.92,h12_v1,2026-05-08 17:00:51.347435
Ouled Haffouz,Sidi Bouzid,Ouled Haffouz,2025-12-01,2026-08-01,8,408144.0113661628,2.92,h12_v1,2026-05-08 17:00:51.347435
Ouled Haffouz,Sidi Bouzid,Ouled Haffouz,2025-12-01,2026-09-01,9,407817.3855572791,2.92,h12_v1,2026-05-08 17:00:51.347435
Ouled Haffouz,Sidi Bouzid,Ouled Haffouz,2025-12-01,2026-10-01,10,406300.595392629,2.92,h12_v1,2026-05-08 17:00:51.347435
Ouled Haffouz,Sidi Bouzid,Ouled Haffouz,2025-12-01,2026-11-01,11,409297.9141211896,2.92,h12_v1,2026-05-08 17:00:51.347435
Ouled Haffouz,Sidi Bouzid,Ouled Haffouz,2025-12-01,2026-12-01,12,403144.87794903846,2.92,h12_v1,2026-05-08 17:00:51.347435
Radès,Ben Arous,Radès,2025-12-01,2026-01-01,1,1262042.953362117,2.92,h12_v1,2026-05-08 17:00:51.347435
Radès,Ben Arous,Radès,2025-12-01,2026-02-01,2,1260026.3998291362,2.92,h12_v1,2026-05-08 17:00:51.347435
Radès,Ben Arous,Radès,2025-12-01,2026-03-01,3,1258554.8684145405,2.92,h12_v1,2026-05-08 17:00:51.347435
Radès,Ben Arous,Radès,2025-12-01,2026-04-01,4,1261147.5584399584,2.92,h12_v1,2026-05-08 17:00:51.347435
Radès,Ben Arous,Radès,2025-12-01,2026-05-01,5,1258530.4720511115,2.92,h12_v1,2026-05-08 17:00:51.347435
Radès,Ben Arous,Radès,2025-12-01,2026-06-01,6,1264092.1774487384,2.92,h12_v1,2026-05-08 17:00:51.347435
Radès,Ben Arous,Radès,2025-12-01,2026-07-01,7,1264009.1342703954,2.92,h12_v1,2026-05-08 17:00:51.347435
Radès,Ben Arous,Radès,2025-12-01,2026-08-01,8,1267039.473026034,2.92,h12_v1,2026-05-08 17:00:51.347435
Radès,Ben Arous,Radès,2025-12-01,2026-09-01,9,1267239.838814893,2.92,h12_v1,2026-05-08 17:00:51.347435
Radès,Ben Arous,Radès,2025-12-01,2026-10-01,10,1272495.6542302154,2.92,h12_v1,2026-05-08 17:00:51.347435
Radès,Ben Arous,Radès,2025-12-01,2026-11-01,11,1268849.854116105,2.92,h12_v1,2026-05-08 17:00:51.347435
Radès,Ben Arous,Radès,2025-12-01,2026-12-01,12,1266955.4908001593,2.92,h12_v1,2026-05-08 17:00:51.347435
Raoued,Ariana,Raoued,2025-12-01,2026-01-01,1,994195.0464082335,2.92,h12_v1,2026-05-08 17:00:51.347435
Raoued,Ariana,Raoued,2025-12-01,2026-02-01,2,980293.4817379495,2.92,h12_v1,2026-05-08 17:00:51.347435
Raoued,Ariana,Raoued,2025-12-01,2026-03-01,3,989386.9171585828,2.92,h12_v1,2026-05-08 17:00:51.347435
Raoued,Ariana,Raoued,2025-12-01,2026-04-01,4,970014.0959769491,2.92,h12_v1,2026-05-08 17:00:51.347435
Raoued,Ariana,Raoued,2025-12-01,2026-05-01,5,965442.8750447901,2.92,h12_v1,2026-05-08 17:00:51.347435
Raoued,Ariana,Raoued,2025-12-01,2026-06-01,6,974762.7550766388,2.92,h12_v1,2026-05-08 17:00:51.347435
Raoued,Ariana,Raoued,2025-12-01,2026-07-01,7,973919.7942220031,2.92,h12_v1,2026-05-08 17:00:51.347435
Raoued,Ariana,Raoued,2025-12-01,2026-08-01,8,986185.4693510941,2.92,h12_v1,2026-05-08 17:00:51.347435
Raoued,Ariana,Raoued,2025-12-01,2026-09-01,9,977266.0796933895,2.92,h12_v1,2026-05-08 17:00:51.347435
Raoued,Ariana,Raoued,2025-12-01,2026-10-01,10,970066.1488386912,2.92,h12_v1,2026-05-08 17:00:51.347435
Raoued,Ariana,Raoued,2025-12-01,2026-11-01,11,966137.8776634885,2.92,h12_v1,2026-05-08 17:00:51.347435
Raoued,Ariana,Raoued,2025-12-01,2026-12-01,12,977398.4841177341,2.92,h12_v1,2026-05-08 17:00:51.347435
Ras Jebel,Bizerte,Ras Jebel,2025-12-01,2026-01-01,1,737934.7209016779,2.92,h12_v1,2026-05-08 17:00:51.347435
Ras Jebel,Bizerte,Ras Jebel,2025-12-01,2026-02-01,2,737396.3494469253,2.92,h12_v1,2026-05-08 17:00:51.347435
Ras Jebel,Bizerte,Ras Jebel,2025-12-01,2026-03-01,3,741414.8301371259,2.92,h12_v1,2026-05-08 17:00:51.347435
Ras Jebel,Bizerte,Ras Jebel,2025-12-01,2026-04-01,4,741166.0254815208,2.92,h12_v1,2026-05-08 17:00:51.347435
Ras Jebel,Bizerte,Ras Jebel,2025-12-01,2026-05-01,5,743967.004053197,2.92,h12_v1,2026-05-08 17:00:51.347435
Ras Jebel,Bizerte,Ras Jebel,2025-12-01,2026-06-01,6,741868.4504405115,2.92,h12_v1,2026-05-08 17:00:51.347435
Ras Jebel,Bizerte,Ras Jebel,2025-12-01,2026-07-01,7,749132.576675749,2.92,h12_v1,2026-05-08 17:00:51.347435
Ras Jebel,Bizerte,Ras Jebel,2025-12-01,2026-08-01,8,737753.6595440152,2.92,h12_v1,2026-05-08 17:00:51.347435
Ras Jebel,Bizerte,Ras Jebel,2025-12-01,2026-09-01,9,744403.7670816473,2.92,h12_v1,2026-05-08 17:00:51.347435
Ras Jebel,Bizerte,Ras Jebel,2025-12-01,2026-10-01,10,747574.7825386433,2.92,h12_v1,2026-05-08 17:00:51.347435
Ras Jebel,Bizerte,Ras Jebel,2025-12-01,2026-11-01,11,744012.6384279745,2.92,h12_v1,2026-05-08 17:00:51.347435
Ras Jebel,Bizerte,Ras Jebel,2025-12-01,2026-12-01,12,741819.9507656979,2.92,h12_v1,2026-05-08 17:00:51.347435
Redeyef,Gafsa,Redeyef,2025-12-01,2026-01-01,1,466422.6463527644,2.92,h12_v1,2026-05-08 17:00:51.347435
Redeyef,Gafsa,Redeyef,2025-12-01,2026-02-01,2,468425.42160654115,2.92,h12_v1,2026-05-08 17:00:51.347435
Redeyef,Gafsa,Redeyef,2025-12-01,2026-03-01,3,468819.7465123156,2.92,h12_v1,2026-05-08 17:00:51.347435
Redeyef,Gafsa,Redeyef,2025-12-01,2026-04-01,4,468041.68663841084,2.92,h12_v1,2026-05-08 17:00:51.347435
Redeyef,Gafsa,Redeyef,2025-12-01,2026-05-01,5,467334.9882976371,2.92,h12_v1,2026-05-08 17:00:51.347435
Redeyef,Gafsa,Redeyef,2025-12-01,2026-06-01,6,460895.69570798625,2.92,h12_v1,2026-05-08 17:00:51.347435
Redeyef,Gafsa,Redeyef,2025-12-01,2026-07-01,7,467372.62845155847,2.92,h12_v1,2026-05-08 17:00:51.347435
Redeyef,Gafsa,Redeyef,2025-12-01,2026-08-01,8,471830.98651652725,2.92,h12_v1,2026-05-08 17:00:51.347435
Redeyef,Gafsa,Redeyef,2025-12-01,2026-09-01,9,467147.4439274076,2.92,h12_v1,2026-05-08 17:00:51.347435
Redeyef,Gafsa,Redeyef,2025-12-01,2026-10-01,10,464916.17347770795,2.92,h12_v1,2026-05-08 17:00:51.347435
Redeyef,Gafsa,Redeyef,2025-12-01,2026-11-01,11,466523.7534611779,2.92,h12_v1,2026-05-08 17:00:51.347435
Redeyef,Gafsa,Redeyef,2025-12-01,2026-12-01,12,467769.16172153666,2.92,h12_v1,2026-05-08 17:00:51.347435
Regueb,Sidi Bouzid,Regueb,2025-12-01,2026-01-01,1,378288.84980511124,2.92,h12_v1,2026-05-08 17:00:51.347435
Regueb,Sidi Bouzid,Regueb,2025-12-01,2026-02-01,2,379192.7503055086,2.92,h12_v1,2026-05-08 17:00:51.347435
Regueb,Sidi Bouzid,Regueb,2025-12-01,2026-03-01,3,372886.9871466661,2.92,h12_v1,2026-05-08 17:00:51.347435
Regueb,Sidi Bouzid,Regueb,2025-12-01,2026-04-01,4,374493.4312017822,2.92,h12_v1,2026-05-08 17:00:51.347435
Regueb,Sidi Bouzid,Regueb,2025-12-01,2026-05-01,5,379051.09606311243,2.92,h12_v1,2026-05-08 17:00:51.347435
Regueb,Sidi Bouzid,Regueb,2025-12-01,2026-06-01,6,380959.6645403532,2.92,h12_v1,2026-05-08 17:00:51.347435
Regueb,Sidi Bouzid,Regueb,2025-12-01,2026-07-01,7,382166.4134639868,2.92,h12_v1,2026-05-08 17:00:51.347435
Regueb,Sidi Bouzid,Regueb,2025-12-01,2026-08-01,8,375031.8095110586,2.92,h12_v1,2026-05-08 17:00:51.347435
Regueb,Sidi Bouzid,Regueb,2025-12-01,2026-09-01,9,376447.44114558114,2.92,h12_v1,2026-05-08 17:00:51.347435
Regueb,Sidi Bouzid,Regueb,2025-12-01,2026-10-01,10,378497.22927296325,2.92,h12_v1,2026-05-08 17:00:51.347435
Regueb,Sidi Bouzid,Regueb,2025-12-01,2026-11-01,11,377578.55260249565,2.92,h12_v1,2026-05-08 17:00:51.347435
Regueb,Sidi Bouzid,Regueb,2025-12-01,2026-12-01,12,378034.07157815184,2.92,h12_v1,2026-05-08 17:00:51.347435
Rejiche,Mahdia,Rejiche,2025-12-01,2026-01-01,1,516315.6983323838,2.92,h12_v1,2026-05-08 17:00:51.355422
Rejiche,Mahdia,Rejiche,2025-12-01,2026-02-01,2,520836.6983415967,2.92,h12_v1,2026-05-08 17:00:51.355422
Rejiche,Mahdia,Rejiche,2025-12-01,2026-03-01,3,520840.23370991397,2.92,h12_v1,2026-05-08 17:00:51.355422
Rejiche,Mahdia,Rejiche,2025-12-01,2026-04-01,4,517699.8076499994,2.92,h12_v1,2026-05-08 17:00:51.355422
Rejiche,Mahdia,Rejiche,2025-12-01,2026-05-01,5,525192.7579354459,2.92,h12_v1,2026-05-08 17:00:51.355422
Rejiche,Mahdia,Rejiche,2025-12-01,2026-06-01,6,521893.1130422773,2.92,h12_v1,2026-05-08 17:00:51.355422
Rejiche,Mahdia,Rejiche,2025-12-01,2026-07-01,7,521475.65728431765,2.92,h12_v1,2026-05-08 17:00:51.355422
Rejiche,Mahdia,Rejiche,2025-12-01,2026-08-01,8,520299.2745675491,2.92,h12_v1,2026-05-08 17:00:51.355422
Rejiche,Mahdia,Rejiche,2025-12-01,2026-09-01,9,520640.3369480264,2.92,h12_v1,2026-05-08 17:00:51.355422
Rejiche,Mahdia,Rejiche,2025-12-01,2026-10-01,10,525078.2449661689,2.92,h12_v1,2026-05-08 17:00:51.355422
Rejiche,Mahdia,Rejiche,2025-12-01,2026-11-01,11,522066.7251418568,2.92,h12_v1,2026-05-08 17:00:51.355422
Rejiche,Mahdia,Rejiche,2025-12-01,2026-12-01,12,525855.5834250201,2.92,h12_v1,2026-05-08 17:00:51.355422
Remada,Tataouine,Remada,2025-12-01,2026-01-01,1,309727.80491205753,2.92,h12_v1,2026-05-08 17:00:51.355422
Remada,Tataouine,Remada,2025-12-01,2026-02-01,2,309474.8788266763,2.92,h12_v1,2026-05-08 17:00:51.355422
Remada,Tataouine,Remada,2025-12-01,2026-03-01,3,313392.12450331915,2.92,h12_v1,2026-05-08 17:00:51.355422
Remada,Tataouine,Remada,2025-12-01,2026-04-01,4,311743.531259018,2.92,h12_v1,2026-05-08 17:00:51.355422
Remada,Tataouine,Remada,2025-12-01,2026-05-01,5,312575.3704912369,2.92,h12_v1,2026-05-08 17:00:51.355422
Remada,Tataouine,Remada,2025-12-01,2026-06-01,6,310743.2632655548,2.92,h12_v1,2026-05-08 17:00:51.355422
Remada,Tataouine,Remada,2025-12-01,2026-07-01,7,312311.12456937984,2.92,h12_v1,2026-05-08 17:00:51.355422
Remada,Tataouine,Remada,2025-12-01,2026-08-01,8,311804.65367022494,2.92,h12_v1,2026-05-08 17:00:51.355422
Remada,Tataouine,Remada,2025-12-01,2026-09-01,9,312725.3335896567,2.92,h12_v1,2026-05-08 17:00:51.355422
Remada,Tataouine,Remada,2025-12-01,2026-10-01,10,310636.22171544906,2.92,h12_v1,2026-05-08 17:00:51.355422
Remada,Tataouine,Remada,2025-12-01,2026-11-01,11,309863.56350256887,2.92,h12_v1,2026-05-08 17:00:51.355422
Remada,Tataouine,Remada,2025-12-01,2026-12-01,12,311473.0682752382,2.92,h12_v1,2026-05-08 17:00:51.355422
Rjim Maatoug,Kébili,Rjim Maatoug,2025-12-01,2026-01-01,1,384431.9932671178,2.92,h12_v1,2026-05-08 17:00:51.355422
Rjim Maatoug,Kébili,Rjim Maatoug,2025-12-01,2026-02-01,2,387316.96345471794,2.92,h12_v1,2026-05-08 17:00:51.355422
Rjim Maatoug,Kébili,Rjim Maatoug,2025-12-01,2026-03-01,3,389561.36465541576,2.92,h12_v1,2026-05-08 17:00:51.355422
Rjim Maatoug,Kébili,Rjim Maatoug,2025-12-01,2026-04-01,4,389554.00363034883,2.92,h12_v1,2026-05-08 17:00:51.355422
Rjim Maatoug,Kébili,Rjim Maatoug,2025-12-01,2026-05-01,5,387102.52216902195,2.92,h12_v1,2026-05-08 17:00:51.355422
Rjim Maatoug,Kébili,Rjim Maatoug,2025-12-01,2026-06-01,6,386949.88322346867,2.92,h12_v1,2026-05-08 17:00:51.355422
Rjim Maatoug,Kébili,Rjim Maatoug,2025-12-01,2026-07-01,7,383466.85600411665,2.92,h12_v1,2026-05-08 17:00:51.355422
Rjim Maatoug,Kébili,Rjim Maatoug,2025-12-01,2026-08-01,8,386216.18083416496,2.92,h12_v1,2026-05-08 17:00:51.355422
Rjim Maatoug,Kébili,Rjim Maatoug,2025-12-01,2026-09-01,9,387405.6910958097,2.92,h12_v1,2026-05-08 17:00:51.355422
Rjim Maatoug,Kébili,Rjim Maatoug,2025-12-01,2026-10-01,10,385875.8957429553,2.92,h12_v1,2026-05-08 17:00:51.355422
Rjim Maatoug,Kébili,Rjim Maatoug,2025-12-01,2026-11-01,11,386018.9431473667,2.92,h12_v1,2026-05-08 17:00:51.355422
Rjim Maatoug,Kébili,Rjim Maatoug,2025-12-01,2026-12-01,12,385936.1309433697,2.92,h12_v1,2026-05-08 17:00:51.355422
Rouhia,Siliana,Rouhia,2025-12-01,2026-01-01,1,374275.7820559386,2.92,h12_v1,2026-05-08 17:00:51.355422
Rouhia,Siliana,Rouhia,2025-12-01,2026-02-01,2,372546.6457820907,2.92,h12_v1,2026-05-08 17:00:51.355422
Rouhia,Siliana,Rouhia,2025-12-01,2026-03-01,3,372133.9412542488,2.92,h12_v1,2026-05-08 17:00:51.355422
Rouhia,Siliana,Rouhia,2025-12-01,2026-04-01,4,373089.58042621147,2.92,h12_v1,2026-05-08 17:00:51.355422
Rouhia,Siliana,Rouhia,2025-12-01,2026-05-01,5,375007.386604436,2.92,h12_v1,2026-05-08 17:00:51.355422
Rouhia,Siliana,Rouhia,2025-12-01,2026-06-01,6,373204.6756809952,2.92,h12_v1,2026-05-08 17:00:51.355422
Rouhia,Siliana,Rouhia,2025-12-01,2026-07-01,7,369366.4279793542,2.92,h12_v1,2026-05-08 17:00:51.355422
Rouhia,Siliana,Rouhia,2025-12-01,2026-08-01,8,374564.4667882714,2.92,h12_v1,2026-05-08 17:00:51.355422
Rouhia,Siliana,Rouhia,2025-12-01,2026-09-01,9,366799.0519914391,2.92,h12_v1,2026-05-08 17:00:51.355422
Rouhia,Siliana,Rouhia,2025-12-01,2026-10-01,10,370761.08603734616,2.92,h12_v1,2026-05-08 17:00:51.355422
Rouhia,Siliana,Rouhia,2025-12-01,2026-11-01,11,372617.95742081275,2.92,h12_v1,2026-05-08 17:00:51.355422
Rouhia,Siliana,Rouhia,2025-12-01,2026-12-01,12,370335.30675256037,2.92,h12_v1,2026-05-08 17:00:51.355422
Sahline,Monastir,Sahline,2025-12-01,2026-01-01,1,664248.1100376325,2.92,h12_v1,2026-05-08 17:00:51.355422
Sahline,Monastir,Sahline,2025-12-01,2026-02-01,2,655036.4663552876,2.92,h12_v1,2026-05-08 17:00:51.355422
Sahline,Monastir,Sahline,2025-12-01,2026-03-01,3,657005.0551563286,2.92,h12_v1,2026-05-08 17:00:51.355422
Sahline,Monastir,Sahline,2025-12-01,2026-04-01,4,657622.0178175804,2.92,h12_v1,2026-05-08 17:00:51.355422
Sahline,Monastir,Sahline,2025-12-01,2026-05-01,5,662712.1146251243,2.92,h12_v1,2026-05-08 17:00:51.355422
Sahline,Monastir,Sahline,2025-12-01,2026-06-01,6,659241.8022274688,2.92,h12_v1,2026-05-08 17:00:51.355422
Sahline,Monastir,Sahline,2025-12-01,2026-07-01,7,667141.6637204204,2.92,h12_v1,2026-05-08 17:00:51.355422
Sahline,Monastir,Sahline,2025-12-01,2026-08-01,8,660714.3081783631,2.92,h12_v1,2026-05-08 17:00:51.355422
Sahline,Monastir,Sahline,2025-12-01,2026-09-01,9,659878.3822958744,2.92,h12_v1,2026-05-08 17:00:51.355422
Sahline,Monastir,Sahline,2025-12-01,2026-10-01,10,665273.8788457413,2.92,h12_v1,2026-05-08 17:00:51.355422
Sahline,Monastir,Sahline,2025-12-01,2026-11-01,11,659998.1296341707,2.92,h12_v1,2026-05-08 17:00:51.355422
Sahline,Monastir,Sahline,2025-12-01,2026-12-01,12,660957.2324367865,2.92,h12_v1,2026-05-08 17:00:51.355422
Sakiet Eddaïer,Sfax,Sakiet Eddaïer,2025-12-01,2026-01-01,1,786958.8288277581,2.92,h12_v1,2026-05-08 17:00:51.355422
Sakiet Eddaïer,Sfax,Sakiet Eddaïer,2025-12-01,2026-02-01,2,789352.4537503447,2.92,h12_v1,2026-05-08 17:00:51.355422
Sakiet Eddaïer,Sfax,Sakiet Eddaïer,2025-12-01,2026-03-01,3,797161.0768612126,2.92,h12_v1,2026-05-08 17:00:51.357113
Sakiet Eddaïer,Sfax,Sakiet Eddaïer,2025-12-01,2026-04-01,4,788659.1642271226,2.92,h12_v1,2026-05-08 17:00:51.357113
Sakiet Eddaïer,Sfax,Sakiet Eddaïer,2025-12-01,2026-05-01,5,788980.1602735494,2.92,h12_v1,2026-05-08 17:00:51.357113
Sakiet Eddaïer,Sfax,Sakiet Eddaïer,2025-12-01,2026-06-01,6,790882.6516591597,2.92,h12_v1,2026-05-08 17:00:51.357113
Sakiet Eddaïer,Sfax,Sakiet Eddaïer,2025-12-01,2026-07-01,7,783549.3048628044,2.92,h12_v1,2026-05-08 17:00:51.357113
Sakiet Eddaïer,Sfax,Sakiet Eddaïer,2025-12-01,2026-08-01,8,790086.1063937875,2.92,h12_v1,2026-05-08 17:00:51.357113
Sakiet Eddaïer,Sfax,Sakiet Eddaïer,2025-12-01,2026-09-01,9,789021.8568819822,2.92,h12_v1,2026-05-08 17:00:51.357113
Sakiet Eddaïer,Sfax,Sakiet Eddaïer,2025-12-01,2026-10-01,10,792475.445010913,2.92,h12_v1,2026-05-08 17:00:51.357113
Sakiet Eddaïer,Sfax,Sakiet Eddaïer,2025-12-01,2026-11-01,11,788132.1875076934,2.92,h12_v1,2026-05-08 17:00:51.357113
Sakiet Eddaïer,Sfax,Sakiet Eddaïer,2025-12-01,2026-12-01,12,790850.3963474554,2.92,h12_v1,2026-05-08 17:00:51.357113
Sakiet Ezzit,Sfax,Sakiet Ezzit,2025-12-01,2026-01-01,1,824882.1645438848,2.92,h12_v1,2026-05-08 17:00:51.357113
Sakiet Ezzit,Sfax,Sakiet Ezzit,2025-12-01,2026-02-01,2,836514.8870234196,2.92,h12_v1,2026-05-08 17:00:51.357113
Sakiet Ezzit,Sfax,Sakiet Ezzit,2025-12-01,2026-03-01,3,829270.8741942433,2.92,h12_v1,2026-05-08 17:00:51.357113
Sakiet Ezzit,Sfax,Sakiet Ezzit,2025-12-01,2026-04-01,4,832234.8282565975,2.92,h12_v1,2026-05-08 17:00:51.357113
Sakiet Ezzit,Sfax,Sakiet Ezzit,2025-12-01,2026-05-01,5,830579.691830959,2.92,h12_v1,2026-05-08 17:00:51.357113
Sakiet Ezzit,Sfax,Sakiet Ezzit,2025-12-01,2026-06-01,6,831135.0442755176,2.92,h12_v1,2026-05-08 17:00:51.357113
Sakiet Ezzit,Sfax,Sakiet Ezzit,2025-12-01,2026-07-01,7,824545.8158133888,2.92,h12_v1,2026-05-08 17:00:51.357113
Sakiet Ezzit,Sfax,Sakiet Ezzit,2025-12-01,2026-08-01,8,833319.4751775463,2.92,h12_v1,2026-05-08 17:00:51.357113
Sakiet Ezzit,Sfax,Sakiet Ezzit,2025-12-01,2026-09-01,9,828510.9122383031,2.92,h12_v1,2026-05-08 17:00:51.357113
Sakiet Ezzit,Sfax,Sakiet Ezzit,2025-12-01,2026-10-01,10,830021.4474889062,2.92,h12_v1,2026-05-08 17:00:51.357113
Sakiet Ezzit,Sfax,Sakiet Ezzit,2025-12-01,2026-11-01,11,826018.7371164471,2.92,h12_v1,2026-05-08 17:00:51.357113
Sakiet Ezzit,Sfax,Sakiet Ezzit,2025-12-01,2026-12-01,12,829622.7004271393,2.92,h12_v1,2026-05-08 17:00:51.357113
Sakiet Sidi Youssef,Le Kef,Sakiet Sidi Youssef,2025-12-01,2026-01-01,1,425750.3209462585,2.92,h12_v1,2026-05-08 17:00:51.357113
Sakiet Sidi Youssef,Le Kef,Sakiet Sidi Youssef,2025-12-01,2026-02-01,2,425786.78258448275,2.92,h12_v1,2026-05-08 17:00:51.357113
Sakiet Sidi Youssef,Le Kef,Sakiet Sidi Youssef,2025-12-01,2026-03-01,3,420127.3852783994,2.92,h12_v1,2026-05-08 17:00:51.357113
Sakiet Sidi Youssef,Le Kef,Sakiet Sidi Youssef,2025-12-01,2026-04-01,4,423007.4799624114,2.92,h12_v1,2026-05-08 17:00:51.357113
Sakiet Sidi Youssef,Le Kef,Sakiet Sidi Youssef,2025-12-01,2026-05-01,5,427185.588509553,2.92,h12_v1,2026-05-08 17:00:51.357113
Sakiet Sidi Youssef,Le Kef,Sakiet Sidi Youssef,2025-12-01,2026-06-01,6,427278.2212627681,2.92,h12_v1,2026-05-08 17:00:51.357113
Sakiet Sidi Youssef,Le Kef,Sakiet Sidi Youssef,2025-12-01,2026-07-01,7,429466.9778639629,2.92,h12_v1,2026-05-08 17:00:51.357113
Sakiet Sidi Youssef,Le Kef,Sakiet Sidi Youssef,2025-12-01,2026-08-01,8,426342.0109002838,2.92,h12_v1,2026-05-08 17:00:51.357113
Sakiet Sidi Youssef,Le Kef,Sakiet Sidi Youssef,2025-12-01,2026-09-01,9,424415.3062755377,2.92,h12_v1,2026-05-08 17:00:51.357113
Sakiet Sidi Youssef,Le Kef,Sakiet Sidi Youssef,2025-12-01,2026-10-01,10,425706.1772116359,2.92,h12_v1,2026-05-08 17:00:51.357113
Sakiet Sidi Youssef,Le Kef,Sakiet Sidi Youssef,2025-12-01,2026-11-01,11,423029.62978215877,2.92,h12_v1,2026-05-08 17:00:51.357113
Sakiet Sidi Youssef,Le Kef,Sakiet Sidi Youssef,2025-12-01,2026-12-01,12,421530.5976209061,2.92,h12_v1,2026-05-08 17:00:51.357113
Saouaf,Zaghouan,Saouaf,2025-12-01,2026-01-01,1,598571.7850385945,2.92,h12_v1,2026-05-08 17:00:51.357113
Saouaf,Zaghouan,Saouaf,2025-12-01,2026-02-01,2,595745.0951128339,2.92,h12_v1,2026-05-08 17:00:51.357113
Saouaf,Zaghouan,Saouaf,2025-12-01,2026-03-01,3,598857.035699193,2.92,h12_v1,2026-05-08 17:00:51.357113
Saouaf,Zaghouan,Saouaf,2025-12-01,2026-04-01,4,593924.3701033342,2.92,h12_v1,2026-05-08 17:00:51.357113
Saouaf,Zaghouan,Saouaf,2025-12-01,2026-05-01,5,597345.7204588966,2.92,h12_v1,2026-05-08 17:00:51.357113
Saouaf,Zaghouan,Saouaf,2025-12-01,2026-06-01,6,594003.831399046,2.92,h12_v1,2026-05-08 17:00:51.357113
Saouaf,Zaghouan,Saouaf,2025-12-01,2026-07-01,7,601534.8754152755,2.92,h12_v1,2026-05-08 17:00:51.357113
Saouaf,Zaghouan,Saouaf,2025-12-01,2026-08-01,8,596883.9673618607,2.92,h12_v1,2026-05-08 17:00:51.357113
Saouaf,Zaghouan,Saouaf,2025-12-01,2026-09-01,9,589711.1124560833,2.92,h12_v1,2026-05-08 17:00:51.357113
Saouaf,Zaghouan,Saouaf,2025-12-01,2026-10-01,10,602089.1074099087,2.92,h12_v1,2026-05-08 17:00:51.357113
Saouaf,Zaghouan,Saouaf,2025-12-01,2026-11-01,11,599319.7216969565,2.92,h12_v1,2026-05-08 17:00:51.357113
Saouaf,Zaghouan,Saouaf,2025-12-01,2026-12-01,12,601030.9285244504,2.92,h12_v1,2026-05-08 17:00:51.357113
Sayada-Lamta-Bou Hajar,Monastir,Sayada-Lamta-Bou Hajar,2025-12-01,2026-01-01,1,834970.144365971,2.92,h12_v1,2026-05-08 17:00:51.357113
Sayada-Lamta-Bou Hajar,Monastir,Sayada-Lamta-Bou Hajar,2025-12-01,2026-02-01,2,828802.8406097863,2.92,h12_v1,2026-05-08 17:00:51.357113
Sayada-Lamta-Bou Hajar,Monastir,Sayada-Lamta-Bou Hajar,2025-12-01,2026-03-01,3,826826.4008924437,2.92,h12_v1,2026-05-08 17:00:51.357113
Sayada-Lamta-Bou Hajar,Monastir,Sayada-Lamta-Bou Hajar,2025-12-01,2026-04-01,4,830120.4240251406,2.92,h12_v1,2026-05-08 17:00:51.357113
Sayada-Lamta-Bou Hajar,Monastir,Sayada-Lamta-Bou Hajar,2025-12-01,2026-05-01,5,827013.0996154315,2.92,h12_v1,2026-05-08 17:00:51.357113
Sayada-Lamta-Bou Hajar,Monastir,Sayada-Lamta-Bou Hajar,2025-12-01,2026-06-01,6,836199.0841561942,2.92,h12_v1,2026-05-08 17:00:51.357113
Sayada-Lamta-Bou Hajar,Monastir,Sayada-Lamta-Bou Hajar,2025-12-01,2026-07-01,7,832834.7657842161,2.92,h12_v1,2026-05-08 17:00:51.357113
Sayada-Lamta-Bou Hajar,Monastir,Sayada-Lamta-Bou Hajar,2025-12-01,2026-08-01,8,833493.4587157549,2.92,h12_v1,2026-05-08 17:00:51.357113
Sayada-Lamta-Bou Hajar,Monastir,Sayada-Lamta-Bou Hajar,2025-12-01,2026-09-01,9,824669.1168202179,2.92,h12_v1,2026-05-08 17:00:51.357113
Sayada-Lamta-Bou Hajar,Monastir,Sayada-Lamta-Bou Hajar,2025-12-01,2026-10-01,10,835762.4535906197,2.92,h12_v1,2026-05-08 17:00:51.357113
Sayada-Lamta-Bou Hajar,Monastir,Sayada-Lamta-Bou Hajar,2025-12-01,2026-11-01,11,829740.9612469807,2.92,h12_v1,2026-05-08 17:00:51.357113
Sayada-Lamta-Bou Hajar,Monastir,Sayada-Lamta-Bou Hajar,2025-12-01,2026-12-01,12,830416.2102619522,2.92,h12_v1,2026-05-08 17:00:51.357113
Sbeïtla,Kasserine,Sbeïtla,2025-12-01,2026-01-01,1,455926.5871594504,2.92,h12_v1,2026-05-08 17:00:51.357113
Sbeïtla,Kasserine,Sbeïtla,2025-12-01,2026-02-01,2,452706.6668263237,2.92,h12_v1,2026-05-08 17:00:51.357113
Sbeïtla,Kasserine,Sbeïtla,2025-12-01,2026-03-01,3,451431.10709509684,2.92,h12_v1,2026-05-08 17:00:51.357113
Sbeïtla,Kasserine,Sbeïtla,2025-12-01,2026-04-01,4,451440.01181786176,2.92,h12_v1,2026-05-08 17:00:51.357113
Sbeïtla,Kasserine,Sbeïtla,2025-12-01,2026-05-01,5,451871.77638343396,2.92,h12_v1,2026-05-08 17:00:51.357113
Sbeïtla,Kasserine,Sbeïtla,2025-12-01,2026-06-01,6,452161.4139469186,2.92,h12_v1,2026-05-08 17:00:51.357113
Sbeïtla,Kasserine,Sbeïtla,2025-12-01,2026-07-01,7,450852.3752332981,2.92,h12_v1,2026-05-08 17:00:51.357113
Sbeïtla,Kasserine,Sbeïtla,2025-12-01,2026-08-01,8,455201.33853004425,2.92,h12_v1,2026-05-08 17:00:51.357113
Sbeïtla,Kasserine,Sbeïtla,2025-12-01,2026-09-01,9,455306.4101577364,2.92,h12_v1,2026-05-08 17:00:51.357113
Sbeïtla,Kasserine,Sbeïtla,2025-12-01,2026-10-01,10,455630.01826060493,2.92,h12_v1,2026-05-08 17:00:51.357113
Sbeïtla,Kasserine,Sbeïtla,2025-12-01,2026-11-01,11,456560.63081418193,2.92,h12_v1,2026-05-08 17:00:51.357113
Sbeïtla,Kasserine,Sbeïtla,2025-12-01,2026-12-01,12,453604.1372969374,2.92,h12_v1,2026-05-08 17:00:51.357113
Sbiba,Kasserine,Sbiba,2025-12-01,2026-01-01,1,342636.15742338944,2.92,h12_v1,2026-05-08 17:00:51.357113
Sbiba,Kasserine,Sbiba,2025-12-01,2026-02-01,2,341025.1129551046,2.92,h12_v1,2026-05-08 17:00:51.357113
Sbiba,Kasserine,Sbiba,2025-12-01,2026-03-01,3,341988.9474912032,2.92,h12_v1,2026-05-08 17:00:51.357113
Sbiba,Kasserine,Sbiba,2025-12-01,2026-04-01,4,340575.14674220496,2.92,h12_v1,2026-05-08 17:00:51.357113
Sbiba,Kasserine,Sbiba,2025-12-01,2026-05-01,5,340671.8098275482,2.92,h12_v1,2026-05-08 17:00:51.357113
Sbiba,Kasserine,Sbiba,2025-12-01,2026-06-01,6,338936.80256449786,2.92,h12_v1,2026-05-08 17:00:51.357113
Sbiba,Kasserine,Sbiba,2025-12-01,2026-07-01,7,341921.11708630837,2.92,h12_v1,2026-05-08 17:00:51.357113
Sbiba,Kasserine,Sbiba,2025-12-01,2026-08-01,8,342927.0712728621,2.92,h12_v1,2026-05-08 17:00:51.357113
Sbiba,Kasserine,Sbiba,2025-12-01,2026-09-01,9,341027.88397901144,2.92,h12_v1,2026-05-08 17:00:51.357113
Sbiba,Kasserine,Sbiba,2025-12-01,2026-10-01,10,344210.29813416686,2.92,h12_v1,2026-05-08 17:00:51.357113
Sbiba,Kasserine,Sbiba,2025-12-01,2026-11-01,11,340119.1561159866,2.92,h12_v1,2026-05-08 17:00:51.357113
Sbiba,Kasserine,Sbiba,2025-12-01,2026-12-01,12,340376.8268939141,2.92,h12_v1,2026-05-08 17:00:51.357113
Sbikha,Kairouan,Sbikha,2025-12-01,2026-01-01,1,566627.2835307382,2.92,h12_v1,2026-05-08 17:00:51.357113
Sbikha,Kairouan,Sbikha,2025-12-01,2026-02-01,2,568157.629947354,2.92,h12_v1,2026-05-08 17:00:51.357113
Sbikha,Kairouan,Sbikha,2025-12-01,2026-03-01,3,561913.7468990609,2.92,h12_v1,2026-05-08 17:00:51.357113
Sbikha,Kairouan,Sbikha,2025-12-01,2026-04-01,4,559419.4438684626,2.92,h12_v1,2026-05-08 17:00:51.357113
Sbikha,Kairouan,Sbikha,2025-12-01,2026-05-01,5,561135.1683593625,2.92,h12_v1,2026-05-08 17:00:51.357113
Sbikha,Kairouan,Sbikha,2025-12-01,2026-06-01,6,566220.8848172306,2.92,h12_v1,2026-05-08 17:00:51.357113
Sbikha,Kairouan,Sbikha,2025-12-01,2026-07-01,7,569249.9799241712,2.92,h12_v1,2026-05-08 17:00:51.357113
Sbikha,Kairouan,Sbikha,2025-12-01,2026-08-01,8,566316.2812169181,2.92,h12_v1,2026-05-08 17:00:51.357113
Sbikha,Kairouan,Sbikha,2025-12-01,2026-09-01,9,561705.3884331349,2.92,h12_v1,2026-05-08 17:00:51.357113
Sbikha,Kairouan,Sbikha,2025-12-01,2026-10-01,10,563560.9498326468,2.92,h12_v1,2026-05-08 17:00:51.357113
Sbikha,Kairouan,Sbikha,2025-12-01,2026-11-01,11,571946.421012358,2.92,h12_v1,2026-05-08 17:00:51.357113
Sbikha,Kairouan,Sbikha,2025-12-01,2026-12-01,12,568129.0690276334,2.92,h12_v1,2026-05-08 17:00:51.357113
Sejnane,Bizerte,Sejnane,2025-12-01,2026-01-01,1,537061.6673790712,2.92,h12_v1,2026-05-08 17:00:51.357113
Sejnane,Bizerte,Sejnane,2025-12-01,2026-02-01,2,532340.2214310336,2.92,h12_v1,2026-05-08 17:00:51.357113
Sejnane,Bizerte,Sejnane,2025-12-01,2026-03-01,3,529089.0549892634,2.92,h12_v1,2026-05-08 17:00:51.357113
Sejnane,Bizerte,Sejnane,2025-12-01,2026-04-01,4,536186.4890659982,2.92,h12_v1,2026-05-08 17:00:51.357113
Sejnane,Bizerte,Sejnane,2025-12-01,2026-05-01,5,535377.1143055011,2.92,h12_v1,2026-05-08 17:00:51.357113
Sejnane,Bizerte,Sejnane,2025-12-01,2026-06-01,6,536726.9079305385,2.92,h12_v1,2026-05-08 17:00:51.357113
Sejnane,Bizerte,Sejnane,2025-12-01,2026-07-01,7,534254.5105353062,2.92,h12_v1,2026-05-08 17:00:51.357113
Sejnane,Bizerte,Sejnane,2025-12-01,2026-08-01,8,537642.2746425772,2.92,h12_v1,2026-05-08 17:00:51.357113
Sejnane,Bizerte,Sejnane,2025-12-01,2026-09-01,9,534992.6645908714,2.92,h12_v1,2026-05-08 17:00:51.357113
Sejnane,Bizerte,Sejnane,2025-12-01,2026-10-01,10,537058.3334763909,2.92,h12_v1,2026-05-08 17:00:51.357113
Sejnane,Bizerte,Sejnane,2025-12-01,2026-11-01,11,535634.7338462853,2.92,h12_v1,2026-05-08 17:00:51.357113
Sejnane,Bizerte,Sejnane,2025-12-01,2026-12-01,12,529323.5285357605,2.92,h12_v1,2026-05-08 17:00:51.357113
Sened,Gafsa,Sened,2025-12-01,2026-01-01,1,564072.7874224829,2.92,h12_v1,2026-05-08 17:00:51.357113
Sened,Gafsa,Sened,2025-12-01,2026-02-01,2,561884.6107825864,2.92,h12_v1,2026-05-08 17:00:51.357113
Sened,Gafsa,Sened,2025-12-01,2026-03-01,3,558563.0916626785,2.92,h12_v1,2026-05-08 17:00:51.357113
Sened,Gafsa,Sened,2025-12-01,2026-04-01,4,560562.1269879631,2.92,h12_v1,2026-05-08 17:00:51.357113
Sened,Gafsa,Sened,2025-12-01,2026-05-01,5,563210.3727687227,2.92,h12_v1,2026-05-08 17:00:51.357113
Sened,Gafsa,Sened,2025-12-01,2026-06-01,6,565725.3704198538,2.92,h12_v1,2026-05-08 17:00:51.357113
Sened,Gafsa,Sened,2025-12-01,2026-07-01,7,560893.1645129045,2.92,h12_v1,2026-05-08 17:00:51.357113
Sened,Gafsa,Sened,2025-12-01,2026-08-01,8,561051.2741707871,2.92,h12_v1,2026-05-08 17:00:51.357113
Sened,Gafsa,Sened,2025-12-01,2026-09-01,9,560462.8287945522,2.92,h12_v1,2026-05-08 17:00:51.357113
Sened,Gafsa,Sened,2025-12-01,2026-10-01,10,565363.3004240848,2.92,h12_v1,2026-05-08 17:00:51.368386
Sened,Gafsa,Sened,2025-12-01,2026-11-01,11,564234.0823690302,2.92,h12_v1,2026-05-08 17:00:51.368386
Sened,Gafsa,Sened,2025-12-01,2026-12-01,12,564357.7060199613,2.92,h12_v1,2026-05-08 17:00:51.368386
Sers,Le Kef,Sers,2025-12-01,2026-01-01,1,446064.76321790763,2.92,h12_v1,2026-05-08 17:00:51.368386
Sers,Le Kef,Sers,2025-12-01,2026-02-01,2,446788.7434145075,2.92,h12_v1,2026-05-08 17:00:51.368386
Sers,Le Kef,Sers,2025-12-01,2026-03-01,3,451125.4613410216,2.92,h12_v1,2026-05-08 17:00:51.368386
Sers,Le Kef,Sers,2025-12-01,2026-04-01,4,450618.31024112116,2.92,h12_v1,2026-05-08 17:00:51.368386
Sers,Le Kef,Sers,2025-12-01,2026-05-01,5,450940.1902897999,2.92,h12_v1,2026-05-08 17:00:51.368386
Sers,Le Kef,Sers,2025-12-01,2026-06-01,6,449237.40785058396,2.92,h12_v1,2026-05-08 17:00:51.368386
Sers,Le Kef,Sers,2025-12-01,2026-07-01,7,445924.8247552973,2.92,h12_v1,2026-05-08 17:00:51.368386
Sers,Le Kef,Sers,2025-12-01,2026-08-01,8,446038.75025641365,2.92,h12_v1,2026-05-08 17:00:51.368386
Sers,Le Kef,Sers,2025-12-01,2026-09-01,9,449468.00906972983,2.92,h12_v1,2026-05-08 17:00:51.368386
Sers,Le Kef,Sers,2025-12-01,2026-10-01,10,450605.3280226469,2.92,h12_v1,2026-05-08 17:00:51.368386
Sers,Le Kef,Sers,2025-12-01,2026-11-01,11,448569.64411185676,2.92,h12_v1,2026-05-08 17:00:51.368386
Sers,Le Kef,Sers,2025-12-01,2026-12-01,12,449351.80102774955,2.92,h12_v1,2026-05-08 17:00:51.368386
Sfax Ouest,Sfax,Sfax Ouest,2025-12-01,2026-01-01,1,644563.8354744107,2.92,h12_v1,2026-05-08 17:00:51.368386
Sfax Ouest,Sfax,Sfax Ouest,2025-12-01,2026-02-01,2,641771.0884796068,2.92,h12_v1,2026-05-08 17:00:51.368386
Sfax Ouest,Sfax,Sfax Ouest,2025-12-01,2026-03-01,3,641851.1614347642,2.92,h12_v1,2026-05-08 17:00:51.368386
Sfax Ouest,Sfax,Sfax Ouest,2025-12-01,2026-04-01,4,640450.1905980988,2.92,h12_v1,2026-05-08 17:00:51.368386
Sfax Ouest,Sfax,Sfax Ouest,2025-12-01,2026-05-01,5,642240.9392177827,2.92,h12_v1,2026-05-08 17:00:51.368386
Sfax Ouest,Sfax,Sfax Ouest,2025-12-01,2026-06-01,6,643263.2364818857,2.92,h12_v1,2026-05-08 17:00:51.368386
Sfax Ouest,Sfax,Sfax Ouest,2025-12-01,2026-07-01,7,643572.5198190226,2.92,h12_v1,2026-05-08 17:00:51.368386
Sfax Ouest,Sfax,Sfax Ouest,2025-12-01,2026-08-01,8,644307.9496852043,2.92,h12_v1,2026-05-08 17:00:51.368386
Sfax Ouest,Sfax,Sfax Ouest,2025-12-01,2026-09-01,9,645216.7926353684,2.92,h12_v1,2026-05-08 17:00:51.368386
Sfax Ouest,Sfax,Sfax Ouest,2025-12-01,2026-10-01,10,641600.3728072525,2.92,h12_v1,2026-05-08 17:00:51.368386
Sfax Ouest,Sfax,Sfax Ouest,2025-12-01,2026-11-01,11,649028.0301875892,2.92,h12_v1,2026-05-08 17:00:51.368386
Sfax Ouest,Sfax,Sfax Ouest,2025-12-01,2026-12-01,12,648369.5192793963,2.92,h12_v1,2026-05-08 17:00:51.368386
Sfax Sud,Sfax,Sfax Sud,2025-12-01,2026-01-01,1,709841.6443858279,2.92,h12_v1,2026-05-08 17:00:51.368386
Sfax Sud,Sfax,Sfax Sud,2025-12-01,2026-02-01,2,718082.5212941109,2.92,h12_v1,2026-05-08 17:00:51.368386
Sfax Sud,Sfax,Sfax Sud,2025-12-01,2026-03-01,3,709402.3787598967,2.92,h12_v1,2026-05-08 17:00:51.368386
Sfax Sud,Sfax,Sfax Sud,2025-12-01,2026-04-01,4,708160.0278458211,2.92,h12_v1,2026-05-08 17:00:51.368386
Sfax Sud,Sfax,Sfax Sud,2025-12-01,2026-05-01,5,708565.0218290401,2.92,h12_v1,2026-05-08 17:00:51.368386
Sfax Sud,Sfax,Sfax Sud,2025-12-01,2026-06-01,6,710200.8479920255,2.92,h12_v1,2026-05-08 17:00:51.368386
Sfax Sud,Sfax,Sfax Sud,2025-12-01,2026-07-01,7,713510.6349593644,2.92,h12_v1,2026-05-08 17:00:51.368386
Sfax Sud,Sfax,Sfax Sud,2025-12-01,2026-08-01,8,717794.580751449,2.92,h12_v1,2026-05-08 17:00:51.368386
Sfax Sud,Sfax,Sfax Sud,2025-12-01,2026-09-01,9,709417.1280263639,2.92,h12_v1,2026-05-08 17:00:51.368386
Sfax Sud,Sfax,Sfax Sud,2025-12-01,2026-10-01,10,712404.6807641647,2.92,h12_v1,2026-05-08 17:00:51.368386
Sfax Sud,Sfax,Sfax Sud,2025-12-01,2026-11-01,11,712081.3125963314,2.92,h12_v1,2026-05-08 17:00:51.368386
Sfax Sud,Sfax,Sfax Sud,2025-12-01,2026-12-01,12,710829.5729370585,2.92,h12_v1,2026-05-08 17:00:51.368386
Sfax Ville,Sfax,Sfax Ville,2025-12-01,2026-01-01,1,800158.1440581148,2.92,h12_v1,2026-05-08 17:00:51.368386
Sfax Ville,Sfax,Sfax Ville,2025-12-01,2026-02-01,2,799715.8157190891,2.92,h12_v1,2026-05-08 17:00:51.368386
Sfax Ville,Sfax,Sfax Ville,2025-12-01,2026-03-01,3,787884.6786172554,2.92,h12_v1,2026-05-08 17:00:51.368386
Sfax Ville,Sfax,Sfax Ville,2025-12-01,2026-04-01,4,792358.1430576046,2.92,h12_v1,2026-05-08 17:00:51.368386
Sfax Ville,Sfax,Sfax Ville,2025-12-01,2026-05-01,5,794851.6316281322,2.92,h12_v1,2026-05-08 17:00:51.368386
Sfax Ville,Sfax,Sfax Ville,2025-12-01,2026-06-01,6,792820.9632823039,2.92,h12_v1,2026-05-08 17:00:51.368386
Sfax Ville,Sfax,Sfax Ville,2025-12-01,2026-07-01,7,799861.4890835778,2.92,h12_v1,2026-05-08 17:00:51.368386
Sfax Ville,Sfax,Sfax Ville,2025-12-01,2026-08-01,8,798319.8082999915,2.92,h12_v1,2026-05-08 17:00:51.368386
Sfax Ville,Sfax,Sfax Ville,2025-12-01,2026-09-01,9,801609.1033079843,2.92,h12_v1,2026-05-08 17:00:51.368386
Sfax Ville,Sfax,Sfax Ville,2025-12-01,2026-10-01,10,797942.9310686983,2.92,h12_v1,2026-05-08 17:00:51.368386
Sfax Ville,Sfax,Sfax Ville,2025-12-01,2026-11-01,11,795077.0904539481,2.92,h12_v1,2026-05-08 17:00:51.368386
Sfax Ville,Sfax,Sfax Ville,2025-12-01,2026-12-01,12,791605.4023123307,2.92,h12_v1,2026-05-08 17:00:51.368386
Sidi Ali Ben Aoun,Sidi Bouzid,Sidi Ali Ben Aoun,2025-12-01,2026-01-01,1,384577.9489150882,2.92,h12_v1,2026-05-08 17:00:51.368386
Sidi Ali Ben Aoun,Sidi Bouzid,Sidi Ali Ben Aoun,2025-12-01,2026-02-01,2,383342.5325763458,2.92,h12_v1,2026-05-08 17:00:51.368386
Sidi Ali Ben Aoun,Sidi Bouzid,Sidi Ali Ben Aoun,2025-12-01,2026-03-01,3,384982.49222813867,2.92,h12_v1,2026-05-08 17:00:51.368386
Sidi Ali Ben Aoun,Sidi Bouzid,Sidi Ali Ben Aoun,2025-12-01,2026-04-01,4,383105.97441349126,2.92,h12_v1,2026-05-08 17:00:51.368386
Sidi Ali Ben Aoun,Sidi Bouzid,Sidi Ali Ben Aoun,2025-12-01,2026-05-01,5,387293.6772073751,2.92,h12_v1,2026-05-08 17:00:51.368386
Sidi Ali Ben Aoun,Sidi Bouzid,Sidi Ali Ben Aoun,2025-12-01,2026-06-01,6,384641.443180345,2.92,h12_v1,2026-05-08 17:00:51.368386
Sidi Ali Ben Aoun,Sidi Bouzid,Sidi Ali Ben Aoun,2025-12-01,2026-07-01,7,382971.13025010197,2.92,h12_v1,2026-05-08 17:00:51.368386
Sidi Ali Ben Aoun,Sidi Bouzid,Sidi Ali Ben Aoun,2025-12-01,2026-08-01,8,384525.33567222004,2.92,h12_v1,2026-05-08 17:00:51.368386
Sidi Ali Ben Aoun,Sidi Bouzid,Sidi Ali Ben Aoun,2025-12-01,2026-09-01,9,386544.82971701835,2.92,h12_v1,2026-05-08 17:00:51.368386
Sidi Ali Ben Aoun,Sidi Bouzid,Sidi Ali Ben Aoun,2025-12-01,2026-10-01,10,381678.43862216565,2.92,h12_v1,2026-05-08 17:00:51.368386
Sidi Ali Ben Aoun,Sidi Bouzid,Sidi Ali Ben Aoun,2025-12-01,2026-11-01,11,384578.81927851815,2.92,h12_v1,2026-05-08 17:00:51.368386
Sidi Ali Ben Aoun,Sidi Bouzid,Sidi Ali Ben Aoun,2025-12-01,2026-12-01,12,381001.3203798782,2.92,h12_v1,2026-05-08 17:00:51.368386
Sidi Alouane,Mahdia,Sidi Alouane,2025-12-01,2026-01-01,1,623181.8603945182,2.92,h12_v1,2026-05-08 17:00:51.368386
Sidi Alouane,Mahdia,Sidi Alouane,2025-12-01,2026-02-01,2,624823.648534707,2.92,h12_v1,2026-05-08 17:00:51.368386
Sidi Alouane,Mahdia,Sidi Alouane,2025-12-01,2026-03-01,3,624314.6710978455,2.92,h12_v1,2026-05-08 17:00:51.368386
Sidi Alouane,Mahdia,Sidi Alouane,2025-12-01,2026-04-01,4,619044.08365962,2.92,h12_v1,2026-05-08 17:00:51.368386
Sidi Alouane,Mahdia,Sidi Alouane,2025-12-01,2026-05-01,5,623724.7378406099,2.92,h12_v1,2026-05-08 17:00:51.368386
Sidi Alouane,Mahdia,Sidi Alouane,2025-12-01,2026-06-01,6,623141.8258141234,2.92,h12_v1,2026-05-08 17:00:51.368386
Sidi Alouane,Mahdia,Sidi Alouane,2025-12-01,2026-07-01,7,622223.0577971106,2.92,h12_v1,2026-05-08 17:00:51.368386
Sidi Alouane,Mahdia,Sidi Alouane,2025-12-01,2026-08-01,8,623881.9571523921,2.92,h12_v1,2026-05-08 17:00:51.368386
Sidi Alouane,Mahdia,Sidi Alouane,2025-12-01,2026-09-01,9,624290.4036023133,2.92,h12_v1,2026-05-08 17:00:51.368386
Sidi Alouane,Mahdia,Sidi Alouane,2025-12-01,2026-10-01,10,622237.0228023623,2.92,h12_v1,2026-05-08 17:00:51.368386
Sidi Alouane,Mahdia,Sidi Alouane,2025-12-01,2026-11-01,11,629110.9532515272,2.92,h12_v1,2026-05-08 17:00:51.368386
Sidi Alouane,Mahdia,Sidi Alouane,2025-12-01,2026-12-01,12,629613.2259161711,2.92,h12_v1,2026-05-08 17:00:51.368386
Sidi Aïch,Gafsa,Sidi Aïch,2025-12-01,2026-01-01,1,343622.03253661114,2.92,h12_v1,2026-05-08 17:00:51.368386
Sidi Aïch,Gafsa,Sidi Aïch,2025-12-01,2026-02-01,2,344170.99607372767,2.92,h12_v1,2026-05-08 17:00:51.368386
Sidi Aïch,Gafsa,Sidi Aïch,2025-12-01,2026-03-01,3,343997.84172544704,2.92,h12_v1,2026-05-08 17:00:51.368386
Sidi Aïch,Gafsa,Sidi Aïch,2025-12-01,2026-04-01,4,345458.72284712037,2.92,h12_v1,2026-05-08 17:00:51.368386
Sidi Aïch,Gafsa,Sidi Aïch,2025-12-01,2026-05-01,5,344632.16099653667,2.92,h12_v1,2026-05-08 17:00:51.368386
Sidi Aïch,Gafsa,Sidi Aïch,2025-12-01,2026-06-01,6,340827.451165784,2.92,h12_v1,2026-05-08 17:00:51.368386
Sidi Aïch,Gafsa,Sidi Aïch,2025-12-01,2026-07-01,7,341352.5300341054,2.92,h12_v1,2026-05-08 17:00:51.368386
Sidi Aïch,Gafsa,Sidi Aïch,2025-12-01,2026-08-01,8,343954.0252021747,2.92,h12_v1,2026-05-08 17:00:51.368386
Sidi Aïch,Gafsa,Sidi Aïch,2025-12-01,2026-09-01,9,344060.9478345664,2.92,h12_v1,2026-05-08 17:00:51.368386
Sidi Aïch,Gafsa,Sidi Aïch,2025-12-01,2026-10-01,10,341673.7344144511,2.92,h12_v1,2026-05-08 17:00:51.368386
Sidi Aïch,Gafsa,Sidi Aïch,2025-12-01,2026-11-01,11,345701.7800313929,2.92,h12_v1,2026-05-08 17:00:51.368386
Sidi Aïch,Gafsa,Sidi Aïch,2025-12-01,2026-12-01,12,341129.82756257645,2.92,h12_v1,2026-05-08 17:00:51.368386
Sidi Bou Ali,Sousse,Sidi Bou Ali,2025-12-01,2026-01-01,1,792147.0671961306,2.92,h12_v1,2026-05-08 17:00:51.368386
Sidi Bou Ali,Sousse,Sidi Bou Ali,2025-12-01,2026-02-01,2,791723.1062151628,2.92,h12_v1,2026-05-08 17:00:51.368386
Sidi Bou Ali,Sousse,Sidi Bou Ali,2025-12-01,2026-03-01,3,792002.6542920148,2.92,h12_v1,2026-05-08 17:00:51.368386
Sidi Bou Ali,Sousse,Sidi Bou Ali,2025-12-01,2026-04-01,4,799909.2509144972,2.92,h12_v1,2026-05-08 17:00:51.368386
Sidi Bou Ali,Sousse,Sidi Bou Ali,2025-12-01,2026-05-01,5,797309.0419529267,2.92,h12_v1,2026-05-08 17:00:51.368386
Sidi Bou Ali,Sousse,Sidi Bou Ali,2025-12-01,2026-06-01,6,787854.3087105037,2.92,h12_v1,2026-05-08 17:00:51.368386
Sidi Bou Ali,Sousse,Sidi Bou Ali,2025-12-01,2026-07-01,7,796517.61011128,2.92,h12_v1,2026-05-08 17:00:51.368386
Sidi Bou Ali,Sousse,Sidi Bou Ali,2025-12-01,2026-08-01,8,788053.4593586782,2.92,h12_v1,2026-05-08 17:00:51.368386
Sidi Bou Ali,Sousse,Sidi Bou Ali,2025-12-01,2026-09-01,9,795551.6227307704,2.92,h12_v1,2026-05-08 17:00:51.368386
Sidi Bou Ali,Sousse,Sidi Bou Ali,2025-12-01,2026-10-01,10,796610.3227318727,2.92,h12_v1,2026-05-08 17:00:51.368386
Sidi Bou Ali,Sousse,Sidi Bou Ali,2025-12-01,2026-11-01,11,803663.3386620199,2.92,h12_v1,2026-05-08 17:00:51.368386
Sidi Bou Ali,Sousse,Sidi Bou Ali,2025-12-01,2026-12-01,12,795110.0995242917,2.92,h12_v1,2026-05-08 17:00:51.368386
Sidi Bou Rouis,Siliana,Sidi Bou Rouis,2025-12-01,2026-01-01,1,311732.9546169363,2.92,h12_v1,2026-05-08 17:00:51.373341
Sidi Bou Rouis,Siliana,Sidi Bou Rouis,2025-12-01,2026-02-01,2,310591.32767758745,2.92,h12_v1,2026-05-08 17:00:51.373341
Sidi Bou Rouis,Siliana,Sidi Bou Rouis,2025-12-01,2026-03-01,3,314480.0945335321,2.92,h12_v1,2026-05-08 17:00:51.373341
Sidi Bou Rouis,Siliana,Sidi Bou Rouis,2025-12-01,2026-04-01,4,312448.92358531075,2.92,h12_v1,2026-05-08 17:00:51.373341
Sidi Bou Rouis,Siliana,Sidi Bou Rouis,2025-12-01,2026-05-01,5,312252.6789944278,2.92,h12_v1,2026-05-08 17:00:51.373341
Sidi Bou Rouis,Siliana,Sidi Bou Rouis,2025-12-01,2026-06-01,6,314019.28157345706,2.92,h12_v1,2026-05-08 17:00:51.373341
Sidi Bou Rouis,Siliana,Sidi Bou Rouis,2025-12-01,2026-07-01,7,312563.5222262023,2.92,h12_v1,2026-05-08 17:00:51.373341
Sidi Bou Rouis,Siliana,Sidi Bou Rouis,2025-12-01,2026-08-01,8,311339.32184460823,2.92,h12_v1,2026-05-08 17:00:51.373341
Sidi Bou Rouis,Siliana,Sidi Bou Rouis,2025-12-01,2026-09-01,9,315720.01358054875,2.92,h12_v1,2026-05-08 17:00:51.373341
Sidi Bou Rouis,Siliana,Sidi Bou Rouis,2025-12-01,2026-10-01,10,310609.32406975987,2.92,h12_v1,2026-05-08 17:00:51.373341
Sidi Bou Rouis,Siliana,Sidi Bou Rouis,2025-12-01,2026-11-01,11,308726.3072282224,2.92,h12_v1,2026-05-08 17:00:51.373341
Sidi Bou Rouis,Siliana,Sidi Bou Rouis,2025-12-01,2026-12-01,12,310330.3231681203,2.92,h12_v1,2026-05-08 17:00:51.373341
Sidi Boubaker,Gafsa,Sidi Boubaker,2025-12-01,2026-01-01,1,447499.43724712584,2.92,h12_v1,2026-05-08 17:00:51.373341
Sidi Boubaker,Gafsa,Sidi Boubaker,2025-12-01,2026-02-01,2,452961.4158692976,2.92,h12_v1,2026-05-08 17:00:51.373341
Sidi Boubaker,Gafsa,Sidi Boubaker,2025-12-01,2026-03-01,3,451182.62612358487,2.92,h12_v1,2026-05-08 17:00:51.373341
Sidi Boubaker,Gafsa,Sidi Boubaker,2025-12-01,2026-04-01,4,452559.6590324522,2.92,h12_v1,2026-05-08 17:00:51.373341
Sidi Boubaker,Gafsa,Sidi Boubaker,2025-12-01,2026-05-01,5,455067.48817475844,2.92,h12_v1,2026-05-08 17:00:51.373341
Sidi Boubaker,Gafsa,Sidi Boubaker,2025-12-01,2026-06-01,6,452847.10545150144,2.92,h12_v1,2026-05-08 17:00:51.373341
Sidi Boubaker,Gafsa,Sidi Boubaker,2025-12-01,2026-07-01,7,454471.9921739223,2.92,h12_v1,2026-05-08 17:00:51.373341
Sidi Boubaker,Gafsa,Sidi Boubaker,2025-12-01,2026-08-01,8,450348.36732943845,2.92,h12_v1,2026-05-08 17:00:51.373341
Sidi Boubaker,Gafsa,Sidi Boubaker,2025-12-01,2026-09-01,9,452383.91892865545,2.92,h12_v1,2026-05-08 17:00:51.373341
Sidi Boubaker,Gafsa,Sidi Boubaker,2025-12-01,2026-10-01,10,452743.1659857912,2.92,h12_v1,2026-05-08 17:00:51.373341
Sidi Boubaker,Gafsa,Sidi Boubaker,2025-12-01,2026-11-01,11,451729.06452951714,2.92,h12_v1,2026-05-08 17:00:51.373341
Sidi Boubaker,Gafsa,Sidi Boubaker,2025-12-01,2026-12-01,12,452278.5679096964,2.92,h12_v1,2026-05-08 17:00:51.373341
Sidi Bouzid Est,Sidi Bouzid,Sidi Bouzid Est,2025-12-01,2026-01-01,1,277718.4574013849,2.92,h12_v1,2026-05-08 17:00:51.373341
Sidi Bouzid Est,Sidi Bouzid,Sidi Bouzid Est,2025-12-01,2026-02-01,2,275013.0270551827,2.92,h12_v1,2026-05-08 17:00:51.373341
Sidi Bouzid Est,Sidi Bouzid,Sidi Bouzid Est,2025-12-01,2026-03-01,3,271846.1841542227,2.92,h12_v1,2026-05-08 17:00:51.373341
Sidi Bouzid Est,Sidi Bouzid,Sidi Bouzid Est,2025-12-01,2026-04-01,4,277635.615014895,2.92,h12_v1,2026-05-08 17:00:51.373341
Sidi Bouzid Est,Sidi Bouzid,Sidi Bouzid Est,2025-12-01,2026-05-01,5,272558.28814187855,2.92,h12_v1,2026-05-08 17:00:51.373341
Sidi Bouzid Est,Sidi Bouzid,Sidi Bouzid Est,2025-12-01,2026-06-01,6,277023.3009529995,2.92,h12_v1,2026-05-08 17:00:51.373341
Sidi Bouzid Est,Sidi Bouzid,Sidi Bouzid Est,2025-12-01,2026-07-01,7,276868.3935760042,2.92,h12_v1,2026-05-08 17:00:51.373341
Sidi Bouzid Est,Sidi Bouzid,Sidi Bouzid Est,2025-12-01,2026-08-01,8,277222.8511432064,2.92,h12_v1,2026-05-08 17:00:51.373341
Sidi Bouzid Est,Sidi Bouzid,Sidi Bouzid Est,2025-12-01,2026-09-01,9,275846.4534582146,2.92,h12_v1,2026-05-08 17:00:51.373341
Sidi Bouzid Est,Sidi Bouzid,Sidi Bouzid Est,2025-12-01,2026-10-01,10,274412.7761506635,2.92,h12_v1,2026-05-08 17:00:51.373341
Sidi Bouzid Est,Sidi Bouzid,Sidi Bouzid Est,2025-12-01,2026-11-01,11,268858.9579557769,2.92,h12_v1,2026-05-08 17:00:51.373341
Sidi Bouzid Est,Sidi Bouzid,Sidi Bouzid Est,2025-12-01,2026-12-01,12,275537.7528878152,2.92,h12_v1,2026-05-08 17:00:51.373341
Sidi Bouzid Ouest,Sidi Bouzid,Sidi Bouzid Ouest,2025-12-01,2026-01-01,1,287216.0250084373,2.92,h12_v1,2026-05-08 17:00:51.373341
Sidi Bouzid Ouest,Sidi Bouzid,Sidi Bouzid Ouest,2025-12-01,2026-02-01,2,286138.3312289308,2.92,h12_v1,2026-05-08 17:00:51.373341
Sidi Bouzid Ouest,Sidi Bouzid,Sidi Bouzid Ouest,2025-12-01,2026-03-01,3,291252.932534365,2.92,h12_v1,2026-05-08 17:00:51.373341
Sidi Bouzid Ouest,Sidi Bouzid,Sidi Bouzid Ouest,2025-12-01,2026-04-01,4,288628.3235900484,2.92,h12_v1,2026-05-08 17:00:51.373341
Sidi Bouzid Ouest,Sidi Bouzid,Sidi Bouzid Ouest,2025-12-01,2026-05-01,5,290381.6320790379,2.92,h12_v1,2026-05-08 17:00:51.373341
Sidi Bouzid Ouest,Sidi Bouzid,Sidi Bouzid Ouest,2025-12-01,2026-06-01,6,287876.9808049836,2.92,h12_v1,2026-05-08 17:00:51.373341
Sidi Bouzid Ouest,Sidi Bouzid,Sidi Bouzid Ouest,2025-12-01,2026-07-01,7,287203.83325359906,2.92,h12_v1,2026-05-08 17:00:51.373341
Sidi Bouzid Ouest,Sidi Bouzid,Sidi Bouzid Ouest,2025-12-01,2026-08-01,8,287755.6826029525,2.92,h12_v1,2026-05-08 17:00:51.373341
Sidi Bouzid Ouest,Sidi Bouzid,Sidi Bouzid Ouest,2025-12-01,2026-09-01,9,284783.47678690986,2.92,h12_v1,2026-05-08 17:00:51.373341
Sidi Bouzid Ouest,Sidi Bouzid,Sidi Bouzid Ouest,2025-12-01,2026-10-01,10,287821.52897221845,2.92,h12_v1,2026-05-08 17:00:51.373341
Sidi Bouzid Ouest,Sidi Bouzid,Sidi Bouzid Ouest,2025-12-01,2026-11-01,11,287389.30643399234,2.92,h12_v1,2026-05-08 17:00:51.373341
Sidi Bouzid Ouest,Sidi Bouzid,Sidi Bouzid Ouest,2025-12-01,2026-12-01,12,286000.4202842723,2.92,h12_v1,2026-05-08 17:00:51.373341
Sidi El Béchir,Tunis,Sidi El Béchir,2025-12-01,2026-01-01,1,1362222.7050924182,2.92,h12_v1,2026-05-08 17:00:51.373341
Sidi El Béchir,Tunis,Sidi El Béchir,2025-12-01,2026-02-01,2,1372782.1801366962,2.92,h12_v1,2026-05-08 17:00:51.373341
Sidi El Béchir,Tunis,Sidi El Béchir,2025-12-01,2026-03-01,3,1358041.4931385394,2.92,h12_v1,2026-05-08 17:00:51.373341
Sidi El Béchir,Tunis,Sidi El Béchir,2025-12-01,2026-04-01,4,1346078.8304521383,2.92,h12_v1,2026-05-08 17:00:51.373341
Sidi El Béchir,Tunis,Sidi El Béchir,2025-12-01,2026-05-01,5,1363415.0600156772,2.92,h12_v1,2026-05-08 17:00:51.373341
Sidi El Béchir,Tunis,Sidi El Béchir,2025-12-01,2026-06-01,6,1354199.2821244926,2.92,h12_v1,2026-05-08 17:00:51.373341
Sidi El Béchir,Tunis,Sidi El Béchir,2025-12-01,2026-07-01,7,1361829.2879173823,2.92,h12_v1,2026-05-08 17:00:51.373341
Sidi El Béchir,Tunis,Sidi El Béchir,2025-12-01,2026-08-01,8,1376673.0506976813,2.92,h12_v1,2026-05-08 17:00:51.373341
Sidi El Béchir,Tunis,Sidi El Béchir,2025-12-01,2026-09-01,9,1361871.7299663522,2.92,h12_v1,2026-05-08 17:00:51.373341
Sidi El Béchir,Tunis,Sidi El Béchir,2025-12-01,2026-10-01,10,1359861.6158026964,2.92,h12_v1,2026-05-08 17:00:51.373341
Sidi El Béchir,Tunis,Sidi El Béchir,2025-12-01,2026-11-01,11,1361364.5354837033,2.92,h12_v1,2026-05-08 17:00:51.373341
Sidi El Béchir,Tunis,Sidi El Béchir,2025-12-01,2026-12-01,12,1393517.6009821112,2.92,h12_v1,2026-05-08 17:00:51.373341
Sidi El Hani,Sousse,Sidi El Hani,2025-12-01,2026-01-01,1,822941.0526344209,2.92,h12_v1,2026-05-08 17:00:51.373341
Sidi El Hani,Sousse,Sidi El Hani,2025-12-01,2026-02-01,2,822338.0487050613,2.92,h12_v1,2026-05-08 17:00:51.373341
Sidi El Hani,Sousse,Sidi El Hani,2025-12-01,2026-03-01,3,819771.3008167228,2.92,h12_v1,2026-05-08 17:00:51.373341
Sidi El Hani,Sousse,Sidi El Hani,2025-12-01,2026-04-01,4,825761.5668799793,2.92,h12_v1,2026-05-08 17:00:51.373341
Sidi El Hani,Sousse,Sidi El Hani,2025-12-01,2026-05-01,5,829036.4968793354,2.92,h12_v1,2026-05-08 17:00:51.373341
Sidi El Hani,Sousse,Sidi El Hani,2025-12-01,2026-06-01,6,827791.5801511004,2.92,h12_v1,2026-05-08 17:00:51.373341
Sidi El Hani,Sousse,Sidi El Hani,2025-12-01,2026-07-01,7,823486.6258188897,2.92,h12_v1,2026-05-08 17:00:51.373341
Sidi El Hani,Sousse,Sidi El Hani,2025-12-01,2026-08-01,8,822123.656234085,2.92,h12_v1,2026-05-08 17:00:51.373341
Sidi El Hani,Sousse,Sidi El Hani,2025-12-01,2026-09-01,9,827473.7172196382,2.92,h12_v1,2026-05-08 17:00:51.373341
Sidi El Hani,Sousse,Sidi El Hani,2025-12-01,2026-10-01,10,820290.2722050837,2.92,h12_v1,2026-05-08 17:00:51.373341
Sidi El Hani,Sousse,Sidi El Hani,2025-12-01,2026-11-01,11,821331.8050257004,2.92,h12_v1,2026-05-08 17:00:51.373341
Sidi El Hani,Sousse,Sidi El Hani,2025-12-01,2026-12-01,12,824766.9163530095,2.92,h12_v1,2026-05-08 17:00:51.373341
Sidi Hassine,Tunis,Sidi Hassine,2025-12-01,2026-01-01,1,1092184.2673350137,2.92,h12_v1,2026-05-08 17:00:51.373341
Sidi Hassine,Tunis,Sidi Hassine,2025-12-01,2026-02-01,2,1094776.4319519228,2.92,h12_v1,2026-05-08 17:00:51.373341
Sidi Hassine,Tunis,Sidi Hassine,2025-12-01,2026-03-01,3,1084370.1239869352,2.92,h12_v1,2026-05-08 17:00:51.373341
Sidi Hassine,Tunis,Sidi Hassine,2025-12-01,2026-04-01,4,1091060.022432797,2.92,h12_v1,2026-05-08 17:00:51.373341
Sidi Hassine,Tunis,Sidi Hassine,2025-12-01,2026-05-01,5,1084567.0718399175,2.92,h12_v1,2026-05-08 17:00:51.373341
Sidi Hassine,Tunis,Sidi Hassine,2025-12-01,2026-06-01,6,1096205.8283154357,2.92,h12_v1,2026-05-08 17:00:51.373341
Sidi Hassine,Tunis,Sidi Hassine,2025-12-01,2026-07-01,7,1089690.7938485297,2.92,h12_v1,2026-05-08 17:00:51.373341
Sidi Hassine,Tunis,Sidi Hassine,2025-12-01,2026-08-01,8,1083729.939295025,2.92,h12_v1,2026-05-08 17:00:51.373341
Sidi Hassine,Tunis,Sidi Hassine,2025-12-01,2026-09-01,9,1107755.395313009,2.92,h12_v1,2026-05-08 17:00:51.373341
Sidi Hassine,Tunis,Sidi Hassine,2025-12-01,2026-10-01,10,1100204.6221043894,2.92,h12_v1,2026-05-08 17:00:51.373341
Sidi Hassine,Tunis,Sidi Hassine,2025-12-01,2026-11-01,11,1086327.0224219488,2.92,h12_v1,2026-05-08 17:00:51.373341
Sidi Hassine,Tunis,Sidi Hassine,2025-12-01,2026-12-01,12,1080961.450759831,2.92,h12_v1,2026-05-08 17:00:51.373341
Sidi Makhlouf,Médenine,Sidi Makhlouf,2025-12-01,2026-01-01,1,513921.2663628829,2.92,h12_v1,2026-05-08 17:00:51.373341
Sidi Makhlouf,Médenine,Sidi Makhlouf,2025-12-01,2026-02-01,2,513418.6776522709,2.92,h12_v1,2026-05-08 17:00:51.373341
Sidi Makhlouf,Médenine,Sidi Makhlouf,2025-12-01,2026-03-01,3,514767.2751704349,2.92,h12_v1,2026-05-08 17:00:51.373341
Sidi Makhlouf,Médenine,Sidi Makhlouf,2025-12-01,2026-04-01,4,510744.0397086178,2.92,h12_v1,2026-05-08 17:00:51.373341
Sidi Makhlouf,Médenine,Sidi Makhlouf,2025-12-01,2026-05-01,5,514588.4458435763,2.92,h12_v1,2026-05-08 17:00:51.373341
Sidi Makhlouf,Médenine,Sidi Makhlouf,2025-12-01,2026-06-01,6,519579.8087550991,2.92,h12_v1,2026-05-08 17:00:51.373341
Sidi Makhlouf,Médenine,Sidi Makhlouf,2025-12-01,2026-07-01,7,511229.8238215033,2.92,h12_v1,2026-05-08 17:00:51.373341
Sidi Makhlouf,Médenine,Sidi Makhlouf,2025-12-01,2026-08-01,8,513902.1125536355,2.92,h12_v1,2026-05-08 17:00:51.373341
Sidi Makhlouf,Médenine,Sidi Makhlouf,2025-12-01,2026-09-01,9,512015.12592722644,2.92,h12_v1,2026-05-08 17:00:51.373341
Sidi Makhlouf,Médenine,Sidi Makhlouf,2025-12-01,2026-10-01,10,513258.22045604815,2.92,h12_v1,2026-05-08 17:00:51.373341
Sidi Makhlouf,Médenine,Sidi Makhlouf,2025-12-01,2026-11-01,11,518272.3266169782,2.92,h12_v1,2026-05-08 17:00:51.373341
Sidi Makhlouf,Médenine,Sidi Makhlouf,2025-12-01,2026-12-01,12,516959.8330102999,2.92,h12_v1,2026-05-08 17:00:51.373341
Sidi Thabet,Ariana,Sidi Thabet,2025-12-01,2026-01-01,1,1004845.6323862448,2.92,h12_v1,2026-05-08 17:00:51.373341
Sidi Thabet,Ariana,Sidi Thabet,2025-12-01,2026-02-01,2,1001238.1140047513,2.92,h12_v1,2026-05-08 17:00:51.373341
Sidi Thabet,Ariana,Sidi Thabet,2025-12-01,2026-03-01,3,1003182.0472880332,2.92,h12_v1,2026-05-08 17:00:51.373341
Sidi Thabet,Ariana,Sidi Thabet,2025-12-01,2026-04-01,4,1001259.576992203,2.92,h12_v1,2026-05-08 17:00:51.373341
Sidi Thabet,Ariana,Sidi Thabet,2025-12-01,2026-05-01,5,981147.6919963869,2.92,h12_v1,2026-05-08 17:00:51.373341
Sidi Thabet,Ariana,Sidi Thabet,2025-12-01,2026-06-01,6,988292.4315961958,2.92,h12_v1,2026-05-08 17:00:51.373341
Sidi Thabet,Ariana,Sidi Thabet,2025-12-01,2026-07-01,7,995510.8629970558,2.92,h12_v1,2026-05-08 17:00:51.373341
Sidi Thabet,Ariana,Sidi Thabet,2025-12-01,2026-08-01,8,1008996.0412744969,2.92,h12_v1,2026-05-08 17:00:51.373341
Sidi Thabet,Ariana,Sidi Thabet,2025-12-01,2026-09-01,9,1005239.5095554091,2.92,h12_v1,2026-05-08 17:00:51.373341
Sidi Thabet,Ariana,Sidi Thabet,2025-12-01,2026-10-01,10,982928.055860576,2.92,h12_v1,2026-05-08 17:00:51.373341
Sidi Thabet,Ariana,Sidi Thabet,2025-12-01,2026-11-01,11,976855.3477997499,2.92,h12_v1,2026-05-08 17:00:51.373341
Sidi Thabet,Ariana,Sidi Thabet,2025-12-01,2026-12-01,12,975667.3159034916,2.92,h12_v1,2026-05-08 17:00:51.373341
Siliana Nord,Siliana,Siliana Nord,2025-12-01,2026-01-01,1,414651.8352608472,2.92,h12_v1,2026-05-08 17:00:51.373341
Siliana Nord,Siliana,Siliana Nord,2025-12-01,2026-02-01,2,412912.4464838309,2.92,h12_v1,2026-05-08 17:00:51.373341
Siliana Nord,Siliana,Siliana Nord,2025-12-01,2026-03-01,3,413892.2179107454,2.92,h12_v1,2026-05-08 17:00:51.373341
Siliana Nord,Siliana,Siliana Nord,2025-12-01,2026-04-01,4,417411.8942511546,2.92,h12_v1,2026-05-08 17:00:51.373341
Siliana Nord,Siliana,Siliana Nord,2025-12-01,2026-05-01,5,418300.4019194308,2.92,h12_v1,2026-05-08 17:00:51.373341
Siliana Nord,Siliana,Siliana Nord,2025-12-01,2026-06-01,6,414150.8199683569,2.92,h12_v1,2026-05-08 17:00:51.373341
Siliana Nord,Siliana,Siliana Nord,2025-12-01,2026-07-01,7,414734.27884104464,2.92,h12_v1,2026-05-08 17:00:51.373341
Siliana Nord,Siliana,Siliana Nord,2025-12-01,2026-08-01,8,416297.6020097483,2.92,h12_v1,2026-05-08 17:00:51.373341
Siliana Nord,Siliana,Siliana Nord,2025-12-01,2026-09-01,9,415274.3518917577,2.92,h12_v1,2026-05-08 17:00:51.373341
Siliana Nord,Siliana,Siliana Nord,2025-12-01,2026-10-01,10,414591.19738724147,2.92,h12_v1,2026-05-08 17:00:51.373341
Siliana Nord,Siliana,Siliana Nord,2025-12-01,2026-11-01,11,414464.1525191959,2.92,h12_v1,2026-05-08 17:00:51.373341
Siliana Nord,Siliana,Siliana Nord,2025-12-01,2026-12-01,12,411194.17171166354,2.92,h12_v1,2026-05-08 17:00:51.373341
Siliana Sud,Siliana,Siliana Sud,2025-12-01,2026-01-01,1,439094.73882142175,2.92,h12_v1,2026-05-08 17:00:51.373341
Siliana Sud,Siliana,Siliana Sud,2025-12-01,2026-02-01,2,439770.7053591643,2.92,h12_v1,2026-05-08 17:00:51.373341
Siliana Sud,Siliana,Siliana Sud,2025-12-01,2026-03-01,3,441039.58147894236,2.92,h12_v1,2026-05-08 17:00:51.373341
Siliana Sud,Siliana,Siliana Sud,2025-12-01,2026-04-01,4,446508.3198376714,2.92,h12_v1,2026-05-08 17:00:51.373341
Siliana Sud,Siliana,Siliana Sud,2025-12-01,2026-05-01,5,438508.6526317553,2.92,h12_v1,2026-05-08 17:00:51.373341
Siliana Sud,Siliana,Siliana Sud,2025-12-01,2026-06-01,6,444015.6517593474,2.92,h12_v1,2026-05-08 17:00:51.373341
Siliana Sud,Siliana,Siliana Sud,2025-12-01,2026-07-01,7,440089.046246563,2.92,h12_v1,2026-05-08 17:00:51.373341
Siliana Sud,Siliana,Siliana Sud,2025-12-01,2026-08-01,8,443505.5217856174,2.92,h12_v1,2026-05-08 17:00:51.373341
Siliana Sud,Siliana,Siliana Sud,2025-12-01,2026-09-01,9,446057.4668584937,2.92,h12_v1,2026-05-08 17:00:51.373341
Siliana Sud,Siliana,Siliana Sud,2025-12-01,2026-10-01,10,446317.02563741594,2.92,h12_v1,2026-05-08 17:00:51.373341
Siliana Sud,Siliana,Siliana Sud,2025-12-01,2026-11-01,11,443233.945349461,2.92,h12_v1,2026-05-08 17:00:51.373341
Siliana Sud,Siliana,Siliana Sud,2025-12-01,2026-12-01,12,444214.8381421147,2.92,h12_v1,2026-05-08 17:00:51.373341
Skhira,Sfax,Skhira,2025-12-01,2026-01-01,1,827320.8053667468,2.92,h12_v1,2026-05-08 17:00:51.373341
Skhira,Sfax,Skhira,2025-12-01,2026-02-01,2,830530.1956066536,2.92,h12_v1,2026-05-08 17:00:51.373341
Skhira,Sfax,Skhira,2025-12-01,2026-03-01,3,822796.44613803,2.92,h12_v1,2026-05-08 17:00:51.373341
Skhira,Sfax,Skhira,2025-12-01,2026-04-01,4,824952.9545715478,2.92,h12_v1,2026-05-08 17:00:51.373341
Skhira,Sfax,Skhira,2025-12-01,2026-05-01,5,824746.8152129793,2.92,h12_v1,2026-05-08 17:00:51.373341
Skhira,Sfax,Skhira,2025-12-01,2026-06-01,6,821482.4830333658,2.92,h12_v1,2026-05-08 17:00:51.373341
Skhira,Sfax,Skhira,2025-12-01,2026-07-01,7,823751.2038938368,2.92,h12_v1,2026-05-08 17:00:51.373341
Skhira,Sfax,Skhira,2025-12-01,2026-08-01,8,829678.9993516437,2.92,h12_v1,2026-05-08 17:00:51.373341
Skhira,Sfax,Skhira,2025-12-01,2026-09-01,9,821235.2588709423,2.92,h12_v1,2026-05-08 17:00:51.373341
Skhira,Sfax,Skhira,2025-12-01,2026-10-01,10,829536.1775572438,2.92,h12_v1,2026-05-08 17:00:51.373341
Skhira,Sfax,Skhira,2025-12-01,2026-11-01,11,837608.5729516869,2.92,h12_v1,2026-05-08 17:00:51.373341
Skhira,Sfax,Skhira,2025-12-01,2026-12-01,12,828179.7442967508,2.92,h12_v1,2026-05-08 17:00:51.373341
Smâr,Tataouine,Smâr,2025-12-01,2026-01-01,1,343181.11910008907,2.92,h12_v1,2026-05-08 17:00:51.373341
Smâr,Tataouine,Smâr,2025-12-01,2026-02-01,2,345553.9868070644,2.92,h12_v1,2026-05-08 17:00:51.373341
Smâr,Tataouine,Smâr,2025-12-01,2026-03-01,3,343184.14856088895,2.92,h12_v1,2026-05-08 17:00:51.373341
Smâr,Tataouine,Smâr,2025-12-01,2026-04-01,4,342964.1684012999,2.92,h12_v1,2026-05-08 17:00:51.373341
Smâr,Tataouine,Smâr,2025-12-01,2026-05-01,5,345213.63210191054,2.92,h12_v1,2026-05-08 17:00:51.373341
Smâr,Tataouine,Smâr,2025-12-01,2026-06-01,6,337953.0190487933,2.92,h12_v1,2026-05-08 17:00:51.373341
Smâr,Tataouine,Smâr,2025-12-01,2026-07-01,7,337467.40211762104,2.92,h12_v1,2026-05-08 17:00:51.373341
Smâr,Tataouine,Smâr,2025-12-01,2026-08-01,8,341659.79966372164,2.92,h12_v1,2026-05-08 17:00:51.373341
Smâr,Tataouine,Smâr,2025-12-01,2026-09-01,9,342497.0787371665,2.92,h12_v1,2026-05-08 17:00:51.381453
Smâr,Tataouine,Smâr,2025-12-01,2026-10-01,10,342886.3222840839,2.92,h12_v1,2026-05-08 17:00:51.381453
Smâr,Tataouine,Smâr,2025-12-01,2026-11-01,11,345726.1894880807,2.92,h12_v1,2026-05-08 17:00:51.381453
Smâr,Tataouine,Smâr,2025-12-01,2026-12-01,12,339819.44802176196,2.92,h12_v1,2026-05-08 17:00:51.381453
Soliman,Nabeul,Soliman,2025-12-01,2026-01-01,1,751768.2210851394,2.92,h12_v1,2026-05-08 17:00:51.381453
Soliman,Nabeul,Soliman,2025-12-01,2026-02-01,2,750254.7400763143,2.92,h12_v1,2026-05-08 17:00:51.381453
Soliman,Nabeul,Soliman,2025-12-01,2026-03-01,3,749940.2553120445,2.92,h12_v1,2026-05-08 17:00:51.381848
Soliman,Nabeul,Soliman,2025-12-01,2026-04-01,4,747326.7799557134,2.92,h12_v1,2026-05-08 17:00:51.381848
Soliman,Nabeul,Soliman,2025-12-01,2026-05-01,5,747368.9529361542,2.92,h12_v1,2026-05-08 17:00:51.381848
Soliman,Nabeul,Soliman,2025-12-01,2026-06-01,6,752085.8056461992,2.92,h12_v1,2026-05-08 17:00:51.381848
Soliman,Nabeul,Soliman,2025-12-01,2026-07-01,7,741370.2923790828,2.92,h12_v1,2026-05-08 17:00:51.381848
Soliman,Nabeul,Soliman,2025-12-01,2026-08-01,8,740083.6515913361,2.92,h12_v1,2026-05-08 17:00:51.381848
Soliman,Nabeul,Soliman,2025-12-01,2026-09-01,9,749851.5254931801,2.92,h12_v1,2026-05-08 17:00:51.381848
Soliman,Nabeul,Soliman,2025-12-01,2026-10-01,10,745215.8741271123,2.92,h12_v1,2026-05-08 17:00:51.381848
Soliman,Nabeul,Soliman,2025-12-01,2026-11-01,11,755520.4976171524,2.92,h12_v1,2026-05-08 17:00:51.381848
Soliman,Nabeul,Soliman,2025-12-01,2026-12-01,12,752597.4100099342,2.92,h12_v1,2026-05-08 17:00:51.381848
Souk Jedid,Sidi Bouzid,Souk Jedid,2025-12-01,2026-01-01,1,429214.2691766759,2.92,h12_v1,2026-05-08 17:00:51.381848
Souk Jedid,Sidi Bouzid,Souk Jedid,2025-12-01,2026-02-01,2,433477.6867968878,2.92,h12_v1,2026-05-08 17:00:51.381848
Souk Jedid,Sidi Bouzid,Souk Jedid,2025-12-01,2026-03-01,3,428059.33800183976,2.92,h12_v1,2026-05-08 17:00:51.381848
Souk Jedid,Sidi Bouzid,Souk Jedid,2025-12-01,2026-04-01,4,426882.4656799883,2.92,h12_v1,2026-05-08 17:00:51.381848
Souk Jedid,Sidi Bouzid,Souk Jedid,2025-12-01,2026-05-01,5,430660.11271054385,2.92,h12_v1,2026-05-08 17:00:51.381848
Souk Jedid,Sidi Bouzid,Souk Jedid,2025-12-01,2026-06-01,6,433441.4397424286,2.92,h12_v1,2026-05-08 17:00:51.381848
Souk Jedid,Sidi Bouzid,Souk Jedid,2025-12-01,2026-07-01,7,429173.5928787537,2.92,h12_v1,2026-05-08 17:00:51.381848
Souk Jedid,Sidi Bouzid,Souk Jedid,2025-12-01,2026-08-01,8,431357.26903622237,2.92,h12_v1,2026-05-08 17:00:51.381848
Souk Jedid,Sidi Bouzid,Souk Jedid,2025-12-01,2026-09-01,9,432166.39840364264,2.92,h12_v1,2026-05-08 17:00:51.381848
Souk Jedid,Sidi Bouzid,Souk Jedid,2025-12-01,2026-10-01,10,430669.33121822006,2.92,h12_v1,2026-05-08 17:00:51.381848
Souk Jedid,Sidi Bouzid,Souk Jedid,2025-12-01,2026-11-01,11,433455.3764568926,2.92,h12_v1,2026-05-08 17:00:51.381848
Souk Jedid,Sidi Bouzid,Souk Jedid,2025-12-01,2026-12-01,12,432500.00295186695,2.92,h12_v1,2026-05-08 17:00:51.381848
Souk Lahad,Kébili,Souk Lahad,2025-12-01,2026-01-01,1,394138.62814507424,2.92,h12_v1,2026-05-08 17:00:51.381848
Souk Lahad,Kébili,Souk Lahad,2025-12-01,2026-02-01,2,391108.8097424523,2.92,h12_v1,2026-05-08 17:00:51.381848
Souk Lahad,Kébili,Souk Lahad,2025-12-01,2026-03-01,3,391758.6077649858,2.92,h12_v1,2026-05-08 17:00:51.381848
Souk Lahad,Kébili,Souk Lahad,2025-12-01,2026-04-01,4,394206.6364597821,2.92,h12_v1,2026-05-08 17:00:51.381848
Souk Lahad,Kébili,Souk Lahad,2025-12-01,2026-05-01,5,390366.8590164457,2.92,h12_v1,2026-05-08 17:00:51.381848
Souk Lahad,Kébili,Souk Lahad,2025-12-01,2026-06-01,6,390237.5815446227,2.92,h12_v1,2026-05-08 17:00:51.381848
Souk Lahad,Kébili,Souk Lahad,2025-12-01,2026-07-01,7,389902.61227459135,2.92,h12_v1,2026-05-08 17:00:51.381848
Souk Lahad,Kébili,Souk Lahad,2025-12-01,2026-08-01,8,385154.73604169313,2.92,h12_v1,2026-05-08 17:00:51.381848
Souk Lahad,Kébili,Souk Lahad,2025-12-01,2026-09-01,9,391529.56136068224,2.92,h12_v1,2026-05-08 17:00:51.381848
Souk Lahad,Kébili,Souk Lahad,2025-12-01,2026-10-01,10,392454.3549469848,2.92,h12_v1,2026-05-08 17:00:51.381848
Souk Lahad,Kébili,Souk Lahad,2025-12-01,2026-11-01,11,390734.27976282267,2.92,h12_v1,2026-05-08 17:00:51.381848
Souk Lahad,Kébili,Souk Lahad,2025-12-01,2026-12-01,12,392866.3186353312,2.92,h12_v1,2026-05-08 17:00:51.381848
Sousse Jawhara,Sousse,Sousse Jawhara,2025-12-01,2026-01-01,1,770579.0691536806,2.92,h12_v1,2026-05-08 17:00:51.381848
Sousse Jawhara,Sousse,Sousse Jawhara,2025-12-01,2026-02-01,2,773776.7123349812,2.92,h12_v1,2026-05-08 17:00:51.381848
Sousse Jawhara,Sousse,Sousse Jawhara,2025-12-01,2026-03-01,3,770763.6351697678,2.92,h12_v1,2026-05-08 17:00:51.381848
Sousse Jawhara,Sousse,Sousse Jawhara,2025-12-01,2026-04-01,4,774324.6969712563,2.92,h12_v1,2026-05-08 17:00:51.381848
Sousse Jawhara,Sousse,Sousse Jawhara,2025-12-01,2026-05-01,5,771052.5895213495,2.92,h12_v1,2026-05-08 17:00:51.381848
Sousse Jawhara,Sousse,Sousse Jawhara,2025-12-01,2026-06-01,6,785808.5457762205,2.92,h12_v1,2026-05-08 17:00:51.381848
Sousse Jawhara,Sousse,Sousse Jawhara,2025-12-01,2026-07-01,7,769449.0577005923,2.92,h12_v1,2026-05-08 17:00:51.387346
Sousse Jawhara,Sousse,Sousse Jawhara,2025-12-01,2026-08-01,8,769820.0327928477,2.92,h12_v1,2026-05-08 17:00:51.387346
Sousse Jawhara,Sousse,Sousse Jawhara,2025-12-01,2026-09-01,9,772655.5902159701,2.92,h12_v1,2026-05-08 17:00:51.387346
Sousse Jawhara,Sousse,Sousse Jawhara,2025-12-01,2026-10-01,10,784076.3126512,2.92,h12_v1,2026-05-08 17:00:51.387346
Sousse Jawhara,Sousse,Sousse Jawhara,2025-12-01,2026-11-01,11,775442.7879920985,2.92,h12_v1,2026-05-08 17:00:51.387346
Sousse Jawhara,Sousse,Sousse Jawhara,2025-12-01,2026-12-01,12,771834.9655143972,2.92,h12_v1,2026-05-08 17:00:51.387346
Sousse Médina,Sousse,Sousse Médina,2025-12-01,2026-01-01,1,834834.6072414523,2.92,h12_v1,2026-05-08 17:00:51.387346
Sousse Médina,Sousse,Sousse Médina,2025-12-01,2026-02-01,2,833310.9096742437,2.92,h12_v1,2026-05-08 17:00:51.387346
Sousse Médina,Sousse,Sousse Médina,2025-12-01,2026-03-01,3,830331.5906739656,2.92,h12_v1,2026-05-08 17:00:51.387346
Sousse Médina,Sousse,Sousse Médina,2025-12-01,2026-04-01,4,830977.8825748574,2.92,h12_v1,2026-05-08 17:00:51.387346
Sousse Médina,Sousse,Sousse Médina,2025-12-01,2026-05-01,5,841058.6755596255,2.92,h12_v1,2026-05-08 17:00:51.387346
Sousse Médina,Sousse,Sousse Médina,2025-12-01,2026-06-01,6,835878.0710622072,2.92,h12_v1,2026-05-08 17:00:51.387346
Sousse Médina,Sousse,Sousse Médina,2025-12-01,2026-07-01,7,833115.0597841211,2.92,h12_v1,2026-05-08 17:00:51.387346
Sousse Médina,Sousse,Sousse Médina,2025-12-01,2026-08-01,8,837243.7908617732,2.92,h12_v1,2026-05-08 17:00:51.387346
Sousse Médina,Sousse,Sousse Médina,2025-12-01,2026-09-01,9,836723.7646433273,2.92,h12_v1,2026-05-08 17:00:51.387346
Sousse Médina,Sousse,Sousse Médina,2025-12-01,2026-10-01,10,830295.6183317304,2.92,h12_v1,2026-05-08 17:00:51.387346
Sousse Médina,Sousse,Sousse Médina,2025-12-01,2026-11-01,11,830473.2581639007,2.92,h12_v1,2026-05-08 17:00:51.387346
Sousse Médina,Sousse,Sousse Médina,2025-12-01,2026-12-01,12,839637.8932393456,2.92,h12_v1,2026-05-08 17:00:51.387346
Sousse Riadh,Sousse,Sousse Riadh,2025-12-01,2026-01-01,1,676803.5947126696,2.92,h12_v1,2026-05-08 17:00:51.387346
Sousse Riadh,Sousse,Sousse Riadh,2025-12-01,2026-02-01,2,682140.909799085,2.92,h12_v1,2026-05-08 17:00:51.387346
Sousse Riadh,Sousse,Sousse Riadh,2025-12-01,2026-03-01,3,680125.208880064,2.92,h12_v1,2026-05-08 17:00:51.387346
Sousse Riadh,Sousse,Sousse Riadh,2025-12-01,2026-04-01,4,683044.2486642137,2.92,h12_v1,2026-05-08 17:00:51.387346
Sousse Riadh,Sousse,Sousse Riadh,2025-12-01,2026-05-01,5,686038.0429126115,2.92,h12_v1,2026-05-08 17:00:51.387346
Sousse Riadh,Sousse,Sousse Riadh,2025-12-01,2026-06-01,6,677384.3854563383,2.92,h12_v1,2026-05-08 17:00:51.387346
Sousse Riadh,Sousse,Sousse Riadh,2025-12-01,2026-07-01,7,683653.5900678682,2.92,h12_v1,2026-05-08 17:00:51.387346
Sousse Riadh,Sousse,Sousse Riadh,2025-12-01,2026-08-01,8,683766.2575481227,2.92,h12_v1,2026-05-08 17:00:51.387346
Sousse Riadh,Sousse,Sousse Riadh,2025-12-01,2026-09-01,9,676546.2518685715,2.92,h12_v1,2026-05-08 17:00:51.387346
Sousse Riadh,Sousse,Sousse Riadh,2025-12-01,2026-10-01,10,679471.0149733159,2.92,h12_v1,2026-05-08 17:00:51.387346
Sousse Riadh,Sousse,Sousse Riadh,2025-12-01,2026-11-01,11,683514.9189990036,2.92,h12_v1,2026-05-08 17:00:51.387346
Sousse Riadh,Sousse,Sousse Riadh,2025-12-01,2026-12-01,12,684202.4371393896,2.92,h12_v1,2026-05-08 17:00:51.387346
Sousse Sidi Abdelhamid,Sousse,Sousse Sidi Abdelhamid,2025-12-01,2026-01-01,1,711817.2927925489,2.92,h12_v1,2026-05-08 17:00:51.387346
Sousse Sidi Abdelhamid,Sousse,Sousse Sidi Abdelhamid,2025-12-01,2026-02-01,2,709733.9109137161,2.92,h12_v1,2026-05-08 17:00:51.387346
Sousse Sidi Abdelhamid,Sousse,Sousse Sidi Abdelhamid,2025-12-01,2026-03-01,3,713268.8750593348,2.92,h12_v1,2026-05-08 17:00:51.387346
Sousse Sidi Abdelhamid,Sousse,Sousse Sidi Abdelhamid,2025-12-01,2026-04-01,4,707804.0510054033,2.92,h12_v1,2026-05-08 17:00:51.387346
Sousse Sidi Abdelhamid,Sousse,Sousse Sidi Abdelhamid,2025-12-01,2026-05-01,5,707067.5131289157,2.92,h12_v1,2026-05-08 17:00:51.387346
Sousse Sidi Abdelhamid,Sousse,Sousse Sidi Abdelhamid,2025-12-01,2026-06-01,6,707538.3654907325,2.92,h12_v1,2026-05-08 17:00:51.387346
Sousse Sidi Abdelhamid,Sousse,Sousse Sidi Abdelhamid,2025-12-01,2026-07-01,7,707862.4976488638,2.92,h12_v1,2026-05-08 17:00:51.387346
Sousse Sidi Abdelhamid,Sousse,Sousse Sidi Abdelhamid,2025-12-01,2026-08-01,8,705700.6135439291,2.92,h12_v1,2026-05-08 17:00:51.387346
Sousse Sidi Abdelhamid,Sousse,Sousse Sidi Abdelhamid,2025-12-01,2026-09-01,9,713543.7346209267,2.92,h12_v1,2026-05-08 17:00:51.387346
Sousse Sidi Abdelhamid,Sousse,Sousse Sidi Abdelhamid,2025-12-01,2026-10-01,10,713405.203317679,2.92,h12_v1,2026-05-08 17:00:51.387346
Sousse Sidi Abdelhamid,Sousse,Sousse Sidi Abdelhamid,2025-12-01,2026-11-01,11,713811.1044512254,2.92,h12_v1,2026-05-08 17:00:51.387346
Sousse Sidi Abdelhamid,Sousse,Sousse Sidi Abdelhamid,2025-12-01,2026-12-01,12,706086.7997890539,2.92,h12_v1,2026-05-08 17:00:51.387346
Séjoumi,Tunis,Séjoumi,2025-12-01,2026-01-01,1,1564205.0059971863,2.92,h12_v1,2026-05-08 17:00:51.387346
Séjoumi,Tunis,Séjoumi,2025-12-01,2026-02-01,2,1557560.2377444406,2.92,h12_v1,2026-05-08 17:00:51.387346
Séjoumi,Tunis,Séjoumi,2025-12-01,2026-03-01,3,1572497.670210874,2.92,h12_v1,2026-05-08 17:00:51.387346
Séjoumi,Tunis,Séjoumi,2025-12-01,2026-04-01,4,1585207.1207571456,2.92,h12_v1,2026-05-08 17:00:51.387346
Séjoumi,Tunis,Séjoumi,2025-12-01,2026-05-01,5,1574658.215549937,2.92,h12_v1,2026-05-08 17:00:51.387346
Séjoumi,Tunis,Séjoumi,2025-12-01,2026-06-01,6,1586297.00743838,2.92,h12_v1,2026-05-08 17:00:51.387346
Séjoumi,Tunis,Séjoumi,2025-12-01,2026-07-01,7,1565060.3182622704,2.92,h12_v1,2026-05-08 17:00:51.387346
Séjoumi,Tunis,Séjoumi,2025-12-01,2026-08-01,8,1565009.5269969054,2.92,h12_v1,2026-05-08 17:00:51.387346
Séjoumi,Tunis,Séjoumi,2025-12-01,2026-09-01,9,1555691.035044138,2.92,h12_v1,2026-05-08 17:00:51.387346
Séjoumi,Tunis,Séjoumi,2025-12-01,2026-10-01,10,1557275.7816066232,2.92,h12_v1,2026-05-08 17:00:51.387346
Séjoumi,Tunis,Séjoumi,2025-12-01,2026-11-01,11,1561678.480290546,2.92,h12_v1,2026-05-08 17:00:51.387346
Séjoumi,Tunis,Séjoumi,2025-12-01,2026-12-01,12,1549525.544348419,2.92,h12_v1,2026-05-08 17:00:51.387346
Tabarka,Jendouba,Tabarka,2025-12-01,2026-01-01,1,385826.2318055638,2.92,h12_v1,2026-05-08 17:00:51.387346
Tabarka,Jendouba,Tabarka,2025-12-01,2026-02-01,2,386530.8183393114,2.92,h12_v1,2026-05-08 17:00:51.387346
Tabarka,Jendouba,Tabarka,2025-12-01,2026-03-01,3,387926.756411626,2.92,h12_v1,2026-05-08 17:00:51.387346
Tabarka,Jendouba,Tabarka,2025-12-01,2026-04-01,4,387678.89594811393,2.92,h12_v1,2026-05-08 17:00:51.387346
Tabarka,Jendouba,Tabarka,2025-12-01,2026-05-01,5,386952.94319224695,2.92,h12_v1,2026-05-08 17:00:51.387346
Tabarka,Jendouba,Tabarka,2025-12-01,2026-06-01,6,383450.8273328691,2.92,h12_v1,2026-05-08 17:00:51.387346
Tabarka,Jendouba,Tabarka,2025-12-01,2026-07-01,7,382098.2941305097,2.92,h12_v1,2026-05-08 17:00:51.387346
Tabarka,Jendouba,Tabarka,2025-12-01,2026-08-01,8,381955.27944856015,2.92,h12_v1,2026-05-08 17:00:51.387346
Tabarka,Jendouba,Tabarka,2025-12-01,2026-09-01,9,386307.7747939929,2.92,h12_v1,2026-05-08 17:00:51.387346
Tabarka,Jendouba,Tabarka,2025-12-01,2026-10-01,10,385917.7778365393,2.92,h12_v1,2026-05-08 17:00:51.387346
Tabarka,Jendouba,Tabarka,2025-12-01,2026-11-01,11,383606.67723518476,2.92,h12_v1,2026-05-08 17:00:51.387346
Tabarka,Jendouba,Tabarka,2025-12-01,2026-12-01,12,384683.9736842279,2.92,h12_v1,2026-05-08 17:00:51.387346
Tajerouine,Le Kef,Tajerouine,2025-12-01,2026-01-01,1,497701.5789993619,2.92,h12_v1,2026-05-08 17:00:51.387346
Tajerouine,Le Kef,Tajerouine,2025-12-01,2026-02-01,2,497451.3341741719,2.92,h12_v1,2026-05-08 17:00:51.387346
Tajerouine,Le Kef,Tajerouine,2025-12-01,2026-03-01,3,497780.65042829333,2.92,h12_v1,2026-05-08 17:00:51.387346
Tajerouine,Le Kef,Tajerouine,2025-12-01,2026-04-01,4,494590.848110134,2.92,h12_v1,2026-05-08 17:00:51.387346
Tajerouine,Le Kef,Tajerouine,2025-12-01,2026-05-01,5,494450.63312984526,2.92,h12_v1,2026-05-08 17:00:51.387346
Tajerouine,Le Kef,Tajerouine,2025-12-01,2026-06-01,6,493647.8771511445,2.92,h12_v1,2026-05-08 17:00:51.387346
Tajerouine,Le Kef,Tajerouine,2025-12-01,2026-07-01,7,494113.7153776222,2.92,h12_v1,2026-05-08 17:00:51.387346
Tajerouine,Le Kef,Tajerouine,2025-12-01,2026-08-01,8,497416.1336413162,2.92,h12_v1,2026-05-08 17:00:51.387346
Tajerouine,Le Kef,Tajerouine,2025-12-01,2026-09-01,9,495522.6408488066,2.92,h12_v1,2026-05-08 17:00:51.387346
Tajerouine,Le Kef,Tajerouine,2025-12-01,2026-10-01,10,491077.00220449775,2.92,h12_v1,2026-05-08 17:00:51.387346
Tajerouine,Le Kef,Tajerouine,2025-12-01,2026-11-01,11,496068.77909546846,2.92,h12_v1,2026-05-08 17:00:51.387346
Tajerouine,Le Kef,Tajerouine,2025-12-01,2026-12-01,12,495366.4308617991,2.92,h12_v1,2026-05-08 17:00:51.387346
Takelsa,Nabeul,Takelsa,2025-12-01,2026-01-01,1,673479.8300302456,2.92,h12_v1,2026-05-08 17:00:51.387346
Takelsa,Nabeul,Takelsa,2025-12-01,2026-02-01,2,675026.442843346,2.92,h12_v1,2026-05-08 17:00:51.387346
Takelsa,Nabeul,Takelsa,2025-12-01,2026-03-01,3,677257.8634735174,2.92,h12_v1,2026-05-08 17:00:51.387346
Takelsa,Nabeul,Takelsa,2025-12-01,2026-04-01,4,675628.0010260893,2.92,h12_v1,2026-05-08 17:00:51.387346
Takelsa,Nabeul,Takelsa,2025-12-01,2026-05-01,5,674269.7918908333,2.92,h12_v1,2026-05-08 17:00:51.387346
Takelsa,Nabeul,Takelsa,2025-12-01,2026-06-01,6,668210.4397382087,2.92,h12_v1,2026-05-08 17:00:51.387346
Takelsa,Nabeul,Takelsa,2025-12-01,2026-07-01,7,671910.4938446095,2.92,h12_v1,2026-05-08 17:00:51.387346
Takelsa,Nabeul,Takelsa,2025-12-01,2026-08-01,8,671939.4228615954,2.92,h12_v1,2026-05-08 17:00:51.387346
Takelsa,Nabeul,Takelsa,2025-12-01,2026-09-01,9,672047.7693380807,2.92,h12_v1,2026-05-08 17:00:51.387346
Takelsa,Nabeul,Takelsa,2025-12-01,2026-10-01,10,668052.8303179538,2.92,h12_v1,2026-05-08 17:00:51.387346
Takelsa,Nabeul,Takelsa,2025-12-01,2026-11-01,11,671452.2322482567,2.92,h12_v1,2026-05-08 17:00:51.387346
Takelsa,Nabeul,Takelsa,2025-12-01,2026-12-01,12,661403.250922749,2.92,h12_v1,2026-05-08 17:00:51.387346
Tameghza,Tozeur,Tameghza,2025-12-01,2026-01-01,1,465111.6599000993,2.92,h12_v1,2026-05-08 17:00:51.387346
Tameghza,Tozeur,Tameghza,2025-12-01,2026-02-01,2,468928.8172118935,2.92,h12_v1,2026-05-08 17:00:51.387346
Tameghza,Tozeur,Tameghza,2025-12-01,2026-03-01,3,468151.4721971507,2.92,h12_v1,2026-05-08 17:00:51.387346
Tameghza,Tozeur,Tameghza,2025-12-01,2026-04-01,4,465064.31842099933,2.92,h12_v1,2026-05-08 17:00:51.387346
Tameghza,Tozeur,Tameghza,2025-12-01,2026-05-01,5,462914.3827495289,2.92,h12_v1,2026-05-08 17:00:51.387346
Tameghza,Tozeur,Tameghza,2025-12-01,2026-06-01,6,467702.0044133457,2.92,h12_v1,2026-05-08 17:00:51.387346
Tameghza,Tozeur,Tameghza,2025-12-01,2026-07-01,7,466465.14513887506,2.92,h12_v1,2026-05-08 17:00:51.387346
Tameghza,Tozeur,Tameghza,2025-12-01,2026-08-01,8,467419.3183763988,2.92,h12_v1,2026-05-08 17:00:51.387346
Tameghza,Tozeur,Tameghza,2025-12-01,2026-09-01,9,469740.6775822718,2.92,h12_v1,2026-05-08 17:00:51.387346
Tameghza,Tozeur,Tameghza,2025-12-01,2026-10-01,10,466526.7799959172,2.92,h12_v1,2026-05-08 17:00:51.387346
Tameghza,Tozeur,Tameghza,2025-12-01,2026-11-01,11,466846.40583573555,2.92,h12_v1,2026-05-08 17:00:51.387346
Tameghza,Tozeur,Tameghza,2025-12-01,2026-12-01,12,463791.9905497023,2.92,h12_v1,2026-05-08 17:00:51.387346
Tataouine Nord,Tataouine,Tataouine Nord,2025-12-01,2026-01-01,1,412769.1295713174,2.92,h12_v1,2026-05-08 17:00:51.387346
Tataouine Nord,Tataouine,Tataouine Nord,2025-12-01,2026-02-01,2,414830.76278765046,2.92,h12_v1,2026-05-08 17:00:51.387346
Tataouine Nord,Tataouine,Tataouine Nord,2025-12-01,2026-03-01,3,414554.19027833146,2.92,h12_v1,2026-05-08 17:00:51.387346
Tataouine Nord,Tataouine,Tataouine Nord,2025-12-01,2026-04-01,4,412462.60808159807,2.92,h12_v1,2026-05-08 17:00:51.387346
Tataouine Nord,Tataouine,Tataouine Nord,2025-12-01,2026-05-01,5,411471.0588012406,2.92,h12_v1,2026-05-08 17:00:51.387346
Tataouine Nord,Tataouine,Tataouine Nord,2025-12-01,2026-06-01,6,411114.92181061365,2.92,h12_v1,2026-05-08 17:00:51.387346
Tataouine Nord,Tataouine,Tataouine Nord,2025-12-01,2026-07-01,7,410494.84460314387,2.92,h12_v1,2026-05-08 17:00:51.387346
Tataouine Nord,Tataouine,Tataouine Nord,2025-12-01,2026-08-01,8,409610.1514157127,2.92,h12_v1,2026-05-08 17:00:51.387346
Tataouine Nord,Tataouine,Tataouine Nord,2025-12-01,2026-09-01,9,407934.99322135973,2.92,h12_v1,2026-05-08 17:00:51.387346
Tataouine Nord,Tataouine,Tataouine Nord,2025-12-01,2026-10-01,10,408967.32448133826,2.92,h12_v1,2026-05-08 17:00:51.387346
Tataouine Nord,Tataouine,Tataouine Nord,2025-12-01,2026-11-01,11,410575.6579564484,2.92,h12_v1,2026-05-08 17:00:51.387346
Tataouine Nord,Tataouine,Tataouine Nord,2025-12-01,2026-12-01,12,408566.17338317033,2.92,h12_v1,2026-05-08 17:00:51.387346
Tataouine Sud,Tataouine,Tataouine Sud,2025-12-01,2026-01-01,1,320319.46490478923,2.92,h12_v1,2026-05-08 17:00:51.387346
Tataouine Sud,Tataouine,Tataouine Sud,2025-12-01,2026-02-01,2,318712.14641733817,2.92,h12_v1,2026-05-08 17:00:51.387346
Tataouine Sud,Tataouine,Tataouine Sud,2025-12-01,2026-03-01,3,318997.4896183494,2.92,h12_v1,2026-05-08 17:00:51.387346
Tataouine Sud,Tataouine,Tataouine Sud,2025-12-01,2026-04-01,4,321673.3061376941,2.92,h12_v1,2026-05-08 17:00:51.387346
Tataouine Sud,Tataouine,Tataouine Sud,2025-12-01,2026-05-01,5,318252.38170408463,2.92,h12_v1,2026-05-08 17:00:51.387346
Tataouine Sud,Tataouine,Tataouine Sud,2025-12-01,2026-06-01,6,321722.191007156,2.92,h12_v1,2026-05-08 17:00:51.387346
Tataouine Sud,Tataouine,Tataouine Sud,2025-12-01,2026-07-01,7,321350.64642520034,2.92,h12_v1,2026-05-08 17:00:51.387346
Tataouine Sud,Tataouine,Tataouine Sud,2025-12-01,2026-08-01,8,321924.236586849,2.92,h12_v1,2026-05-08 17:00:51.387346
Tataouine Sud,Tataouine,Tataouine Sud,2025-12-01,2026-09-01,9,320692.1561707549,2.92,h12_v1,2026-05-08 17:00:51.387346
Tataouine Sud,Tataouine,Tataouine Sud,2025-12-01,2026-10-01,10,318958.33810519753,2.92,h12_v1,2026-05-08 17:00:51.387346
Tataouine Sud,Tataouine,Tataouine Sud,2025-12-01,2026-11-01,11,318659.5222658657,2.92,h12_v1,2026-05-08 17:00:51.387346
Tataouine Sud,Tataouine,Tataouine Sud,2025-12-01,2026-12-01,12,320502.02442686324,2.92,h12_v1,2026-05-08 17:00:51.387346
Tebourba,La Manouba,Tebourba,2025-12-01,2026-01-01,1,415587.51046995743,2.92,h12_v1,2026-05-08 17:00:51.387346
Tebourba,La Manouba,Tebourba,2025-12-01,2026-02-01,2,416008.4592454136,2.92,h12_v1,2026-05-08 17:00:51.387346
Tebourba,La Manouba,Tebourba,2025-12-01,2026-03-01,3,416170.3141609168,2.92,h12_v1,2026-05-08 17:00:51.387346
Tebourba,La Manouba,Tebourba,2025-12-01,2026-04-01,4,413488.9701341107,2.92,h12_v1,2026-05-08 17:00:51.387346
Tebourba,La Manouba,Tebourba,2025-12-01,2026-05-01,5,414836.0433151467,2.92,h12_v1,2026-05-08 17:00:51.387346
Tebourba,La Manouba,Tebourba,2025-12-01,2026-06-01,6,411634.29501029867,2.92,h12_v1,2026-05-08 17:00:51.387346
Tebourba,La Manouba,Tebourba,2025-12-01,2026-07-01,7,411733.7225789185,2.92,h12_v1,2026-05-08 17:00:51.387346
Tebourba,La Manouba,Tebourba,2025-12-01,2026-08-01,8,409820.3407419137,2.92,h12_v1,2026-05-08 17:00:51.387346
Tebourba,La Manouba,Tebourba,2025-12-01,2026-09-01,9,412516.7218617814,2.92,h12_v1,2026-05-08 17:00:51.387346
Tebourba,La Manouba,Tebourba,2025-12-01,2026-10-01,10,414052.0654624888,2.92,h12_v1,2026-05-08 17:00:51.387346
Tebourba,La Manouba,Tebourba,2025-12-01,2026-11-01,11,414736.9110631645,2.92,h12_v1,2026-05-08 17:00:51.387346
Tebourba,La Manouba,Tebourba,2025-12-01,2026-12-01,12,412921.23670412845,2.92,h12_v1,2026-05-08 17:00:51.387346
Testour,Béja,Testour,2025-12-01,2026-01-01,1,411783.05140812165,2.92,h12_v1,2026-05-08 17:00:51.387346
Testour,Béja,Testour,2025-12-01,2026-02-01,2,413286.7703655,2.92,h12_v1,2026-05-08 17:00:51.387346
Testour,Béja,Testour,2025-12-01,2026-03-01,3,415172.2047908226,2.92,h12_v1,2026-05-08 17:00:51.387346
Testour,Béja,Testour,2025-12-01,2026-04-01,4,410233.6387574922,2.92,h12_v1,2026-05-08 17:00:51.387346
Testour,Béja,Testour,2025-12-01,2026-05-01,5,411717.7042783181,2.92,h12_v1,2026-05-08 17:00:51.387346
Testour,Béja,Testour,2025-12-01,2026-06-01,6,410614.01215707324,2.92,h12_v1,2026-05-08 17:00:51.387346
Testour,Béja,Testour,2025-12-01,2026-07-01,7,414551.70738494187,2.92,h12_v1,2026-05-08 17:00:51.387346
Testour,Béja,Testour,2025-12-01,2026-08-01,8,409700.2077300813,2.92,h12_v1,2026-05-08 17:00:51.387346
Testour,Béja,Testour,2025-12-01,2026-09-01,9,408349.1166522846,2.92,h12_v1,2026-05-08 17:00:51.387346
Testour,Béja,Testour,2025-12-01,2026-10-01,10,411211.8022933075,2.92,h12_v1,2026-05-08 17:00:51.387346
Testour,Béja,Testour,2025-12-01,2026-11-01,11,411381.94426484534,2.92,h12_v1,2026-05-08 17:00:51.387346
Testour,Béja,Testour,2025-12-01,2026-12-01,12,410502.1403864448,2.92,h12_v1,2026-05-08 17:00:51.387346
Thala,Kasserine,Thala,2025-12-01,2026-01-01,1,432771.9623254529,2.92,h12_v1,2026-05-08 17:00:51.387346
Thala,Kasserine,Thala,2025-12-01,2026-02-01,2,433924.827183041,2.92,h12_v1,2026-05-08 17:00:51.387346
Thala,Kasserine,Thala,2025-12-01,2026-03-01,3,435711.26129654865,2.92,h12_v1,2026-05-08 17:00:51.387346
Thala,Kasserine,Thala,2025-12-01,2026-04-01,4,434418.08906765335,2.92,h12_v1,2026-05-08 17:00:51.387346
Thala,Kasserine,Thala,2025-12-01,2026-05-01,5,442274.5941779239,2.92,h12_v1,2026-05-08 17:00:51.387346
Thala,Kasserine,Thala,2025-12-01,2026-06-01,6,434656.02333828283,2.92,h12_v1,2026-05-08 17:00:51.387346
Thala,Kasserine,Thala,2025-12-01,2026-07-01,7,435796.4707877433,2.92,h12_v1,2026-05-08 17:00:51.387346
Thala,Kasserine,Thala,2025-12-01,2026-08-01,8,434855.30758776877,2.92,h12_v1,2026-05-08 17:00:51.387346
Thala,Kasserine,Thala,2025-12-01,2026-09-01,9,434233.2680147721,2.92,h12_v1,2026-05-08 17:00:51.387346
Thala,Kasserine,Thala,2025-12-01,2026-10-01,10,435525.7948715358,2.92,h12_v1,2026-05-08 17:00:51.387346
Thala,Kasserine,Thala,2025-12-01,2026-11-01,11,436549.5671961349,2.92,h12_v1,2026-05-08 17:00:51.387346
Thala,Kasserine,Thala,2025-12-01,2026-12-01,12,438692.00849474786,2.92,h12_v1,2026-05-08 17:00:51.387346
Thibar,Béja,Thibar,2025-12-01,2026-01-01,1,615260.6509087613,2.92,h12_v1,2026-05-08 17:00:51.387346
Thibar,Béja,Thibar,2025-12-01,2026-02-01,2,618090.8772050908,2.92,h12_v1,2026-05-08 17:00:51.387346
Thibar,Béja,Thibar,2025-12-01,2026-03-01,3,610121.1859722473,2.92,h12_v1,2026-05-08 17:00:51.387346
Thibar,Béja,Thibar,2025-12-01,2026-04-01,4,614302.9554638839,2.92,h12_v1,2026-05-08 17:00:51.387346
Thibar,Béja,Thibar,2025-12-01,2026-05-01,5,612783.177414056,2.92,h12_v1,2026-05-08 17:00:51.387346
Thibar,Béja,Thibar,2025-12-01,2026-06-01,6,615263.0923601498,2.92,h12_v1,2026-05-08 17:00:51.387346
Thibar,Béja,Thibar,2025-12-01,2026-07-01,7,610609.9490784945,2.92,h12_v1,2026-05-08 17:00:51.387346
Thibar,Béja,Thibar,2025-12-01,2026-08-01,8,611190.2413210091,2.92,h12_v1,2026-05-08 17:00:51.387346
Thibar,Béja,Thibar,2025-12-01,2026-09-01,9,610188.4056645437,2.92,h12_v1,2026-05-08 17:00:51.387346
Thibar,Béja,Thibar,2025-12-01,2026-10-01,10,608473.7688922711,2.92,h12_v1,2026-05-08 17:00:51.387346
Thibar,Béja,Thibar,2025-12-01,2026-11-01,11,612031.4345303932,2.92,h12_v1,2026-05-08 17:00:51.387346
Thibar,Béja,Thibar,2025-12-01,2026-12-01,12,612861.9685486587,2.92,h12_v1,2026-05-08 17:00:51.387346
Thyna,Sfax,Thyna,2025-12-01,2026-01-01,1,676327.7729320534,2.92,h12_v1,2026-05-08 17:00:51.387346
Thyna,Sfax,Thyna,2025-12-01,2026-02-01,2,678907.7803605471,2.92,h12_v1,2026-05-08 17:00:51.387346
Thyna,Sfax,Thyna,2025-12-01,2026-03-01,3,687062.0938386576,2.92,h12_v1,2026-05-08 17:00:51.387346
Thyna,Sfax,Thyna,2025-12-01,2026-04-01,4,688934.748335045,2.92,h12_v1,2026-05-08 17:00:51.387346
Thyna,Sfax,Thyna,2025-12-01,2026-05-01,5,679770.2561186441,2.92,h12_v1,2026-05-08 17:00:51.387346
Thyna,Sfax,Thyna,2025-12-01,2026-06-01,6,680588.1782582278,2.92,h12_v1,2026-05-08 17:00:51.387346
Thyna,Sfax,Thyna,2025-12-01,2026-07-01,7,681264.7932460832,2.92,h12_v1,2026-05-08 17:00:51.387346
Thyna,Sfax,Thyna,2025-12-01,2026-08-01,8,680659.0554267942,2.92,h12_v1,2026-05-08 17:00:51.387346
Thyna,Sfax,Thyna,2025-12-01,2026-09-01,9,680802.0430013515,2.92,h12_v1,2026-05-08 17:00:51.387346
Thyna,Sfax,Thyna,2025-12-01,2026-10-01,10,679998.432665503,2.92,h12_v1,2026-05-08 17:00:51.387346
Thyna,Sfax,Thyna,2025-12-01,2026-11-01,11,684386.4709175096,2.92,h12_v1,2026-05-08 17:00:51.387346
Thyna,Sfax,Thyna,2025-12-01,2026-12-01,12,676864.0602592701,2.92,h12_v1,2026-05-08 17:00:51.387346
Tinja,Bizerte,Tinja,2025-12-01,2026-01-01,1,578860.5673177793,2.92,h12_v1,2026-05-08 17:00:51.387346
Tinja,Bizerte,Tinja,2025-12-01,2026-02-01,2,584735.2203288263,2.92,h12_v1,2026-05-08 17:00:51.387346
Tinja,Bizerte,Tinja,2025-12-01,2026-03-01,3,580064.2030077667,2.92,h12_v1,2026-05-08 17:00:51.387346
Tinja,Bizerte,Tinja,2025-12-01,2026-04-01,4,580127.8758417574,2.92,h12_v1,2026-05-08 17:00:51.387346
Tinja,Bizerte,Tinja,2025-12-01,2026-05-01,5,581160.4867449518,2.92,h12_v1,2026-05-08 17:00:51.387346
Tinja,Bizerte,Tinja,2025-12-01,2026-06-01,6,584805.1636060452,2.92,h12_v1,2026-05-08 17:00:51.387346
Tinja,Bizerte,Tinja,2025-12-01,2026-07-01,7,578124.7834995115,2.92,h12_v1,2026-05-08 17:00:51.387346
Tinja,Bizerte,Tinja,2025-12-01,2026-08-01,8,579120.539553425,2.92,h12_v1,2026-05-08 17:00:51.387346
Tinja,Bizerte,Tinja,2025-12-01,2026-09-01,9,579379.5272670583,2.92,h12_v1,2026-05-08 17:00:51.387346
Tinja,Bizerte,Tinja,2025-12-01,2026-10-01,10,579284.2685129362,2.92,h12_v1,2026-05-08 17:00:51.387346
Tinja,Bizerte,Tinja,2025-12-01,2026-11-01,11,579162.177813159,2.92,h12_v1,2026-05-08 17:00:51.387346
Tinja,Bizerte,Tinja,2025-12-01,2026-12-01,12,575447.5027896328,2.92,h12_v1,2026-05-08 17:00:51.387346
Touiref,Le Kef,Touiref,2025-12-01,2026-01-01,1,545532.4610805756,2.92,h12_v1,2026-05-08 17:00:51.400623
Touiref,Le Kef,Touiref,2025-12-01,2026-02-01,2,541124.4207083497,2.92,h12_v1,2026-05-08 17:00:51.400623
Touiref,Le Kef,Touiref,2025-12-01,2026-03-01,3,545675.2110993152,2.92,h12_v1,2026-05-08 17:00:51.400623
Touiref,Le Kef,Touiref,2025-12-01,2026-04-01,4,545525.9236076792,2.92,h12_v1,2026-05-08 17:00:51.400623
Touiref,Le Kef,Touiref,2025-12-01,2026-05-01,5,546074.3522735086,2.92,h12_v1,2026-05-08 17:00:51.400623
Touiref,Le Kef,Touiref,2025-12-01,2026-06-01,6,543754.2816095381,2.92,h12_v1,2026-05-08 17:00:51.400623
Touiref,Le Kef,Touiref,2025-12-01,2026-07-01,7,548070.3167279932,2.92,h12_v1,2026-05-08 17:00:51.400623
Touiref,Le Kef,Touiref,2025-12-01,2026-08-01,8,543736.9964424121,2.92,h12_v1,2026-05-08 17:00:51.400623
Touiref,Le Kef,Touiref,2025-12-01,2026-09-01,9,550317.5900051893,2.92,h12_v1,2026-05-08 17:00:51.400623
Touiref,Le Kef,Touiref,2025-12-01,2026-10-01,10,543917.3158315027,2.92,h12_v1,2026-05-08 17:00:51.400623
Touiref,Le Kef,Touiref,2025-12-01,2026-11-01,11,543941.2893554971,2.92,h12_v1,2026-05-08 17:00:51.400623
Touiref,Le Kef,Touiref,2025-12-01,2026-12-01,12,542882.1995152623,2.92,h12_v1,2026-05-08 17:00:51.400623
Toujane,Gabès,Toujane,2025-12-01,2026-01-01,1,740337.930425132,2.92,h12_v1,2026-05-08 17:00:51.400623
Toujane,Gabès,Toujane,2025-12-01,2026-02-01,2,741564.5258621533,2.92,h12_v1,2026-05-08 17:00:51.400623
Toujane,Gabès,Toujane,2025-12-01,2026-03-01,3,738981.2479154984,2.92,h12_v1,2026-05-08 17:00:51.400623
Toujane,Gabès,Toujane,2025-12-01,2026-04-01,4,742733.0483088044,2.92,h12_v1,2026-05-08 17:00:51.400623
Toujane,Gabès,Toujane,2025-12-01,2026-05-01,5,743551.7705988364,2.92,h12_v1,2026-05-08 17:00:51.400623
Toujane,Gabès,Toujane,2025-12-01,2026-06-01,6,742070.6891253454,2.92,h12_v1,2026-05-08 17:00:51.400623
Toujane,Gabès,Toujane,2025-12-01,2026-07-01,7,739219.9082614818,2.92,h12_v1,2026-05-08 17:00:51.400623
Toujane,Gabès,Toujane,2025-12-01,2026-08-01,8,739880.8706467553,2.92,h12_v1,2026-05-08 17:00:51.400623
Toujane,Gabès,Toujane,2025-12-01,2026-09-01,9,742327.1819513045,2.92,h12_v1,2026-05-08 17:00:51.400623
Toujane,Gabès,Toujane,2025-12-01,2026-10-01,10,743372.0975423949,2.92,h12_v1,2026-05-08 17:00:51.400623
Toujane,Gabès,Toujane,2025-12-01,2026-11-01,11,739648.0792544242,2.92,h12_v1,2026-05-08 17:00:51.400623
Toujane,Gabès,Toujane,2025-12-01,2026-12-01,12,743985.0780320483,2.92,h12_v1,2026-05-08 17:00:51.400623
Tozeur,Tozeur,Tozeur,2025-12-01,2026-01-01,1,414220.2703535994,2.92,h12_v1,2026-05-08 17:00:51.400623
Tozeur,Tozeur,Tozeur,2025-12-01,2026-02-01,2,411263.95099289296,2.92,h12_v1,2026-05-08 17:00:51.400623
Tozeur,Tozeur,Tozeur,2025-12-01,2026-03-01,3,410169.883032473,2.92,h12_v1,2026-05-08 17:00:51.400623
Tozeur,Tozeur,Tozeur,2025-12-01,2026-04-01,4,409247.70771024487,2.92,h12_v1,2026-05-08 17:00:51.400623
Tozeur,Tozeur,Tozeur,2025-12-01,2026-05-01,5,410964.2246874504,2.92,h12_v1,2026-05-08 17:00:51.400623
Tozeur,Tozeur,Tozeur,2025-12-01,2026-06-01,6,413518.1464156774,2.92,h12_v1,2026-05-08 17:00:51.400623
Tozeur,Tozeur,Tozeur,2025-12-01,2026-07-01,7,410160.1865948579,2.92,h12_v1,2026-05-08 17:00:51.400623
Tozeur,Tozeur,Tozeur,2025-12-01,2026-08-01,8,412501.94064731663,2.92,h12_v1,2026-05-08 17:00:51.400623
Tozeur,Tozeur,Tozeur,2025-12-01,2026-09-01,9,412192.0315748397,2.92,h12_v1,2026-05-08 17:00:51.400623
Tozeur,Tozeur,Tozeur,2025-12-01,2026-10-01,10,410327.7910689915,2.92,h12_v1,2026-05-08 17:00:51.400623
Tozeur,Tozeur,Tozeur,2025-12-01,2026-11-01,11,411902.79324712674,2.92,h12_v1,2026-05-08 17:00:51.400623
Tozeur,Tozeur,Tozeur,2025-12-01,2026-12-01,12,414520.11007342703,2.92,h12_v1,2026-05-08 17:00:51.400623
Téboulba,Monastir,Téboulba,2025-12-01,2026-01-01,1,553518.8724829737,2.92,h12_v1,2026-05-08 17:00:51.400623
Téboulba,Monastir,Téboulba,2025-12-01,2026-02-01,2,554148.924804623,2.92,h12_v1,2026-05-08 17:00:51.400623
Téboulba,Monastir,Téboulba,2025-12-01,2026-03-01,3,555350.4433569108,2.92,h12_v1,2026-05-08 17:00:51.400623
Téboulba,Monastir,Téboulba,2025-12-01,2026-04-01,4,556153.5101947897,2.92,h12_v1,2026-05-08 17:00:51.400623
Téboulba,Monastir,Téboulba,2025-12-01,2026-05-01,5,557535.1125031946,2.92,h12_v1,2026-05-08 17:00:51.400623
Téboulba,Monastir,Téboulba,2025-12-01,2026-06-01,6,564885.317737136,2.92,h12_v1,2026-05-08 17:00:51.400623
Téboulba,Monastir,Téboulba,2025-12-01,2026-07-01,7,553608.4619601548,2.92,h12_v1,2026-05-08 17:00:51.400623
Téboulba,Monastir,Téboulba,2025-12-01,2026-08-01,8,555585.8786041251,2.92,h12_v1,2026-05-08 17:00:51.400623
Téboulba,Monastir,Téboulba,2025-12-01,2026-09-01,9,556943.693561646,2.92,h12_v1,2026-05-08 17:00:51.400623
Téboulba,Monastir,Téboulba,2025-12-01,2026-10-01,10,556108.9331663643,2.92,h12_v1,2026-05-08 17:00:51.400623
Téboulba,Monastir,Téboulba,2025-12-01,2026-11-01,11,557719.3628297724,2.92,h12_v1,2026-05-08 17:00:51.400623
Téboulba,Monastir,Téboulba,2025-12-01,2026-12-01,12,562259.257337969,2.92,h12_v1,2026-05-08 17:00:51.400623
Téboursouk,Béja,Téboursouk,2025-12-01,2026-01-01,1,477596.5319402449,2.92,h12_v1,2026-05-08 17:00:51.400623
Téboursouk,Béja,Téboursouk,2025-12-01,2026-02-01,2,475027.0931235189,2.92,h12_v1,2026-05-08 17:00:51.400623
Téboursouk,Béja,Téboursouk,2025-12-01,2026-03-01,3,473591.4243515558,2.92,h12_v1,2026-05-08 17:00:51.400623
Téboursouk,Béja,Téboursouk,2025-12-01,2026-04-01,4,476758.21062463766,2.92,h12_v1,2026-05-08 17:00:51.400623
Téboursouk,Béja,Téboursouk,2025-12-01,2026-05-01,5,476379.66498603,2.92,h12_v1,2026-05-08 17:00:51.400623
Téboursouk,Béja,Téboursouk,2025-12-01,2026-06-01,6,475812.9218953932,2.92,h12_v1,2026-05-08 17:00:51.400623
Téboursouk,Béja,Téboursouk,2025-12-01,2026-07-01,7,477466.44149732887,2.92,h12_v1,2026-05-08 17:00:51.400623
Téboursouk,Béja,Téboursouk,2025-12-01,2026-08-01,8,477266.0672687271,2.92,h12_v1,2026-05-08 17:00:51.400623
Téboursouk,Béja,Téboursouk,2025-12-01,2026-09-01,9,476191.8440484131,2.92,h12_v1,2026-05-08 17:00:51.400623
Téboursouk,Béja,Téboursouk,2025-12-01,2026-10-01,10,481717.91895326425,2.92,h12_v1,2026-05-08 17:00:51.400623
Téboursouk,Béja,Téboursouk,2025-12-01,2026-11-01,11,473920.02270434884,2.92,h12_v1,2026-05-08 17:00:51.400623
Téboursouk,Béja,Téboursouk,2025-12-01,2026-12-01,12,480889.8085092756,2.92,h12_v1,2026-05-08 17:00:51.400623
Utique,Bizerte,Utique,2025-12-01,2026-01-01,1,533569.3336134888,2.92,h12_v1,2026-05-08 17:00:51.400623
Utique,Bizerte,Utique,2025-12-01,2026-02-01,2,531256.2157474892,2.92,h12_v1,2026-05-08 17:00:51.400623
Utique,Bizerte,Utique,2025-12-01,2026-03-01,3,529561.226779286,2.92,h12_v1,2026-05-08 17:00:51.400623
Utique,Bizerte,Utique,2025-12-01,2026-04-01,4,533982.1214013998,2.92,h12_v1,2026-05-08 17:00:51.400623
Utique,Bizerte,Utique,2025-12-01,2026-05-01,5,533556.0626718602,2.92,h12_v1,2026-05-08 17:00:51.400623
Utique,Bizerte,Utique,2025-12-01,2026-06-01,6,534288.291463329,2.92,h12_v1,2026-05-08 17:00:51.400623
Utique,Bizerte,Utique,2025-12-01,2026-07-01,7,537983.1079646935,2.92,h12_v1,2026-05-08 17:00:51.400623
Utique,Bizerte,Utique,2025-12-01,2026-08-01,8,534314.5177378866,2.92,h12_v1,2026-05-08 17:00:51.400623
Utique,Bizerte,Utique,2025-12-01,2026-09-01,9,537666.1717271456,2.92,h12_v1,2026-05-08 17:00:51.400623
Utique,Bizerte,Utique,2025-12-01,2026-10-01,10,530296.2144772302,2.92,h12_v1,2026-05-08 17:00:51.400623
Utique,Bizerte,Utique,2025-12-01,2026-11-01,11,531657.5762768668,2.92,h12_v1,2026-05-08 17:00:51.400623
Utique,Bizerte,Utique,2025-12-01,2026-12-01,12,530750.6609099575,2.92,h12_v1,2026-05-08 17:00:51.400623
Zaghouan,Zaghouan,Zaghouan,2025-12-01,2026-01-01,1,464802.1080408719,2.92,h12_v1,2026-05-08 17:00:51.400623
Zaghouan,Zaghouan,Zaghouan,2025-12-01,2026-02-01,2,470793.19886736094,2.92,h12_v1,2026-05-08 17:00:51.400623
Zaghouan,Zaghouan,Zaghouan,2025-12-01,2026-03-01,3,471650.3569860035,2.92,h12_v1,2026-05-08 17:00:51.400623
Zaghouan,Zaghouan,Zaghouan,2025-12-01,2026-04-01,4,470017.23943823675,2.92,h12_v1,2026-05-08 17:00:51.400623
Zaghouan,Zaghouan,Zaghouan,2025-12-01,2026-05-01,5,468490.02094048244,2.92,h12_v1,2026-05-08 17:00:51.400623
Zaghouan,Zaghouan,Zaghouan,2025-12-01,2026-06-01,6,471949.3076141703,2.92,h12_v1,2026-05-08 17:00:51.400623
Zaghouan,Zaghouan,Zaghouan,2025-12-01,2026-07-01,7,468543.26205951814,2.92,h12_v1,2026-05-08 17:00:51.400623
Zaghouan,Zaghouan,Zaghouan,2025-12-01,2026-08-01,8,462680.3023184682,2.92,h12_v1,2026-05-08 17:00:51.400623
Zaghouan,Zaghouan,Zaghouan,2025-12-01,2026-09-01,9,471648.6916786405,2.92,h12_v1,2026-05-08 17:00:51.400623
Zaghouan,Zaghouan,Zaghouan,2025-12-01,2026-10-01,10,469280.17790099396,2.92,h12_v1,2026-05-08 17:00:51.400623
Zaghouan,Zaghouan,Zaghouan,2025-12-01,2026-11-01,11,473762.05866303825,2.92,h12_v1,2026-05-08 17:00:51.400623
Zaghouan,Zaghouan,Zaghouan,2025-12-01,2026-12-01,12,471329.4427770023,2.92,h12_v1,2026-05-08 17:00:51.400623
Zannouch,Gafsa,Zannouch,2025-12-01,2026-01-01,1,436272.5406389552,2.92,h12_v1,2026-05-08 17:00:51.400623
Zannouch,Gafsa,Zannouch,2025-12-01,2026-02-01,2,439273.7221159037,2.92,h12_v1,2026-05-08 17:00:51.400623
Zannouch,Gafsa,Zannouch,2025-12-01,2026-03-01,3,440900.2153087824,2.92,h12_v1,2026-05-08 17:00:51.400623
Zannouch,Gafsa,Zannouch,2025-12-01,2026-04-01,4,444833.2439241545,2.92,h12_v1,2026-05-08 17:00:51.400623
Zannouch,Gafsa,Zannouch,2025-12-01,2026-05-01,5,434942.6171575248,2.92,h12_v1,2026-05-08 17:00:51.400623
Zannouch,Gafsa,Zannouch,2025-12-01,2026-06-01,6,436121.2584133033,2.92,h12_v1,2026-05-08 17:00:51.400623
Zannouch,Gafsa,Zannouch,2025-12-01,2026-07-01,7,436030.00643171056,2.92,h12_v1,2026-05-08 17:00:51.400623
Zannouch,Gafsa,Zannouch,2025-12-01,2026-08-01,8,436525.45768948545,2.92,h12_v1,2026-05-08 17:00:51.400623
Zannouch,Gafsa,Zannouch,2025-12-01,2026-09-01,9,437690.06468101864,2.92,h12_v1,2026-05-08 17:00:51.400623
Zannouch,Gafsa,Zannouch,2025-12-01,2026-10-01,10,439929.5933207563,2.92,h12_v1,2026-05-08 17:00:51.400623
Zannouch,Gafsa,Zannouch,2025-12-01,2026-11-01,11,441628.894811197,2.92,h12_v1,2026-05-08 17:00:51.400623
Zannouch,Gafsa,Zannouch,2025-12-01,2026-12-01,12,439745.2300024213,2.92,h12_v1,2026-05-08 17:00:51.400623
Zaouiet Ksibet Thrayet,Sousse,Zaouiet Ksibet Thrayet,2025-12-01,2026-01-01,1,669901.1890567285,2.92,h12_v1,2026-05-08 17:00:51.400623
Zaouiet Ksibet Thrayet,Sousse,Zaouiet Ksibet Thrayet,2025-12-01,2026-02-01,2,671603.0324540774,2.92,h12_v1,2026-05-08 17:00:51.400623
Zaouiet Ksibet Thrayet,Sousse,Zaouiet Ksibet Thrayet,2025-12-01,2026-03-01,3,672833.8201213286,2.92,h12_v1,2026-05-08 17:00:51.400623
Zaouiet Ksibet Thrayet,Sousse,Zaouiet Ksibet Thrayet,2025-12-01,2026-04-01,4,672976.536679054,2.92,h12_v1,2026-05-08 17:00:51.405313
Zaouiet Ksibet Thrayet,Sousse,Zaouiet Ksibet Thrayet,2025-12-01,2026-05-01,5,666369.6603057788,2.92,h12_v1,2026-05-08 17:00:51.405313
Zaouiet Ksibet Thrayet,Sousse,Zaouiet Ksibet Thrayet,2025-12-01,2026-06-01,6,672481.5159486248,2.92,h12_v1,2026-05-08 17:00:51.405313
Zaouiet Ksibet Thrayet,Sousse,Zaouiet Ksibet Thrayet,2025-12-01,2026-07-01,7,664870.2182125137,2.92,h12_v1,2026-05-08 17:00:51.405313
Zaouiet Ksibet Thrayet,Sousse,Zaouiet Ksibet Thrayet,2025-12-01,2026-08-01,8,669723.9367350842,2.92,h12_v1,2026-05-08 17:00:51.405313
Zaouiet Ksibet Thrayet,Sousse,Zaouiet Ksibet Thrayet,2025-12-01,2026-09-01,9,667481.837001087,2.92,h12_v1,2026-05-08 17:00:51.405313
Zaouiet Ksibet Thrayet,Sousse,Zaouiet Ksibet Thrayet,2025-12-01,2026-10-01,10,671826.5463847591,2.92,h12_v1,2026-05-08 17:00:51.405313
Zaouiet Ksibet Thrayet,Sousse,Zaouiet Ksibet Thrayet,2025-12-01,2026-11-01,11,665436.1350141196,2.92,h12_v1,2026-05-08 17:00:51.405313
Zaouiet Ksibet Thrayet,Sousse,Zaouiet Ksibet Thrayet,2025-12-01,2026-12-01,12,667095.1932604113,2.92,h12_v1,2026-05-08 17:00:51.405313
Zarzis,Médenine,Zarzis,2025-12-01,2026-01-01,1,326853.7752415328,2.92,h12_v1,2026-05-08 17:00:51.405313
Zarzis,Médenine,Zarzis,2025-12-01,2026-02-01,2,325772.7756836013,2.92,h12_v1,2026-05-08 17:00:51.405313
Zarzis,Médenine,Zarzis,2025-12-01,2026-03-01,3,324496.2290055639,2.92,h12_v1,2026-05-08 17:00:51.405313
Zarzis,Médenine,Zarzis,2025-12-01,2026-04-01,4,325748.11260878487,2.92,h12_v1,2026-05-08 17:00:51.405313
Zarzis,Médenine,Zarzis,2025-12-01,2026-05-01,5,326740.0642001401,2.92,h12_v1,2026-05-08 17:00:51.405313
Zarzis,Médenine,Zarzis,2025-12-01,2026-06-01,6,325922.2075570116,2.92,h12_v1,2026-05-08 17:00:51.405313
Zarzis,Médenine,Zarzis,2025-12-01,2026-07-01,7,324949.9172186423,2.92,h12_v1,2026-05-08 17:00:51.405313
Zarzis,Médenine,Zarzis,2025-12-01,2026-08-01,8,326959.42499925,2.92,h12_v1,2026-05-08 17:00:51.405313
Zarzis,Médenine,Zarzis,2025-12-01,2026-09-01,9,326773.6557104142,2.92,h12_v1,2026-05-08 17:00:51.405313
Zarzis,Médenine,Zarzis,2025-12-01,2026-10-01,10,326763.1797034701,2.92,h12_v1,2026-05-08 17:00:51.405313
Zarzis,Médenine,Zarzis,2025-12-01,2026-11-01,11,325457.6959840341,2.92,h12_v1,2026-05-08 17:00:51.405313
Zarzis,Médenine,Zarzis,2025-12-01,2026-12-01,12,324501.7290523072,2.92,h12_v1,2026-05-08 17:00:51.405313
Zarzouna,Bizerte,Zarzouna,2025-12-01,2026-01-01,1,870412.494069631,2.92,h12_v1,2026-05-08 17:00:51.405313
Zarzouna,Bizerte,Zarzouna,2025-12-01,2026-02-01,2,872655.1704787072,2.92,h12_v1,2026-05-08 17:00:51.405313
Zarzouna,Bizerte,Zarzouna,2025-12-01,2026-03-01,3,864331.7743234421,2.92,h12_v1,2026-05-08 17:00:51.405313
Zarzouna,Bizerte,Zarzouna,2025-12-01,2026-04-01,4,869864.8749438751,2.92,h12_v1,2026-05-08 17:00:51.405313
Zarzouna,Bizerte,Zarzouna,2025-12-01,2026-05-01,5,874746.3190857336,2.92,h12_v1,2026-05-08 17:00:51.405313
Zarzouna,Bizerte,Zarzouna,2025-12-01,2026-06-01,6,870085.8957169923,2.92,h12_v1,2026-05-08 17:00:51.405313
Zarzouna,Bizerte,Zarzouna,2025-12-01,2026-07-01,7,860850.5006644572,2.92,h12_v1,2026-05-08 17:00:51.405313
Zarzouna,Bizerte,Zarzouna,2025-12-01,2026-08-01,8,867239.225760126,2.92,h12_v1,2026-05-08 17:00:51.405313
Zarzouna,Bizerte,Zarzouna,2025-12-01,2026-09-01,9,879695.3671155389,2.92,h12_v1,2026-05-08 17:00:51.405313
Zarzouna,Bizerte,Zarzouna,2025-12-01,2026-10-01,10,869628.1902061158,2.92,h12_v1,2026-05-08 17:00:51.405313
Zarzouna,Bizerte,Zarzouna,2025-12-01,2026-11-01,11,870619.0114187126,2.92,h12_v1,2026-05-08 17:00:51.405313
Zarzouna,Bizerte,Zarzouna,2025-12-01,2026-12-01,12,870616.2030840231,2.92,h12_v1,2026-05-08 17:00:51.405313
Zriba,Zaghouan,Zriba,2025-12-01,2026-01-01,1,389162.7773796281,2.92,h12_v1,2026-05-08 17:00:51.405313
Zriba,Zaghouan,Zriba,2025-12-01,2026-02-01,2,389632.9108995353,2.92,h12_v1,2026-05-08 17:00:51.405313
Zriba,Zaghouan,Zriba,2025-12-01,2026-03-01,3,390126.52804435545,2.92,h12_v1,2026-05-08 17:00:51.405313
Zriba,Zaghouan,Zriba,2025-12-01,2026-04-01,4,387912.87995684997,2.92,h12_v1,2026-05-08 17:00:51.405313
Zriba,Zaghouan,Zriba,2025-12-01,2026-05-01,5,391070.43409026705,2.92,h12_v1,2026-05-08 17:00:51.405313
Zriba,Zaghouan,Zriba,2025-12-01,2026-06-01,6,390841.9592044396,2.92,h12_v1,2026-05-08 17:00:51.405313
Zriba,Zaghouan,Zriba,2025-12-01,2026-07-01,7,390880.90733693604,2.92,h12_v1,2026-05-08 17:00:51.405313
Zriba,Zaghouan,Zriba,2025-12-01,2026-08-01,8,386311.0387488134,2.92,h12_v1,2026-05-08 17:00:51.405313
Zriba,Zaghouan,Zriba,2025-12-01,2026-09-01,9,391060.78353872313,2.92,h12_v1,2026-05-08 17:00:51.405313
Zriba,Zaghouan,Zriba,2025-12-01,2026-10-01,10,387261.7478997054,2.92,h12_v1,2026-05-08 17:00:51.405313
Zriba,Zaghouan,Zriba,2025-12-01,2026-11-01,11,389535.61525480135,2.92,h12_v1,2026-05-08 17:00:51.405313
Zriba,Zaghouan,Zriba,2025-12-01,2026-12-01,12,388360.7452228446,2.92,h12_v1,2026-05-08 17:00:51.405313
Zéramdine,Monastir,Zéramdine,2025-12-01,2026-01-01,1,627324.639769381,2.92,h12_v1,2026-05-08 17:00:51.405313
Zéramdine,Monastir,Zéramdine,2025-12-01,2026-02-01,2,631431.148779176,2.92,h12_v1,2026-05-08 17:00:51.405313
Zéramdine,Monastir,Zéramdine,2025-12-01,2026-03-01,3,629561.2111292706,2.92,h12_v1,2026-05-08 17:00:51.405313
Zéramdine,Monastir,Zéramdine,2025-12-01,2026-04-01,4,630863.3608279573,2.92,h12_v1,2026-05-08 17:00:51.405313
Zéramdine,Monastir,Zéramdine,2025-12-01,2026-05-01,5,630528.501059354,2.92,h12_v1,2026-05-08 17:00:51.405313
Zéramdine,Monastir,Zéramdine,2025-12-01,2026-06-01,6,621709.0921782362,2.92,h12_v1,2026-05-08 17:00:51.405313
Zéramdine,Monastir,Zéramdine,2025-12-01,2026-07-01,7,625706.2842882298,2.92,h12_v1,2026-05-08 17:00:51.405313
Zéramdine,Monastir,Zéramdine,2025-12-01,2026-08-01,8,634519.2931903438,2.92,h12_v1,2026-05-08 17:00:51.405313
Zéramdine,Monastir,Zéramdine,2025-12-01,2026-09-01,9,628495.0450690507,2.92,h12_v1,2026-05-08 17:00:51.405313
Zéramdine,Monastir,Zéramdine,2025-12-01,2026-10-01,10,630882.8205725774,2.92,h12_v1,2026-05-08 17:00:51.405313
Zéramdine,Monastir,Zéramdine,2025-12-01,2026-11-01,11,633095.9884805359,2.92,h12_v1,2026-05-08 17:00:51.405313
Zéramdine,Monastir,Zéramdine,2025-12-01,2026-12-01,12,630783.5375387558,2.92,h12_v1,2026-05-08 17:00:51.405313
